restaurant_id,restaurant_name,dish_name,dish_desc,price,num_purchases,num_likes,num_dislikes,restaurant_district,restaurant_city,restaurant_rating,num_ratings,restaurant_type,city_id,Latitude,Longitude,avg_price
4740,GUTA CAFE - 107H Trương Định,Bánh mì que pate chà bông,Bánh Mì Que Pate Chà Bông sự kết hợp của pate thơm ngon và chà bông đậm đà,7000,0,0,0,Quận 3,Thành phố Hồ Chí Minh,4.8,59,Cà Phê/Trà,189,10.778679847717285,106.6885986328125,45000
4740,GUTA CAFE - 107H Trương Định,Matcha Chanh Dây,,35000,0,0,0,Quận 3,Thành phố Hồ Chí Minh,4.8,59,Cà Phê/Trà,189,10.778679847717285,106.6885986328125,45000
4740,GUTA CAFE - 107H Trương Định,Matcha Phúc Bồn Tử,,35000,1,0,0,Quận 3,Thành phố Hồ Chí Minh,4.8,59,Cà Phê/Trà,189,10.778679847717285,106.6885986328125,45000
4740,GUTA CAFE - 107H Trương Định,Ô Long sữa Matcha,,35000,0,0,0,Quận 3,Thành phố Hồ Chí Minh,4.8,59,Cà Phê/Trà,189,10.778679847717285,106.6885986328125,45000
4740,GUTA CAFE - 107H Trương Định,Matcha Latte,,35000,2,0,0,Quận 3,Thành phố Hồ Chí Minh,4.8,59,Cà Phê/Trà,189,10.778679847717285,106.6885986328125,45000
4740,GUTA CAFE - 107H Trương Định,Cà phê đen đá,"Một ly cà phê đen đá đậm đà, mạnh mẽ và độc đáo, món đặt trưng tại Guta ",20000,10,0,0,Quận 3,Thành phố Hồ Chí Minh,4.8,59,Cà Phê/Trà,189,10.778679847717285,106.6885986328125,45000
4740,GUTA CAFE - 107H Trương Định,Cà phê sữa đá,Sản phẩm kết hợp hương vị đắng của cà phê Robusta và Arabica với sự ngọt ngào của sữa.,20000,41,0,0,Quận 3,Thành phố Hồ Chí Minh,4.8,59,Cà Phê/Trà,189,10.778679847717285,106.6885986328125,45000
4740,GUTA CAFE - 107H Trương Định,Bạc xĩu,"Bạc xĩu tại Guta kết hợp vị ngọt ngào và xíu đắng của cà phê cùng thạch cà phê nhỏ dai, mang lại trải nghiệm thú vị",25000,35,1,0,Quận 3,Thành phố Hồ Chí Minh,4.8,59,Cà Phê/Trà,189,10.778679847717285,106.6885986328125,45000
4740,GUTA CAFE - 107H Trương Định,Americano,"Americano đá có hương vị cà phê loãng, mát lạnh, phù hợp cho người yêu thích cà phê lạnh không quá mạnh ",29000,1,0,0,Quận 3,Thành phố Hồ Chí Minh,4.8,59,Cà Phê/Trà,189,10.778679847717285,106.6885986328125,45000
4740,GUTA CAFE - 107H Trương Định,Cafe latte,"Cafe latte có vị đắng nhẹ và hương thơm của espresso nhẹ nhàng, phần sữa thơm béo ngậy và ngọt dịu",40000,8,0,0,Quận 3,Thành phố Hồ Chí Minh,4.8,59,Cà Phê/Trà,189,10.778679847717285,106.6885986328125,45000
4740,GUTA CAFE - 107H Trương Định,Cappuccino,"Ly cappuccino đá với cafe espresso đậm đà, sữa bọt mịn và đá lạnh, tạo nên một thức uống tinh tế, thơm dịu",35000,0,0,0,Quận 3,Thành phố Hồ Chí Minh,4.8,59,Cà Phê/Trà,189,10.778679847717285,106.6885986328125,45000
4740,GUTA CAFE - 107H Trương Định,Hot Americano,"Americano nóng là cà phê loãng nhẹ nhàng hơn, thích hợp để bạn cảm thấy tỉnh táo và ấm áp trong ngày lạnh",29000,0,0,0,Quận 3,Thành phố Hồ Chí Minh,4.8,59,Cà Phê/Trà,189,10.778679847717285,106.6885986328125,45000
4740,GUTA CAFE - 107H Trương Định,Cà phê sữa nóng,Sự kết hợp hài hòa giữa cafe đắng và vị ngọt của sữa với phiên bản ấm áp và đầy năng lượng.,20000,4,0,0,Quận 3,Thành phố Hồ Chí Minh,4.8,59,Cà Phê/Trà,189,10.778679847717285,106.6885986328125,45000
4740,GUTA CAFE - 107H Trương Định,Cà phê đen nóng,"Cafe đen nóng, với vị đắng đậm đà của cafe tự nhiên, giúp bạn tỉnh táo và sẵn sàng cho mọi thử thách",20000,0,0,0,Quận 3,Thành phố Hồ Chí Minh,4.8,59,Cà Phê/Trà,189,10.778679847717285,106.6885986328125,45000
4740,GUTA CAFE - 107H Trương Định,Hot cappuccino,Cafe espresso đậm đà kết hợp với lớp sữa bọt mịn mang lại một thức uống hấp dẫn kết hợp giữa vị đắng và vị ngọt,35000,1,0,0,Quận 3,Thành phố Hồ Chí Minh,4.8,59,Cà Phê/Trà,189,10.778679847717285,106.6885986328125,45000
4740,GUTA CAFE - 107H Trương Định,Hot latte,"Latte nóng với lớp sữa mịn và hương thơm cà phê nhẹ nhàng, nóng ấm phù hợp cho những ngày lạnh",40000,1,0,0,Quận 3,Thành phố Hồ Chí Minh,4.8,59,Cà Phê/Trà,189,10.778679847717285,106.6885986328125,45000
4740,GUTA CAFE - 107H Trương Định,Bạc xĩu nóng,"Vị ngọt ngào của sữa pha chút vị đắng của cà phê, một thức uống nhẹ nhàng để làm ấm và kích thích vị giác ",25000,1,0,0,Quận 3,Thành phố Hồ Chí Minh,4.8,59,Cà Phê/Trà,189,10.778679847717285,106.6885986328125,45000
4740,GUTA CAFE - 107H Trương Định,Hot espresso,"Espresso nóng, hương vị mạnh mẽ và đặc trưng của cà phê nguyên chất",25000,0,0,0,Quận 3,Thành phố Hồ Chí Minh,4.8,59,Cà Phê/Trà,189,10.778679847717285,106.6885986328125,45000
4740,GUTA CAFE - 107H Trương Định,Trà cam đào,"Hương vị thanh mát của cam và đào hòa quyện trong một ly trà, tạo nên một trải nghiệm hòa quyện giữa chua ngọt, sảng khoái",35000,8,0,0,Quận 3,Thành phố Hồ Chí Minh,4.8,59,Cà Phê/Trà,189,10.778679847717285,106.6885986328125,45000
4740,GUTA CAFE - 107H Trương Định,Trà vải kumquat,"Một ly trà trái cây thanh mát với hương thơm đặc trưng của vải và vị chua chua của tắc, lý tưởng cho những ai yêu thích loại trái cây này ",35000,1,0,0,Quận 3,Thành phố Hồ Chí Minh,4.8,59,Cà Phê/Trà,189,10.778679847717285,106.6885986328125,45000
4740,GUTA CAFE - 107H Trương Định,Trà lài đác thơm,Hương thơm thanh mát dịu nhẹ của trà lài có thêm topping đác thơm dai giòn,35000,5,0,0,Quận 3,Thành phố Hồ Chí Minh,4.8,59,Cà Phê/Trà,189,10.778679847717285,106.6885986328125,45000
4740,GUTA CAFE - 107H Trương Định,Trà dâu ô mai muối,"Kết hợp tinh tế giữa vị ngọt của dâu và vị mằn mặn của ô mai muối, tạo nên một ly trà hấp dẫn và đặc biệt.",35000,5,1,0,Quận 3,Thành phố Hồ Chí Minh,4.8,59,Cà Phê/Trà,189,10.778679847717285,106.6885986328125,45000
4740,GUTA CAFE - 107H Trương Định,Trà mãng cầu,"Hương vị thanh mát, đậm đà lan tỏa cùng mứt mãng cầu được sên chua chua ngọt ngọt",35000,5,0,0,Quận 3,Thành phố Hồ Chí Minh,4.8,59,Cà Phê/Trà,189,10.778679847717285,106.6885986328125,45000
4740,GUTA CAFE - 107H Trương Định,Trà sữa olong đặc biệt,,35000,1,0,0,Quận 3,Thành phố Hồ Chí Minh,4.8,59,Cà Phê/Trà,189,10.778679847717285,106.6885986328125,45000
4740,GUTA CAFE - 107H Trương Định,Trà sữa nguyên lá Guta,,35000,2,0,0,Quận 3,Thành phố Hồ Chí Minh,4.8,59,Cà Phê/Trà,189,10.778679847717285,106.6885986328125,45000
4740,GUTA CAFE - 107H Trương Định,Trà sữa nguyên lá kem cheese,,40000,1,0,0,Quận 3,Thành phố Hồ Chí Minh,4.8,59,Cà Phê/Trà,189,10.778679847717285,106.6885986328125,45000
4740,GUTA CAFE - 107H Trương Định,Trà sữa olong  kem cheese,,40000,0,0,0,Quận 3,Thành phố Hồ Chí Minh,4.8,59,Cà Phê/Trà,189,10.778679847717285,106.6885986328125,45000
4740,GUTA CAFE - 107H Trương Định,Trà sữa olong kem trứng ,,40000,0,0,0,Quận 3,Thành phố Hồ Chí Minh,4.8,59,Cà Phê/Trà,189,10.778679847717285,106.6885986328125,45000
4740,GUTA CAFE - 107H Trương Định,Hồng Trà Kem Cheese,"Hồng trà tươi mát được hòa quyện với lớp kem cheese béo ngon, tạo nên một trải nghiệm độc đáo và béo ngậy",35000,0,0,0,Quận 3,Thành phố Hồ Chí Minh,4.8,59,Cà Phê/Trà,189,10.778679847717285,106.6885986328125,45000
4740,GUTA CAFE - 107H Trương Định,Trà sữa olong nhãn mật ong,,40000,0,0,0,Quận 3,Thành phố Hồ Chí Minh,4.8,59,Cà Phê/Trà,189,10.778679847717285,106.6885986328125,45000
4740,GUTA CAFE - 107H Trương Định,Trà sữa nguyên lá kem trứng,,40000,0,0,0,Quận 3,Thành phố Hồ Chí Minh,4.8,59,Cà Phê/Trà,189,10.778679847717285,106.6885986328125,45000
4740,GUTA CAFE - 107H Trương Định,Cà phê sữa dừa,"Món đá xay kết hợp giữa vị đắng của cà phê với sữa dừa thơm ngon, mát lạnh",40000,2,0,0,Quận 3,Thành phố Hồ Chí Minh,4.8,59,Cà Phê/Trà,189,10.778679847717285,106.6885986328125,45000
4740,GUTA CAFE - 107H Trương Định,Chocolate chiller,"Hương vị sô cô la đắng ngọt cùng đá xay, tạo nên một thức uống ngọt ngào giữa ngày.",40000,2,0,0,Quận 3,Thành phố Hồ Chí Minh,4.8,59,Cà Phê/Trà,189,10.778679847717285,106.6885986328125,45000
4740,GUTA CAFE - 107H Trương Định,Cappuccino Chiller,Phiên bản đá xay của cappuccino với hương vị cà phê đắng và lớp kem béo mịn.,40000,0,0,0,Quận 3,Thành phố Hồ Chí Minh,4.8,59,Cà Phê/Trà,189,10.778679847717285,106.6885986328125,45000
4740,GUTA CAFE - 107H Trương Định,Soda chanh tuyết,"Thức uống tươi mát hòa quyện hương vị chanh tươi sáng và đá tuyết lạnh, mang lại cảm giác sảng khoái ngày oi bức",35000,0,0,0,Quận 3,Thành phố Hồ Chí Minh,4.8,59,Cà Phê/Trà,189,10.778679847717285,106.6885986328125,45000
4740,GUTA CAFE - 107H Trương Định,Soda chanh dây,"Chanh Dây kết hợp vị chua dịu của chanh và hương thơm đặc trưng của dây, tạo nên một thức uống thanh mát và ngon miệng",35000,1,0,0,Quận 3,Thành phố Hồ Chí Minh,4.8,59,Cà Phê/Trà,189,10.778679847717285,106.6885986328125,45000
4740,GUTA CAFE - 107H Trương Định,Chanh dây thơm xí muội,"Kết hợp hương thơm đặc trưng của chanh dây cùng vị độc đáo của xí muội, tạo nên một hương vị tươi mát và lôi cuốn.",35000,7,0,0,Quận 3,Thành phố Hồ Chí Minh,4.8,59,Cà Phê/Trà,189,10.778679847717285,106.6885986328125,45000
4740,GUTA CAFE - 107H Trương Định,Bánh mì que pate chà bông,Bánh Mì Que Pate Chà Bông sự kết hợp của pate thơm ngon và chà bông đậm đà,19000,7,0,0,Quận 3,Thành phố Hồ Chí Minh,4.8,59,Cà Phê/Trà,189,10.778679847717285,106.6885986328125,45000
4740,GUTA CAFE - 107H Trương Định,Bánh Mì Que Gà Xé Cay,"Được chế biến từ những miếng thịt gà tươi ngon, xé nhỏ và trộn với các loại gia vị đặc trưng, tạo nên hương vị đậm đà, hấp dẫn",19000,1,0,0,Quận 3,Thành phố Hồ Chí Minh,4.8,59,Cà Phê/Trà,189,10.778679847717285,106.6885986328125,45000
4740,GUTA CAFE - 107H Trương Định,Bánh Mì Que Xá Xíu,"Thịt xá xíu được ướp theo công thức độc quyền, nướng đến độ chín hoàn hảo, giữ được sự  và hương vị đặc biệt",19000,4,0,0,Quận 3,Thành phố Hồ Chí Minh,4.8,59,Cà Phê/Trà,189,10.778679847717285,106.6885986328125,45000
4740,GUTA CAFE - 107H Trương Định,Yogurt Vải Nho,"Vải ngọt thanh, kết hợp với vị chua nhẹ của nho và sữa chua tạo nên sự cân bằng hoàn hảo",35000,0,0,0,Quận 3,Thành phố Hồ Chí Minh,4.8,59,Cà Phê/Trà,189,10.778679847717285,106.6885986328125,45000
4740,GUTA CAFE - 107H Trương Định,Yogurt Ổi Dâu Tây,"Sự hòa quyện độc đáo của sữa chua, ổi và dâu tây tạo nên một tổng thể hài hòa, dễ chịu",35000,0,0,0,Quận 3,Thành phố Hồ Chí Minh,4.8,59,Cà Phê/Trà,189,10.778679847717285,106.6885986328125,45000
4740,GUTA CAFE - 107H Trương Định,Trà Dâu Tằm,Vị chua nhẹ của dâu tằm hòa quyện với hương trà thơm nhẹ tạo cảm giác sảng khoái khi thưởng thức,35000,0,0,0,Quận 3,Thành phố Hồ Chí Minh,4.8,59,Cà Phê/Trà,189,10.778679847717285,106.6885986328125,45000
4740,GUTA CAFE - 107H Trương Định,Hibiscus Bưởi Hồng Pha Lê,Hương vị chua ngọt hoàn hảo,39000,0,0,0,Quận 3,Thành phố Hồ Chí Minh,4.8,59,Cà Phê/Trà,189,10.778679847717285,106.6885986328125,45000
4740,GUTA CAFE - 107H Trương Định,Hibiscus Nhãn Lài Pha Lê,Sự kết hợp giữa vị ngọt thanh nhẹ nhàng,39000,0,0,0,Quận 3,Thành phố Hồ Chí Minh,4.8,59,Cà Phê/Trà,189,10.778679847717285,106.6885986328125,45000
4740,GUTA CAFE - 107H Trương Định,Bạc Hà Choco Đá Viên,Cơn lốc mát lạnh với sự hòa quyện đầy sáng tạo giữa hương bạc hà và chocolate,39000,0,0,0,Quận 3,Thành phố Hồ Chí Minh,4.8,59,Cà Phê/Trà,189,10.778679847717285,106.6885986328125,45000
4740,GUTA CAFE - 107H Trương Định,Combo 1,Cà phê đen / sữa (đá) M - Bánh mì que,48000,30,0,0,Quận 3,Thành phố Hồ Chí Minh,4.8,59,Cà Phê/Trà,189,10.778679847717285,106.6885986328125,45000
4740,GUTA CAFE - 107H Trương Định,Combo 2,Trà trái cây / Trà sữa size M - Bánh mì que,64000,1,0,0,Quận 3,Thành phố Hồ Chí Minh,4.8,59,Cà Phê/Trà,189,10.778679847717285,106.6885986328125,45000
4740,GUTA CAFE - 107H Trương Định,Bánh ướt,"Một tô đầy đủ các topping thơm ngon, nóng hổi ăn kèm với nước mắm đậm đà, cân bằng các hương vị để tạo nên món Bánh Ướt hoàn chỉnh, chiều mọi vị giác",25000,2,0,0,Quận 3,Thành phố Hồ Chí Minh,4.8,59,Cà Phê/Trà,189,10.778679847717285,106.6885986328125,45000
29392,Guta Cafe - Nguyễn Du,Bánh mì que pate chà bông,Bánh Mì Que Pate Chà Bông sự kết hợp của pate thơm ngon và chà bông đậm đà,7000,0,0,0,Quận 1,Hồ Chí Minh,5.0,2,Cà Phê/Trà,189,10.777509689331055,106.69873809814453,45000
29392,Guta Cafe - Nguyễn Du,Matcha Chanh Dây,,35000,0,0,0,Quận 1,Hồ Chí Minh,5.0,2,Cà Phê/Trà,189,10.777509689331055,106.69873809814453,45000
29392,Guta Cafe - Nguyễn Du,Matcha Phúc Bồn Tử,,35000,0,0,0,Quận 1,Hồ Chí Minh,5.0,2,Cà Phê/Trà,189,10.777509689331055,106.69873809814453,45000
29392,Guta Cafe - Nguyễn Du,Ô Long sữa Matcha,,35000,0,0,0,Quận 1,Hồ Chí Minh,5.0,2,Cà Phê/Trà,189,10.777509689331055,106.69873809814453,45000
29392,Guta Cafe - Nguyễn Du,Matcha Latte,,35000,0,0,0,Quận 1,Hồ Chí Minh,5.0,2,Cà Phê/Trà,189,10.777509689331055,106.69873809814453,45000
29392,Guta Cafe - Nguyễn Du,Hibiscus Nhãn Lài Pha Lê,Sự kết hợp giữa vị ngọt thanh nhẹ nhàng,39000,0,0,0,Quận 1,Hồ Chí Minh,5.0,2,Cà Phê/Trà,189,10.777509689331055,106.69873809814453,45000
29392,Guta Cafe - Nguyễn Du,Bạc Hà Choco Đá Viên,Cơn lốc mát lạnh với sự hòa quyện đầy sáng tạo giữa hương bạc hà và chocolate,39000,0,0,0,Quận 1,Hồ Chí Minh,5.0,2,Cà Phê/Trà,189,10.777509689331055,106.69873809814453,45000
29392,Guta Cafe - Nguyễn Du,Hibiscus Bưởi Hồng Pha Lê,Hương vị chua ngọt hoàn hảo,39000,0,0,0,Quận 1,Hồ Chí Minh,5.0,2,Cà Phê/Trà,189,10.777509689331055,106.69873809814453,45000
29392,Guta Cafe - Nguyễn Du,Combo 1,Cà phê đen / sữa (đá) M - Bánh mì que,48000,0,0,0,Quận 1,Hồ Chí Minh,5.0,2,Cà Phê/Trà,189,10.777509689331055,106.69873809814453,45000
29392,Guta Cafe - Nguyễn Du,Combo 2,Trà trái cây / Trà sữa size M - Bánh mì que,64000,1,0,0,Quận 1,Hồ Chí Minh,5.0,2,Cà Phê/Trà,189,10.777509689331055,106.69873809814453,45000
29392,Guta Cafe - Nguyễn Du,Cà phê đen đá,"Một ly cà phê đen đá đậm đà, mạnh mẽ và độc đáo, món đặt trưng tại Guta ",20000,11,1,0,Quận 1,Hồ Chí Minh,5.0,2,Cà Phê/Trà,189,10.777509689331055,106.69873809814453,45000
29392,Guta Cafe - Nguyễn Du,Cà phê sữa đá,Sản phẩm kết hợp hương vị đắng của cà phê Robusta và Arabica với sự ngọt ngào của sữa.,20000,21,1,0,Quận 1,Hồ Chí Minh,5.0,2,Cà Phê/Trà,189,10.777509689331055,106.69873809814453,45000
29392,Guta Cafe - Nguyễn Du,Bạc xĩu,"Bạc xĩu tại Guta kết hợp vị ngọt ngào và xíu đắng của cà phê cùng thạch cà phê nhỏ dai, mang lại trải nghiệm thú vị",25000,0,0,0,Quận 1,Hồ Chí Minh,5.0,2,Cà Phê/Trà,189,10.777509689331055,106.69873809814453,45000
29392,Guta Cafe - Nguyễn Du,Americano,"Americano đá có hương vị cà phê loãng, mát lạnh, phù hợp cho người yêu thích cà phê lạnh không quá mạnh ",29000,0,0,0,Quận 1,Hồ Chí Minh,5.0,2,Cà Phê/Trà,189,10.777509689331055,106.69873809814453,45000
29392,Guta Cafe - Nguyễn Du,Cafe latte,"Cafe latte có vị đắng nhẹ và hương thơm của espresso nhẹ nhàng, phần sữa thơm béo ngậy và ngọt dịu",40000,2,0,0,Quận 1,Hồ Chí Minh,5.0,2,Cà Phê/Trà,189,10.777509689331055,106.69873809814453,45000
29392,Guta Cafe - Nguyễn Du,Cappuccino,"Ly cappuccino đá với cafe espresso đậm đà, sữa bọt mịn và đá lạnh, tạo nên một thức uống tinh tế, thơm dịu",35000,0,0,0,Quận 1,Hồ Chí Minh,5.0,2,Cà Phê/Trà,189,10.777509689331055,106.69873809814453,45000
29392,Guta Cafe - Nguyễn Du,Hot Americano,"Americano nóng là cà phê loãng nhẹ nhàng hơn, thích hợp để bạn cảm thấy tỉnh táo và ấm áp trong ngày lạnh",29000,0,0,0,Quận 1,Hồ Chí Minh,5.0,2,Cà Phê/Trà,189,10.777509689331055,106.69873809814453,45000
29392,Guta Cafe - Nguyễn Du,Cà phê sữa nóng,Sự kết hợp hài hòa giữa cafe đắng và vị ngọt của sữa với phiên bản ấm áp và đầy năng lượng.,20000,0,0,0,Quận 1,Hồ Chí Minh,5.0,2,Cà Phê/Trà,189,10.777509689331055,106.69873809814453,45000
29392,Guta Cafe - Nguyễn Du,Cà phê đen nóng,"Cafe đen nóng, với vị đắng đậm đà của cafe tự nhiên, giúp bạn tỉnh táo và sẵn sàng cho mọi thử thách",20000,0,0,0,Quận 1,Hồ Chí Minh,5.0,2,Cà Phê/Trà,189,10.777509689331055,106.69873809814453,45000
29392,Guta Cafe - Nguyễn Du,Hot cappuccino,Cafe espresso đậm đà kết hợp với lớp sữa bọt mịn mang lại một thức uống hấp dẫn kết hợp giữa vị đắng và vị ngọt,35000,0,0,0,Quận 1,Hồ Chí Minh,5.0,2,Cà Phê/Trà,189,10.777509689331055,106.69873809814453,45000
29392,Guta Cafe - Nguyễn Du,Hot latte,"Latte nóng với lớp sữa mịn và hương thơm cà phê nhẹ nhàng, nóng ấm phù hợp cho những ngày lạnh",40000,0,0,0,Quận 1,Hồ Chí Minh,5.0,2,Cà Phê/Trà,189,10.777509689331055,106.69873809814453,45000
29392,Guta Cafe - Nguyễn Du,Bạc xĩu nóng,"Vị ngọt ngào của sữa pha chút vị đắng của cà phê, một thức uống nhẹ nhàng để làm ấm và kích thích vị giác ",25000,2,0,0,Quận 1,Hồ Chí Minh,5.0,2,Cà Phê/Trà,189,10.777509689331055,106.69873809814453,45000
29392,Guta Cafe - Nguyễn Du,Hot espresso,"Espresso nóng, hương vị mạnh mẽ và đặc trưng của cà phê nguyên chất",25000,0,0,0,Quận 1,Hồ Chí Minh,5.0,2,Cà Phê/Trà,189,10.777509689331055,106.69873809814453,45000
29392,Guta Cafe - Nguyễn Du,Trà vải kumquat,"Một ly trà trái cây thanh mát với hương thơm đặc trưng của vải và vị chua chua của tắc, lý tưởng cho những ai yêu thích loại trái cây này ",35000,0,0,0,Quận 1,Hồ Chí Minh,5.0,2,Cà Phê/Trà,189,10.777509689331055,106.69873809814453,45000
29392,Guta Cafe - Nguyễn Du,Trà lài đác thơm,Hương thơm thanh mát dịu nhẹ của trà lài có thêm topping đác thơm dai giòn,35000,0,0,0,Quận 1,Hồ Chí Minh,5.0,2,Cà Phê/Trà,189,10.777509689331055,106.69873809814453,45000
29392,Guta Cafe - Nguyễn Du,Trà mãng cầu,"Hương vị thanh mát, đậm đà lan tỏa cùng mứt mãng cầu được sên chua chua ngọt ngọt",35000,0,0,0,Quận 1,Hồ Chí Minh,5.0,2,Cà Phê/Trà,189,10.777509689331055,106.69873809814453,45000
29392,Guta Cafe - Nguyễn Du,Trà Nho Ruby,,35000,4,0,0,Quận 1,Hồ Chí Minh,5.0,2,Cà Phê/Trà,189,10.777509689331055,106.69873809814453,45000
29392,Guta Cafe - Nguyễn Du,Trà cam đào,"Hương vị thanh mát của cam và đào hòa quyện trong một ly trà, tạo nên một trải nghiệm hòa quyện giữa chua ngọt, sảng khoái",35000,0,0,0,Quận 1,Hồ Chí Minh,5.0,2,Cà Phê/Trà,189,10.777509689331055,106.69873809814453,45000
29392,Guta Cafe - Nguyễn Du,Trà dâu ô mai muối,"Kết hợp tinh tế giữa vị ngọt của dâu và vị mằn mặn của ô mai muối, tạo nên một ly trà hấp dẫn và đặc biệt.",35000,0,0,0,Quận 1,Hồ Chí Minh,5.0,2,Cà Phê/Trà,189,10.777509689331055,106.69873809814453,45000
29392,Guta Cafe - Nguyễn Du,Trà tắc xí muội,"Một sự kết hợp độc đáo giữa vị chua chua của tắc thêm vị mặn nhẹ của xí muội, tạo nên một loại trà có hương vị độc đáo ",35000,1,1,0,Quận 1,Hồ Chí Minh,5.0,2,Cà Phê/Trà,189,10.777509689331055,106.69873809814453,45000
29392,Guta Cafe - Nguyễn Du,Trà sữa nguyên lá kem cheese,,40000,0,0,0,Quận 1,Hồ Chí Minh,5.0,2,Cà Phê/Trà,189,10.777509689331055,106.69873809814453,45000
29392,Guta Cafe - Nguyễn Du,Trà sữa nguyên lá Guta,,35000,1,0,0,Quận 1,Hồ Chí Minh,5.0,2,Cà Phê/Trà,189,10.777509689331055,106.69873809814453,45000
29392,Guta Cafe - Nguyễn Du,Trà sữa olong đặc biệt,,35000,1,0,0,Quận 1,Hồ Chí Minh,5.0,2,Cà Phê/Trà,189,10.777509689331055,106.69873809814453,45000
29392,Guta Cafe - Nguyễn Du,Trà sữa olong  kem cheese,,40000,0,0,0,Quận 1,Hồ Chí Minh,5.0,2,Cà Phê/Trà,189,10.777509689331055,106.69873809814453,45000
29392,Guta Cafe - Nguyễn Du,Trà sữa olong kem trứng ,,40000,1,0,0,Quận 1,Hồ Chí Minh,5.0,2,Cà Phê/Trà,189,10.777509689331055,106.69873809814453,45000
29392,Guta Cafe - Nguyễn Du,Hồng Trà Kem Cheese,"Hồng trà tươi mát được hòa quyện với lớp kem cheese béo ngon, tạo nên một trải nghiệm độc đáo và béo ngậy",35000,0,0,0,Quận 1,Hồ Chí Minh,5.0,2,Cà Phê/Trà,189,10.777509689331055,106.69873809814453,45000
29392,Guta Cafe - Nguyễn Du,Trà sữa olong nhãn mật ong,,40000,0,0,0,Quận 1,Hồ Chí Minh,5.0,2,Cà Phê/Trà,189,10.777509689331055,106.69873809814453,45000
29392,Guta Cafe - Nguyễn Du,Trà sữa nguyên lá kem trứng,,40000,0,0,0,Quận 1,Hồ Chí Minh,5.0,2,Cà Phê/Trà,189,10.777509689331055,106.69873809814453,45000
29392,Guta Cafe - Nguyễn Du,Chanh dây thơm xí muội,"Kết hợp hương thơm đặc trưng của chanh dây cùng vị độc đáo của xí muội, tạo nên một hương vị tươi mát và lôi cuốn.",35000,0,0,0,Quận 1,Hồ Chí Minh,5.0,2,Cà Phê/Trà,189,10.777509689331055,106.69873809814453,45000
29392,Guta Cafe - Nguyễn Du,Cam bưởi mật ong,"Kết hợp hương vị tươi mát của cam và bưởi, vị ngọt của mật ong tạo nên một thức uống thơm ngon và bổ dưỡng.",35000,0,0,0,Quận 1,Hồ Chí Minh,5.0,2,Cà Phê/Trà,189,10.777509689331055,106.69873809814453,45000
29392,Guta Cafe - Nguyễn Du,Bánh mì que pate chà bông,Bánh Mì Que Pate Chà Bông sự kết hợp của pate thơm ngon và chà bông đậm đà,19000,0,0,0,Quận 1,Hồ Chí Minh,5.0,2,Cà Phê/Trà,189,10.777509689331055,106.69873809814453,45000
29392,Guta Cafe - Nguyễn Du,Bánh Mì Que Gà Xé Cay,"Được chế biến từ những miếng thịt gà tươi ngon, xé nhỏ và trộn với các loại gia vị đặc trưng, tạo nên hương vị đậm đà, hấp dẫn",19000,0,0,0,Quận 1,Hồ Chí Minh,5.0,2,Cà Phê/Trà,189,10.777509689331055,106.69873809814453,45000
29392,Guta Cafe - Nguyễn Du,Bánh Mì Que Xá Xíu,"Thịt xá xíu được ướp theo công thức độc quyền, nướng đến độ chín hoàn hảo, giữ được sự  và hương vị đặc biệt",19000,0,0,0,Quận 1,Hồ Chí Minh,5.0,2,Cà Phê/Trà,189,10.777509689331055,106.69873809814453,45000
29392,Guta Cafe - Nguyễn Du,Yogurt Vải Nho,"Vải ngọt thanh, kết hợp với vị chua nhẹ của nho và sữa chua tạo nên sự cân bằng hoàn hảo",35000,0,0,0,Quận 1,Hồ Chí Minh,5.0,2,Cà Phê/Trà,189,10.777509689331055,106.69873809814453,45000
29392,Guta Cafe - Nguyễn Du,Yogurt Ổi Dâu Tây,"Sự hòa quyện độc đáo của sữa chua, ổi và dâu tây tạo nên một tổng thể hài hòa, dễ chịu",35000,0,0,0,Quận 1,Hồ Chí Minh,5.0,2,Cà Phê/Trà,189,10.777509689331055,106.69873809814453,45000
29392,Guta Cafe - Nguyễn Du,Trà Dâu Tằm,Vị chua nhẹ của dâu tằm hòa quyện với hương trà thơm nhẹ tạo cảm giác sảng khoái khi thưởng thức,35000,0,0,0,Quận 1,Hồ Chí Minh,5.0,2,Cà Phê/Trà,189,10.777509689331055,106.69873809814453,45000
29392,Guta Cafe - Nguyễn Du,Cà phê sữa dừa,"Món đá xay kết hợp giữa vị đắng của cà phê với sữa dừa thơm ngon, mát lạnh",40000,0,0,0,Quận 1,Hồ Chí Minh,5.0,2,Cà Phê/Trà,189,10.777509689331055,106.69873809814453,45000
29392,Guta Cafe - Nguyễn Du,Soda chanh tuyết,"Thức uống tươi mát hòa quyện hương vị chanh tươi sáng và đá tuyết lạnh, mang lại cảm giác sảng khoái ngày oi bức",35000,0,0,0,Quận 1,Hồ Chí Minh,5.0,2,Cà Phê/Trà,189,10.777509689331055,106.69873809814453,45000
29392,Guta Cafe - Nguyễn Du,Soda chanh dây,"Chanh Dây kết hợp vị chua dịu của chanh và hương thơm đặc trưng của dây, tạo nên một thức uống thanh mát và ngon miệng",35000,0,0,0,Quận 1,Hồ Chí Minh,5.0,2,Cà Phê/Trà,189,10.777509689331055,106.69873809814453,45000
29392,Guta Cafe - Nguyễn Du,Chocolate chiller,"Hương vị sô cô la đắng ngọt cùng đá xay, tạo nên một thức uống ngọt ngào giữa ngày.",40000,0,0,0,Quận 1,Hồ Chí Minh,5.0,2,Cà Phê/Trà,189,10.777509689331055,106.69873809814453,45000
29392,Guta Cafe - Nguyễn Du,Cappuccino Chiller,Phiên bản đá xay của cappuccino với hương vị cà phê đắng và lớp kem béo mịn.,40000,0,0,0,Quận 1,Hồ Chí Minh,5.0,2,Cà Phê/Trà,189,10.777509689331055,106.69873809814453,45000
22265,Rau Má Mix - 210 Trần Quốc Thảo,DEAL SIÊU HỜI 1,Mua 1 Combo 1 (Size lớn) + 1 Combo 2 (Size lớn) Tặng 1 Rau Má Nguyên Chất (size lớn),80000,2,0,0,Quận 3,Hồ Chí Minh,4.9,110,Sinh tố/Nước ép/Sữa,189,10.785820007324219,106.68173217773438,31000
22265,Rau Má Mix - 210 Trần Quốc Thảo,DEAL SIÊU HỜI 2,Mua 1 Combo 3 (Size lớn) + 1 Combo 2 (Size lớn) Tặng 1 Rau Má Nguyên Chất (size lớn),80000,1,0,0,Quận 3,Hồ Chí Minh,4.9,110,Sinh tố/Nước ép/Sữa,189,10.785820007324219,106.68173217773438,31000
22265,Rau Má Mix - 210 Trần Quốc Thảo,DEAL SIÊU HỜI 3,Mua 1 Combo 1 (Size lớn) + 1 Combo 4 (Size lớn) Tặng 1 Rau Má Nguyên Chất (size lớn),80000,1,0,0,Quận 3,Hồ Chí Minh,4.9,110,Sinh tố/Nước ép/Sữa,189,10.785820007324219,106.68173217773438,31000
22265,Rau Má Mix - 210 Trần Quốc Thảo,Rau má mix sầu riêng sữa dừa,"Nước ép rau má tươi nguyên chất thanh mát + Sữa sầu riêng thơm béo với công nghệ sấy ""thăng hoa"" + Sữa dừa dịu ngọt",26000,84,0,0,Quận 3,Hồ Chí Minh,4.9,110,Sinh tố/Nước ép/Sữa,189,10.785820007324219,106.68173217773438,31000
22265,Rau Má Mix - 210 Trần Quốc Thảo,Rau má mix sữa khoai môn đậu đỏ,Nước ép rau má tươi nguyên chất thanh mát + Sữa khoai môn sánh dẻo + Đậu đỏ thơm bùi,33000,2,0,0,Quận 3,Hồ Chí Minh,4.9,110,Sinh tố/Nước ép/Sữa,189,10.785820007324219,106.68173217773438,31000
22265,Rau Má Mix - 210 Trần Quốc Thảo,Rau má mix sữa dừa đậu đỏ,"Nước ép rau má tươi nguyên chất thanh mát + Sữa dừa béo ngậy + Đậu đỏ bùi bùi, thơm ngon",33000,4,0,0,Quận 3,Hồ Chí Minh,4.9,110,Sinh tố/Nước ép/Sữa,189,10.785820007324219,106.68173217773438,31000
22265,Rau Má Mix - 210 Trần Quốc Thảo,Rau má mix sữa khoai môn đậu đỏ,Nước ép rau má tươi nguyên chất thanh mát + Sữa khoai môn sánh dẻo + Đậu đỏ thơm bùi,33000,2,1,0,Quận 3,Hồ Chí Minh,4.9,110,Sinh tố/Nước ép/Sữa,189,10.785820007324219,106.68173217773438,31000
22265,Rau Má Mix - 210 Trần Quốc Thảo,Rau má sữa dừa,Nước rau má tươi nguyên chất thanh mát + Sữa dừa dịu ngọt,22000,224,4,0,Quận 3,Hồ Chí Minh,4.9,110,Sinh tố/Nước ép/Sữa,189,10.785820007324219,106.68173217773438,31000
22265,Rau Má Mix - 210 Trần Quốc Thảo,Rau má mix khoai môn sữa dừa,"Nước rau má tươi nguyên chất thanh mát + Sữa khoai môn sánh dẻo, thơm bùi + Sữa dừa dịu ngọt ",24000,21,1,0,Quận 3,Hồ Chí Minh,4.9,110,Sinh tố/Nước ép/Sữa,189,10.785820007324219,106.68173217773438,31000
22265,Rau Má Mix - 210 Trần Quốc Thảo,Rau má mix đậu xanh sữa dừa.,Nước rau má tươi nguyên chất thanh mát + Sữa đậu xanh ngọt bùi + Sữa dừa dịu ngọt ,24000,114,6,0,Quận 3,Hồ Chí Minh,4.9,110,Sinh tố/Nước ép/Sữa,189,10.785820007324219,106.68173217773438,31000
22265,Rau Má Mix - 210 Trần Quốc Thảo,Rau má khoai môn khúc bạch,"Nước rau má tươi nguyên chất thanh mát + Sữa khoai môn sánh dẻo, thơm bùi + Sữa dừa dịu ngọt + Topping khúc bạch khoai môn dẻo bùi",30000,8,0,0,Quận 3,Hồ Chí Minh,4.9,110,Sinh tố/Nước ép/Sữa,189,10.785820007324219,106.68173217773438,31000
22265,Rau Má Mix - 210 Trần Quốc Thảo,Rau má sầu riêng khúc bạch trứng tươi,"Nước rau má tươi nguyên chất thanh mát + Sữa sầu riêng thơm lừng, béo ngậy + Sữa dừa dịu ngọt + Topping hhúc bạch trứng tươi thơm béo, dẻo mịn",33000,7,0,0,Quận 3,Hồ Chí Minh,4.9,110,Sinh tố/Nước ép/Sữa,189,10.785820007324219,106.68173217773438,31000
22265,Rau Má Mix - 210 Trần Quốc Thảo,Rau má đậu xanh khúc bạch trứng tươi,"Nước rau má tươi nguyên chất thanh mát + Sữa đậu xanh ngọt bùi + Sữa dừa dịu ngọt + Topping khúc bạch trứng tươi thơm béo, dẻo mịn",31000,9,0,0,Quận 3,Hồ Chí Minh,4.9,110,Sinh tố/Nước ép/Sữa,189,10.785820007324219,106.68173217773438,31000
22265,Rau Má Mix - 210 Trần Quốc Thảo,Rau má nguyên chất,Nước ép rau má tươi nguyên chất thanh mát và thơm ngon,13000,233,19,0,Quận 3,Hồ Chí Minh,4.9,110,Sinh tố/Nước ép/Sữa,189,10.785820007324219,106.68173217773438,31000
22265,Rau Má Mix - 210 Trần Quốc Thảo,Combo 1,Rau má mix: đậu xanh sữa dừa + trân châu lá dứa + thạch củ năng + sương sáo hạt chia,35000,110,2,0,Quận 3,Hồ Chí Minh,4.9,110,Sinh tố/Nước ép/Sữa,189,10.785820007324219,106.68173217773438,31000
22265,Rau Má Mix - 210 Trần Quốc Thảo,Combo 2,Rau má mix: đậu xanh sữa dừa + thạch nha đam + thạch lá dứa + trân châu tuyết trắng,35000,40,0,0,Quận 3,Hồ Chí Minh,4.9,110,Sinh tố/Nước ép/Sữa,189,10.785820007324219,106.68173217773438,31000
22265,Rau Má Mix - 210 Trần Quốc Thảo,Combo 3,Rau má mix: khoai môn sữa dừa + thạch củ năng + thạch lá dứa + sương sáo hạt chia,35000,13,2,0,Quận 3,Hồ Chí Minh,4.9,110,Sinh tố/Nước ép/Sữa,189,10.785820007324219,106.68173217773438,31000
22265,Rau Má Mix - 210 Trần Quốc Thảo,Combo 4,Rau má mix: sữa dừa + thạch củ năng + trân châu tuyết trắng + sương sáo hạt chia,35000,21,0,0,Quận 3,Hồ Chí Minh,4.9,110,Sinh tố/Nước ép/Sữa,189,10.785820007324219,106.68173217773438,31000
22265,Rau Má Mix - 210 Trần Quốc Thảo,Combo 5,Sữa đậu xanh cốt dừa + trân châu lá dứa + thạch củ năng + thạch lá dứa,35000,6,0,0,Quận 3,Hồ Chí Minh,4.9,110,Sinh tố/Nước ép/Sữa,189,10.785820007324219,106.68173217773438,31000
22265,Rau Má Mix - 210 Trần Quốc Thảo,Combo 6,Sữa khoai môn cốt dừa + Sương sáo hạt chia + thạch lá dứa + trân châu tuyết trắng,35000,7,0,0,Quận 3,Hồ Chí Minh,4.9,110,Sinh tố/Nước ép/Sữa,189,10.785820007324219,106.68173217773438,31000
22265,Rau Má Mix - 210 Trần Quốc Thảo,Combo 7,Rau má mix: sầu riêng sữa dừa + thạch nha đam + sương sáo hạt chia + thạch lá dứa,37000,4,0,0,Quận 3,Hồ Chí Minh,4.9,110,Sinh tố/Nước ép/Sữa,189,10.785820007324219,106.68173217773438,31000
22265,Rau Má Mix - 210 Trần Quốc Thảo,Combo 8,Rau má mix: sầu riêng sữa dừa + thạch củ năng + thạch lá dứa + trân châu tuyết trắng,37000,60,0,0,Quận 3,Hồ Chí Minh,4.9,110,Sinh tố/Nước ép/Sữa,189,10.785820007324219,106.68173217773438,31000
22265,Rau Má Mix - 210 Trần Quốc Thảo,Nước ép Cam Tươi,"Cung cấp Vitamin C giúp tăng đề kháng, bổ sung năng lượng và làm sáng da.",26000,0,0,0,Quận 3,Hồ Chí Minh,4.9,110,Sinh tố/Nước ép/Sữa,189,10.785820007324219,106.68173217773438,31000
22265,Rau Má Mix - 210 Trần Quốc Thảo,Nước ép Cam Thơm Tươi,"Cam và Thơm giàu Vitamin C giúp hỗ trợ tiêu hóa, tăng đề kháng và da sáng khỏe.",28000,6,0,0,Quận 3,Hồ Chí Minh,4.9,110,Sinh tố/Nước ép/Sữa,189,10.785820007324219,106.68173217773438,31000
22265,Rau Má Mix - 210 Trần Quốc Thảo,Nước ép Thơm Tươi,"Hỗ trợ tiêu hóa, giàu chất chống oxy hóa giúp da khỏe, dáng gọn.",28000,8,0,0,Quận 3,Hồ Chí Minh,4.9,110,Sinh tố/Nước ép/Sữa,189,10.785820007324219,106.68173217773438,31000
22265,Rau Má Mix - 210 Trần Quốc Thảo,Nước ép Dưa Hấu Tươi,Dưa hấu cung cấp Vitamin A & C giúp giải nhiệt và hỗ trợ đào thải độc tố.,28000,8,0,0,Quận 3,Hồ Chí Minh,4.9,110,Sinh tố/Nước ép/Sữa,189,10.785820007324219,106.68173217773438,31000
22265,Rau Má Mix - 210 Trần Quốc Thảo,Trà Lài Vải Lục Ngạn,"Chứa nhiều Vitamin C, polyphenol giúp chống oxy hóa, tăng cường đề kháng.",32000,12,0,0,Quận 3,Hồ Chí Minh,4.9,110,Sinh tố/Nước ép/Sữa,189,10.785820007324219,106.68173217773438,31000
22265,Rau Má Mix - 210 Trần Quốc Thảo,Trà Lài Đào Lát,"Giàu Collagen & Vitamin C, giúp da căng mướt, giảm thâm sạm.",32000,4,0,0,Quận 3,Hồ Chí Minh,4.9,110,Sinh tố/Nước ép/Sữa,189,10.785820007324219,106.68173217773438,31000
22265,Rau Má Mix - 210 Trần Quốc Thảo,Trà Lài Ổi Hồng,"Ổi hồng chứa lượng Vitamin C cao, giúp sáng da, tăng cường miễn dịch.",32000,1,0,0,Quận 3,Hồ Chí Minh,4.9,110,Sinh tố/Nước ép/Sữa,189,10.785820007324219,106.68173217773438,31000
22265,Rau Má Mix - 210 Trần Quốc Thảo,Trà Lài Lựu Đỏ,"Lựu đỏ giàu Polyphenol & Vitamin E giúp tăng cường trao đổi chất, tươi trẻ làn da.",32000,7,0,0,Quận 3,Hồ Chí Minh,4.9,110,Sinh tố/Nước ép/Sữa,189,10.785820007324219,106.68173217773438,31000
22265,Rau Má Mix - 210 Trần Quốc Thảo,Trà Lài Trái Cây Tươi,"Cung cấp các loại Vitamin cho làn da hồng hào, cơ thể tràn đầy năng lượng.",32000,5,0,0,Quận 3,Hồ Chí Minh,4.9,110,Sinh tố/Nước ép/Sữa,189,10.785820007324219,106.68173217773438,31000
22265,Rau Má Mix - 210 Trần Quốc Thảo,Sữa đậu xanh cốt dừa,"Sữa đậu xanh sánh mịn, ngọt bùi + Nước cốt dừa thơm béo",24000,32,4,0,Quận 3,Hồ Chí Minh,4.9,110,Sinh tố/Nước ép/Sữa,189,10.785820007324219,106.68173217773438,31000
22265,Rau Má Mix - 210 Trần Quốc Thảo,Sữa khoai môn cốt dừa,"Sữa khoai môn sánh dẻo, thơm bùi + Nước cốt dừa thơm béo",24000,19,0,0,Quận 3,Hồ Chí Minh,4.9,110,Sinh tố/Nước ép/Sữa,189,10.785820007324219,106.68173217773438,31000
22265,Rau Má Mix - 210 Trần Quốc Thảo,Bánh Tráng Tôm Hành,"Bánh tráng dai mềm cùng tép sấy giòn rụm, hành phi thơm lừng, muối tôm đậm đà cùng ớt cay the, siêu cuốn miệng!",20000,0,0,0,Quận 3,Hồ Chí Minh,4.9,110,Sinh tố/Nước ép/Sữa,189,10.785820007324219,106.68173217773438,31000
22265,Rau Má Mix - 210 Trần Quốc Thảo,Bánh Tráng Mix Thập Cẩm,"Sợi khô bò dai cay thấm vị, kết hợp cùng khô gà mềm, hòa quyện với bánh tráng dẻo dai, thơm ngon khó cưỡng.",20000,1,0,0,Quận 3,Hồ Chí Minh,4.9,110,Sinh tố/Nước ép/Sữa,189,10.785820007324219,106.68173217773438,31000
22265,Rau Má Mix - 210 Trần Quốc Thảo,Bánh Tráng Ống Phô Mai,"Bánh tráng dai mềm cuộn ống, áo đều lớp phô mai béo ngậy, thêm chút muối ớt cay nhẹ, mè trắng bùi bùi và dầu mè thơm lừng. Càng ăn càng ghiền!",20000,0,0,0,Quận 3,Hồ Chí Minh,4.9,110,Sinh tố/Nước ép/Sữa,189,10.785820007324219,106.68173217773438,31000
22265,Rau Má Mix - 210 Trần Quốc Thảo,Bánh Tráng Muối Tỏi XìKe,"Bánh tráng mềm dẻo, thấm đẫm muối tôm mằn mặn, tỏi phi thơm lừng và ớt bột cay tê tê. Càng ăn càng cuốn!",20000,1,0,0,Quận 3,Hồ Chí Minh,4.9,110,Sinh tố/Nước ép/Sữa,189,10.785820007324219,106.68173217773438,31000
22265,Rau Má Mix - 210 Trần Quốc Thảo,Bánh Tráng Ống XìKe Cay,"Bánh tráng dai mềm cuộn chặt, tẩm muối tôm đậm đà, hòa cùng tỏi phi thơm lừng và ớt bột cay tê tê. Một cuốn, một cắn - vị ngon bùng nổ!",20000,0,0,0,Quận 3,Hồ Chí Minh,4.9,110,Sinh tố/Nước ép/Sữa,189,10.785820007324219,106.68173217773438,31000
80,Sinh Tố Tao Đàn - Hoàng Sa,Sinh Tố Chuối,Blueberry Smoothie,38000,105,0,1,quận 1,Hồ Chí Minh,4.8,660,Sinh tố/Nước ép/Sữa,189,10.79304027557373,106.69918823242188,45000
80,Sinh Tố Tao Đàn - Hoàng Sa,Sinh Tố Xoài,,45000,190,2,0,quận 1,Hồ Chí Minh,4.8,660,Sinh tố/Nước ép/Sữa,189,10.79304027557373,106.69918823242188,45000
80,Sinh Tố Tao Đàn - Hoàng Sa,Sinh Tố Mãng Cầu,,45000,281,1,2,quận 1,Hồ Chí Minh,4.8,660,Sinh tố/Nước ép/Sữa,189,10.79304027557373,106.69918823242188,45000
80,Sinh Tố Tao Đàn - Hoàng Sa,Sinh Tố Sapoche,,38000,546,10,0,quận 1,Hồ Chí Minh,4.8,660,Sinh tố/Nước ép/Sữa,189,10.79304027557373,106.69918823242188,45000
80,Sinh Tố Tao Đàn - Hoàng Sa,Sinh Tố Dừa,Soursop Strawberry Smoothie,38000,265,3,0,quận 1,Hồ Chí Minh,4.8,660,Sinh tố/Nước ép/Sữa,189,10.79304027557373,106.69918823242188,45000
80,Sinh Tố Tao Đàn - Hoàng Sa,[Deal 7k] Nước ép cam,SL có hạn. 1 KM/đơn hàng từ 65k.,7000,36,0,0,quận 1,Hồ Chí Minh,4.8,660,Sinh tố/Nước ép/Sữa,189,10.79304027557373,106.69918823242188,45000
80,Sinh Tố Tao Đàn - Hoàng Sa,Rau Má Sữa Dừa,650mL,38000,58,0,0,quận 1,Hồ Chí Minh,4.8,660,Sinh tố/Nước ép/Sữa,189,10.79304027557373,106.69918823242188,45000
80,Sinh Tố Tao Đàn - Hoàng Sa,Rau Má Sữa,,40000,42,0,0,quận 1,Hồ Chí Minh,4.8,660,Sinh tố/Nước ép/Sữa,189,10.79304027557373,106.69918823242188,45000
80,Sinh Tố Tao Đàn - Hoàng Sa,Rau Má Sữa Dừa Đậu Xanh,650mL,40000,57,1,0,quận 1,Hồ Chí Minh,4.8,660,Sinh tố/Nước ép/Sữa,189,10.79304027557373,106.69918823242188,45000
80,Sinh Tố Tao Đàn - Hoàng Sa,Rau Má,650mL,28000,88,1,1,quận 1,Hồ Chí Minh,4.8,660,Sinh tố/Nước ép/Sữa,189,10.79304027557373,106.69918823242188,45000
80,Sinh Tố Tao Đàn - Hoàng Sa,Rau Má Sữa Dừa Sầu Riêng,650mL,45000,20,0,0,quận 1,Hồ Chí Minh,4.8,660,Sinh tố/Nước ép/Sữa,189,10.79304027557373,106.69918823242188,45000
80,Sinh Tố Tao Đàn - Hoàng Sa,Đậu Nành,,28000,29,0,0,quận 1,Hồ Chí Minh,4.8,660,Sinh tố/Nước ép/Sữa,189,10.79304027557373,106.69918823242188,45000
80,Sinh Tố Tao Đàn - Hoàng Sa,Đậu Nành Sữa Dừa,,40000,9,0,0,quận 1,Hồ Chí Minh,4.8,660,Sinh tố/Nước ép/Sữa,189,10.79304027557373,106.69918823242188,45000
80,Sinh Tố Tao Đàn - Hoàng Sa,Đậu Nành Rau Má Sương Sáo,,45000,54,2,0,quận 1,Hồ Chí Minh,4.8,660,Sinh tố/Nước ép/Sữa,189,10.79304027557373,106.69918823242188,45000
80,Sinh Tố Tao Đàn - Hoàng Sa,Đậu Nành Sữa Dừa Sương Sáo,,45000,31,2,0,quận 1,Hồ Chí Minh,4.8,660,Sinh tố/Nước ép/Sữa,189,10.79304027557373,106.69918823242188,45000
80,Sinh Tố Tao Đàn - Hoàng Sa,Americano,650mL,30000,39,0,0,quận 1,Hồ Chí Minh,4.8,660,Sinh tố/Nước ép/Sữa,189,10.79304027557373,106.69918823242188,45000
80,Sinh Tố Tao Đàn - Hoàng Sa,Ca Cao,Đá ( không có nóng),35000,49,0,0,quận 1,Hồ Chí Minh,4.8,660,Sinh tố/Nước ép/Sữa,189,10.79304027557373,106.69918823242188,45000
80,Sinh Tố Tao Đàn - Hoàng Sa,Cà Phê Sữa Pha Máy,,30000,74,0,0,quận 1,Hồ Chí Minh,4.8,660,Sinh tố/Nước ép/Sữa,189,10.79304027557373,106.69918823242188,45000
80,Sinh Tố Tao Đàn - Hoàng Sa,Cà Phê Đen Pha Máy,,27000,14,2,0,quận 1,Hồ Chí Minh,4.8,660,Sinh tố/Nước ép/Sữa,189,10.79304027557373,106.69918823242188,45000
80,Sinh Tố Tao Đàn - Hoàng Sa,Bạc Sỉu,,35000,31,0,0,quận 1,Hồ Chí Minh,4.8,660,Sinh tố/Nước ép/Sữa,189,10.79304027557373,106.69918823242188,45000
80,Sinh Tố Tao Đàn - Hoàng Sa,Cà Phê Đá Xay,,35000,40,0,0,quận 1,Hồ Chí Minh,4.8,660,Sinh tố/Nước ép/Sữa,189,10.79304027557373,106.69918823242188,45000
80,Sinh Tố Tao Đàn - Hoàng Sa,Cà Phê Dừa,,40000,27,0,0,quận 1,Hồ Chí Minh,4.8,660,Sinh tố/Nước ép/Sữa,189,10.79304027557373,106.69918823242188,45000
80,Sinh Tố Tao Đàn - Hoàng Sa,Sữa Tươi Cà Phê Sương Sáo,,45000,31,0,0,quận 1,Hồ Chí Minh,4.8,660,Sinh tố/Nước ép/Sữa,189,10.79304027557373,106.69918823242188,45000
80,Sinh Tố Tao Đàn - Hoàng Sa,Cà phê muối,,35000,29,2,0,quận 1,Hồ Chí Minh,4.8,660,Sinh tố/Nước ép/Sữa,189,10.79304027557373,106.69918823242188,45000
80,Sinh Tố Tao Đàn - Hoàng Sa,Ép Chanh Dây,,35000,48,0,0,quận 1,Hồ Chí Minh,4.8,660,Sinh tố/Nước ép/Sữa,189,10.79304027557373,106.69918823242188,45000
80,Sinh Tố Tao Đàn - Hoàng Sa,Ép Cóc,,35000,77,3,0,quận 1,Hồ Chí Minh,4.8,660,Sinh tố/Nước ép/Sữa,189,10.79304027557373,106.69918823242188,45000
80,Sinh Tố Tao Đàn - Hoàng Sa,Ép Dưa Hấu,,35000,117,1,0,quận 1,Hồ Chí Minh,4.8,660,Sinh tố/Nước ép/Sữa,189,10.79304027557373,106.69918823242188,45000
80,Sinh Tố Tao Đàn - Hoàng Sa,Ép Cam,,35000,132,0,0,quận 1,Hồ Chí Minh,4.8,660,Sinh tố/Nước ép/Sữa,189,10.79304027557373,106.69918823242188,45000
80,Sinh Tố Tao Đàn - Hoàng Sa,Ép Thơm,,35000,172,0,0,quận 1,Hồ Chí Minh,4.8,660,Sinh tố/Nước ép/Sữa,189,10.79304027557373,106.69918823242188,45000
80,Sinh Tố Tao Đàn - Hoàng Sa,Ép Cà Rốt,,35000,41,2,0,quận 1,Hồ Chí Minh,4.8,660,Sinh tố/Nước ép/Sữa,189,10.79304027557373,106.69918823242188,45000
80,Sinh Tố Tao Đàn - Hoàng Sa,Ép Ổi,,35000,182,1,0,quận 1,Hồ Chí Minh,4.8,660,Sinh tố/Nước ép/Sữa,189,10.79304027557373,106.69918823242188,45000
80,Sinh Tố Tao Đàn - Hoàng Sa,Sinh Tố Bơ Dừa Đậu Xanh,,50000,148,6,0,quận 1,Hồ Chí Minh,4.8,660,Sinh tố/Nước ép/Sữa,189,10.79304027557373,106.69918823242188,45000
80,Sinh Tố Tao Đàn - Hoàng Sa,Sinh Tố Bơ Chuối,,48000,165,0,0,quận 1,Hồ Chí Minh,4.8,660,Sinh tố/Nước ép/Sữa,189,10.79304027557373,106.69918823242188,45000
80,Sinh Tố Tao Đàn - Hoàng Sa,Sinh Tố Bơ Cà Phê,,48000,96,0,3,quận 1,Hồ Chí Minh,4.8,660,Sinh tố/Nước ép/Sữa,189,10.79304027557373,106.69918823242188,45000
80,Sinh Tố Tao Đàn - Hoàng Sa,Sinh Tố Bơ Đậu Xanh,,48000,87,3,0,quận 1,Hồ Chí Minh,4.8,660,Sinh tố/Nước ép/Sữa,189,10.79304027557373,106.69918823242188,45000
80,Sinh Tố Tao Đàn - Hoàng Sa,Sinh Tố Bơ,,48000,844,5,2,quận 1,Hồ Chí Minh,4.8,660,Sinh tố/Nước ép/Sữa,189,10.79304027557373,106.69918823242188,45000
80,Sinh Tố Tao Đàn - Hoàng Sa,Sinh Tố Bơ Dừa,,48000,443,7,1,quận 1,Hồ Chí Minh,4.8,660,Sinh tố/Nước ép/Sữa,189,10.79304027557373,106.69918823242188,45000
80,Sinh Tố Tao Đàn - Hoàng Sa,Sinh Tố Bơ Xoài,,48000,65,0,1,quận 1,Hồ Chí Minh,4.8,660,Sinh tố/Nước ép/Sữa,189,10.79304027557373,106.69918823242188,45000
80,Sinh Tố Tao Đàn - Hoàng Sa,Sinh Tố Bơ Cacao,350ML,48000,71,0,0,quận 1,Hồ Chí Minh,4.8,660,Sinh tố/Nước ép/Sữa,189,10.79304027557373,106.69918823242188,45000
80,Sinh Tố Tao Đàn - Hoàng Sa,Sinh Tố Việt Quất,Blueberry Smoothie,37000,38,0,0,quận 1,Hồ Chí Minh,4.8,660,Sinh tố/Nước ép/Sữa,189,10.79304027557373,106.69918823242188,45000
80,Sinh Tố Tao Đàn - Hoàng Sa,Sinh Tố Xoài Chanh Dây,,45000,81,2,0,quận 1,Hồ Chí Minh,4.8,660,Sinh tố/Nước ép/Sữa,189,10.79304027557373,106.69918823242188,45000
80,Sinh Tố Tao Đàn - Hoàng Sa,Sinh Tố Dừa Ca Cao,,45000,176,1,0,quận 1,Hồ Chí Minh,4.8,660,Sinh tố/Nước ép/Sữa,189,10.79304027557373,106.69918823242188,45000
80,Sinh Tố Tao Đàn - Hoàng Sa,Sinh Tố Dừa Đậu Xanh,,45000,49,1,0,quận 1,Hồ Chí Minh,4.8,660,Sinh tố/Nước ép/Sữa,189,10.79304027557373,106.69918823242188,45000
80,Sinh Tố Tao Đàn - Hoàng Sa,Sinh Tố Xoài Dâu,,45000,51,1,0,quận 1,Hồ Chí Minh,4.8,660,Sinh tố/Nước ép/Sữa,189,10.79304027557373,106.69918823242188,45000
80,Sinh Tố Tao Đàn - Hoàng Sa,Sinh Tố Mãng Cầu Dâu,,45000,111,3,0,quận 1,Hồ Chí Minh,4.8,660,Sinh tố/Nước ép/Sữa,189,10.79304027557373,106.69918823242188,45000
80,Sinh Tố Tao Đàn - Hoàng Sa,Dâu yogurt,,48000,144,5,0,quận 1,Hồ Chí Minh,4.8,660,Sinh tố/Nước ép/Sữa,189,10.79304027557373,106.69918823242188,45000
80,Sinh Tố Tao Đàn - Hoàng Sa,Sinh Tố Chuối Ca Cao,,45000,55,0,0,quận 1,Hồ Chí Minh,4.8,660,Sinh tố/Nước ép/Sữa,189,10.79304027557373,106.69918823242188,45000
80,Sinh Tố Tao Đàn - Hoàng Sa,Sinh Tố Chuối Dâu,,45000,200,8,1,quận 1,Hồ Chí Minh,4.8,660,Sinh tố/Nước ép/Sữa,189,10.79304027557373,106.69918823242188,45000
80,Sinh Tố Tao Đàn - Hoàng Sa,Sinh Tố Mãng Cầu Chanh Dây,Peach Passion Tea,45000,57,2,0,quận 1,Hồ Chí Minh,4.8,660,Sinh tố/Nước ép/Sữa,189,10.79304027557373,106.69918823242188,45000
80,Sinh Tố Tao Đàn - Hoàng Sa,Sinh Tố Chuối Việt Quất,,45000,93,0,0,quận 1,Hồ Chí Minh,4.8,660,Sinh tố/Nước ép/Sữa,189,10.79304027557373,106.69918823242188,45000
80,Sinh Tố Tao Đàn - Hoàng Sa,Xoài Nhiệt Đới,,48000,46,2,0,quận 1,Hồ Chí Minh,4.8,660,Sinh tố/Nước ép/Sữa,189,10.79304027557373,106.69918823242188,45000
80,Sinh Tố Tao Đàn - Hoàng Sa,Sinh Tố Dừa Sapoche,,45000,76,2,0,quận 1,Hồ Chí Minh,4.8,660,Sinh tố/Nước ép/Sữa,189,10.79304027557373,106.69918823242188,45000
80,Sinh Tố Tao Đàn - Hoàng Sa,Sinh Tố Sapoche Cà phê,,45000,140,1,0,quận 1,Hồ Chí Minh,4.8,660,Sinh tố/Nước ép/Sữa,189,10.79304027557373,106.69918823242188,45000
80,Sinh Tố Tao Đàn - Hoàng Sa,Sinh Tố Dừa Dâu,,45000,89,3,0,quận 1,Hồ Chí Minh,4.8,660,Sinh tố/Nước ép/Sữa,189,10.79304027557373,106.69918823242188,45000
80,Sinh Tố Tao Đàn - Hoàng Sa,Sinh Tố Bơ Việt Quất,Avocado Blueberry Smoothie,48000,46,0,0,quận 1,Hồ Chí Minh,4.8,660,Sinh tố/Nước ép/Sữa,189,10.79304027557373,106.69918823242188,45000
80,Sinh Tố Tao Đàn - Hoàng Sa,Sinh Tố Sapoche Cacao,350ML,45000,26,0,0,quận 1,Hồ Chí Minh,4.8,660,Sinh tố/Nước ép/Sữa,189,10.79304027557373,106.69918823242188,45000
80,Sinh Tố Tao Đàn - Hoàng Sa,Trà Việt Quất Chanh Dây,,45000,20,1,0,quận 1,Hồ Chí Minh,4.8,660,Sinh tố/Nước ép/Sữa,189,10.79304027557373,106.69918823242188,45000
80,Sinh Tố Tao Đàn - Hoàng Sa,Trà Ổi Chanh Dây,650mL,45000,19,0,0,quận 1,Hồ Chí Minh,4.8,660,Sinh tố/Nước ép/Sữa,189,10.79304027557373,106.69918823242188,45000
80,Sinh Tố Tao Đàn - Hoàng Sa,Trà Vải,650mL,45000,35,0,0,quận 1,Hồ Chí Minh,4.8,660,Sinh tố/Nước ép/Sữa,189,10.79304027557373,106.69918823242188,45000
80,Sinh Tố Tao Đàn - Hoàng Sa,Trà Đào,650mL,45000,31,0,0,quận 1,Hồ Chí Minh,4.8,660,Sinh tố/Nước ép/Sữa,189,10.79304027557373,106.69918823242188,45000
80,Sinh Tố Tao Đàn - Hoàng Sa,Trà Cam Xoài,,45000,25,0,0,quận 1,Hồ Chí Minh,4.8,660,Sinh tố/Nước ép/Sữa,189,10.79304027557373,106.69918823242188,45000
80,Sinh Tố Tao Đàn - Hoàng Sa,Trà Đào Vải,,45000,50,1,0,quận 1,Hồ Chí Minh,4.8,660,Sinh tố/Nước ép/Sữa,189,10.79304027557373,106.69918823242188,45000
80,Sinh Tố Tao Đàn - Hoàng Sa,Trà Ổi Cam Đào,,45000,15,0,0,quận 1,Hồ Chí Minh,4.8,660,Sinh tố/Nước ép/Sữa,189,10.79304027557373,106.69918823242188,45000
80,Sinh Tố Tao Đàn - Hoàng Sa,Trà Bí Đao Sương Sáo,,45000,32,0,0,quận 1,Hồ Chí Minh,4.8,660,Sinh tố/Nước ép/Sữa,189,10.79304027557373,106.69918823242188,45000
80,Sinh Tố Tao Đàn - Hoàng Sa,Trà Mãng Cầu,,45000,63,3,1,quận 1,Hồ Chí Minh,4.8,660,Sinh tố/Nước ép/Sữa,189,10.79304027557373,106.69918823242188,45000
80,Sinh Tố Tao Đàn - Hoàng Sa,Trà Đào Chanh Dây,Peach Passion Tea,45000,4,0,0,quận 1,Hồ Chí Minh,4.8,660,Sinh tố/Nước ép/Sữa,189,10.79304027557373,106.69918823242188,45000
80,Sinh Tố Tao Đàn - Hoàng Sa,Ép Cam Thơm Đóng Chai,Đóng chai không đá,45000,68,0,0,quận 1,Hồ Chí Minh,4.8,660,Sinh tố/Nước ép/Sữa,189,10.79304027557373,106.69918823242188,45000
80,Sinh Tố Tao Đàn - Hoàng Sa,Ép Dưa Hấu Đóng Chai,Đóng chai không đá,45000,23,0,0,quận 1,Hồ Chí Minh,4.8,660,Sinh tố/Nước ép/Sữa,189,10.79304027557373,106.69918823242188,45000
80,Sinh Tố Tao Đàn - Hoàng Sa,Ép Cóc Đóng Chai,Đóng chai không đá,45000,20,0,0,quận 1,Hồ Chí Minh,4.8,660,Sinh tố/Nước ép/Sữa,189,10.79304027557373,106.69918823242188,45000
80,Sinh Tố Tao Đàn - Hoàng Sa,Ép Thơm Ổi Đóng chai,Đóng chai không đá,45000,48,0,0,quận 1,Hồ Chí Minh,4.8,660,Sinh tố/Nước ép/Sữa,189,10.79304027557373,106.69918823242188,45000
80,Sinh Tố Tao Đàn - Hoàng Sa,Ép Thơm Đóng Chai,Đóng chai không đá,45000,44,0,0,quận 1,Hồ Chí Minh,4.8,660,Sinh tố/Nước ép/Sữa,189,10.79304027557373,106.69918823242188,45000
80,Sinh Tố Tao Đàn - Hoàng Sa,Ép Ổi Đóng Chai,Đóng chai không đá,45000,36,0,0,quận 1,Hồ Chí Minh,4.8,660,Sinh tố/Nước ép/Sữa,189,10.79304027557373,106.69918823242188,45000
80,Sinh Tố Tao Đàn - Hoàng Sa,Ép Thơm Cà Rốt Đóng Chai,Đóng chai không đá,45000,23,0,0,quận 1,Hồ Chí Minh,4.8,660,Sinh tố/Nước ép/Sữa,189,10.79304027557373,106.69918823242188,45000
80,Sinh Tố Tao Đàn - Hoàng Sa,Ép Cà Rốt Chanh Dây Đóng Chai,Đóng chai không đá,45000,7,0,0,quận 1,Hồ Chí Minh,4.8,660,Sinh tố/Nước ép/Sữa,189,10.79304027557373,106.69918823242188,45000
80,Sinh Tố Tao Đàn - Hoàng Sa,Ép Cà Rốt Đóng Chai,Đóng chai không đá,45000,15,0,0,quận 1,Hồ Chí Minh,4.8,660,Sinh tố/Nước ép/Sữa,189,10.79304027557373,106.69918823242188,45000
80,Sinh Tố Tao Đàn - Hoàng Sa,Ép Cam Cà Rốt Đóng Chai,Đóng chai không đá,45000,24,0,0,quận 1,Hồ Chí Minh,4.8,660,Sinh tố/Nước ép/Sữa,189,10.79304027557373,106.69918823242188,45000
80,Sinh Tố Tao Đàn - Hoàng Sa,Ép Cam Ổi Đóng Chai,Đóng chai không đá,45000,12,0,0,quận 1,Hồ Chí Minh,4.8,660,Sinh tố/Nước ép/Sữa,189,10.79304027557373,106.69918823242188,45000
80,Sinh Tố Tao Đàn - Hoàng Sa,Ép Thơm Dưa Hấu Đóng Chai,,45000,8,0,0,quận 1,Hồ Chí Minh,4.8,660,Sinh tố/Nước ép/Sữa,189,10.79304027557373,106.69918823242188,45000
80,Sinh Tố Tao Đàn - Hoàng Sa,Ép Thơm Chanh Dây Đóng chai,Đóng chai không đá,45000,6,0,0,quận 1,Hồ Chí Minh,4.8,660,Sinh tố/Nước ép/Sữa,189,10.79304027557373,106.69918823242188,45000
80,Sinh Tố Tao Đàn - Hoàng Sa,Sữa Chua Chanh Dây,Đá Riêng,38000,34,0,0,quận 1,Hồ Chí Minh,4.8,660,Sinh tố/Nước ép/Sữa,189,10.79304027557373,106.69918823242188,45000
80,Sinh Tố Tao Đàn - Hoàng Sa,Sữa Chua Đá,Đá Riêng,38000,18,0,0,quận 1,Hồ Chí Minh,4.8,660,Sinh tố/Nước ép/Sữa,189,10.79304027557373,106.69918823242188,45000
80,Sinh Tố Tao Đàn - Hoàng Sa,Sữa Chua Xoài,Đá Riêng,38000,16,0,0,quận 1,Hồ Chí Minh,4.8,660,Sinh tố/Nước ép/Sữa,189,10.79304027557373,106.69918823242188,45000
80,Sinh Tố Tao Đàn - Hoàng Sa,Sữa Chua Dâu Tây,Đá Riêng,38000,39,1,0,quận 1,Hồ Chí Minh,4.8,660,Sinh tố/Nước ép/Sữa,189,10.79304027557373,106.69918823242188,45000
80,Sinh Tố Tao Đàn - Hoàng Sa,Sữa chua Việt Quất,Đá Riêng,38000,79,2,0,quận 1,Hồ Chí Minh,4.8,660,Sinh tố/Nước ép/Sữa,189,10.79304027557373,106.69918823242188,45000
80,Sinh Tố Tao Đàn - Hoàng Sa,Sữa Chua Đào,Đá Riêng,38000,23,1,0,quận 1,Hồ Chí Minh,4.8,660,Sinh tố/Nước ép/Sữa,189,10.79304027557373,106.69918823242188,45000
80,Sinh Tố Tao Đàn - Hoàng Sa,Ép Cam Thơm,,38000,86,0,0,quận 1,Hồ Chí Minh,4.8,660,Sinh tố/Nước ép/Sữa,189,10.79304027557373,106.69918823242188,45000
80,Sinh Tố Tao Đàn - Hoàng Sa,Ép Thơm Dưa Hấu,,38000,23,1,0,quận 1,Hồ Chí Minh,4.8,660,Sinh tố/Nước ép/Sữa,189,10.79304027557373,106.69918823242188,45000
80,Sinh Tố Tao Đàn - Hoàng Sa,Ép Thơm Chanh Dây,,38000,25,1,0,quận 1,Hồ Chí Minh,4.8,660,Sinh tố/Nước ép/Sữa,189,10.79304027557373,106.69918823242188,45000
80,Sinh Tố Tao Đàn - Hoàng Sa,Ép Thơm Cà Rốt,,38000,55,0,0,quận 1,Hồ Chí Minh,4.8,660,Sinh tố/Nước ép/Sữa,189,10.79304027557373,106.69918823242188,45000
80,Sinh Tố Tao Đàn - Hoàng Sa,Ép Thơm Ổi,,38000,62,0,0,quận 1,Hồ Chí Minh,4.8,660,Sinh tố/Nước ép/Sữa,189,10.79304027557373,106.69918823242188,45000
80,Sinh Tố Tao Đàn - Hoàng Sa,Ép Cam Cà Rốt,,38000,47,0,0,quận 1,Hồ Chí Minh,4.8,660,Sinh tố/Nước ép/Sữa,189,10.79304027557373,106.69918823242188,45000
80,Sinh Tố Tao Đàn - Hoàng Sa,Ép Cà Rốt Chanh Dây,,38000,18,0,0,quận 1,Hồ Chí Minh,4.8,660,Sinh tố/Nước ép/Sữa,189,10.79304027557373,106.69918823242188,45000
80,Sinh Tố Tao Đàn - Hoàng Sa,Ép Cam Ổi,,38000,14,0,0,quận 1,Hồ Chí Minh,4.8,660,Sinh tố/Nước ép/Sữa,189,10.79304027557373,106.69918823242188,45000
80,Sinh Tố Tao Đàn - Hoàng Sa,Ép Cam Dâu,,38000,63,2,0,quận 1,Hồ Chí Minh,4.8,660,Sinh tố/Nước ép/Sữa,189,10.79304027557373,106.69918823242188,45000
80,Sinh Tố Tao Đàn - Hoàng Sa,Soda Vải,,38000,15,0,0,quận 1,Hồ Chí Minh,4.8,660,Sinh tố/Nước ép/Sữa,189,10.79304027557373,106.69918823242188,45000
80,Sinh Tố Tao Đàn - Hoàng Sa,Soda Việt Quất,,38000,21,0,0,quận 1,Hồ Chí Minh,4.8,660,Sinh tố/Nước ép/Sữa,189,10.79304027557373,106.69918823242188,45000
80,Sinh Tố Tao Đàn - Hoàng Sa,Soda Đào,,38000,12,0,0,quận 1,Hồ Chí Minh,4.8,660,Sinh tố/Nước ép/Sữa,189,10.79304027557373,106.69918823242188,45000
80,Sinh Tố Tao Đàn - Hoàng Sa,Soda Chanh Dây,,38000,45,2,0,quận 1,Hồ Chí Minh,4.8,660,Sinh tố/Nước ép/Sữa,189,10.79304027557373,106.69918823242188,45000
80,Sinh Tố Tao Đàn - Hoàng Sa,Soda Chanh,,38000,15,0,0,quận 1,Hồ Chí Minh,4.8,660,Sinh tố/Nước ép/Sữa,189,10.79304027557373,106.69918823242188,45000
80,Sinh Tố Tao Đàn - Hoàng Sa,Cookie Dừa,,45000,24,1,0,quận 1,Hồ Chí Minh,4.8,660,Sinh tố/Nước ép/Sữa,189,10.79304027557373,106.69918823242188,45000
80,Sinh Tố Tao Đàn - Hoàng Sa,Cookie Đá Xay,,45000,53,1,0,quận 1,Hồ Chí Minh,4.8,660,Sinh tố/Nước ép/Sữa,189,10.79304027557373,106.69918823242188,45000
80,Sinh Tố Tao Đàn - Hoàng Sa,Cookie Chuối,,45000,19,2,0,quận 1,Hồ Chí Minh,4.8,660,Sinh tố/Nước ép/Sữa,189,10.79304027557373,106.69918823242188,45000
80,Sinh Tố Tao Đàn - Hoàng Sa,Sinh Tố Chuối Cà Phê,,45000,11,0,0,quận 1,Hồ Chí Minh,4.8,660,Sinh tố/Nước ép/Sữa,189,10.79304027557373,106.69918823242188,45000
8710,Rau Má Mix - 192H Cách Mạng Tháng Tám,DEAL SIÊU HỜI 1,Mua 1 Combo 1 (Size lớn) + 1 Combo 2 (Size lớn) Tặng 1 Rau Má Nguyên Chất (size lớn),80000,23,0,0,Quận 3,Thành phố Hồ Chí Minh,5.0,804,Sinh tố/Nước ép/Sữa,189,10.779430389404297,106.67877960205078,31000
8710,Rau Má Mix - 192H Cách Mạng Tháng Tám,DEAL SIÊU HỜI 2,Mua 1 Combo 3 (Size lớn) + 1 Combo 2 (Size lớn) Tặng 1 Rau Má Nguyên Chất (size lớn),80000,10,0,0,Quận 3,Thành phố Hồ Chí Minh,5.0,804,Sinh tố/Nước ép/Sữa,189,10.779430389404297,106.67877960205078,31000
8710,Rau Má Mix - 192H Cách Mạng Tháng Tám,DEAL SIÊU HỜI 3,Mua 1 Combo 1 (Size lớn) + 1 Combo 4 (Size lớn) Tặng 1 Rau Má Nguyên Chất (size lớn),80000,7,0,0,Quận 3,Thành phố Hồ Chí Minh,5.0,804,Sinh tố/Nước ép/Sữa,189,10.779430389404297,106.67877960205078,31000
8710,Rau Má Mix - 192H Cách Mạng Tháng Tám,Rau má mix sầu riêng sữa dừa,"Nước ép rau má tươi nguyên chất thanh mát + Sữa sầu riêng thơm béo với công nghệ sấy ""thăng hoa"" + Sữa dừa dịu ngọt",26000,630,12,0,Quận 3,Thành phố Hồ Chí Minh,5.0,804,Sinh tố/Nước ép/Sữa,189,10.779430389404297,106.67877960205078,31000
8710,Rau Má Mix - 192H Cách Mạng Tháng Tám,Rau má mix sữa khoai môn đậu đỏ,Nước ép rau má tươi nguyên chất thanh mát + Sữa khoai môn sánh dẻo + Đậu đỏ thơm bùi,33000,38,0,0,Quận 3,Thành phố Hồ Chí Minh,5.0,804,Sinh tố/Nước ép/Sữa,189,10.779430389404297,106.67877960205078,31000
8710,Rau Má Mix - 192H Cách Mạng Tháng Tám,Rau má mix sữa dừa đậu đỏ,"Nước ép rau má tươi nguyên chất thanh mát + Sữa dừa béo ngậy + Đậu đỏ bùi bùi, thơm ngon",33000,48,0,0,Quận 3,Thành phố Hồ Chí Minh,5.0,804,Sinh tố/Nước ép/Sữa,189,10.779430389404297,106.67877960205078,31000
8710,Rau Má Mix - 192H Cách Mạng Tháng Tám,Rau má mix sữa khoai môn đậu đỏ,Nước ép rau má tươi nguyên chất thanh mát + Sữa khoai môn sánh dẻo + Đậu đỏ thơm bùi,33000,45,0,0,Quận 3,Thành phố Hồ Chí Minh,5.0,804,Sinh tố/Nước ép/Sữa,189,10.779430389404297,106.67877960205078,31000
8710,Rau Má Mix - 192H Cách Mạng Tháng Tám,Rau má sữa dừa,Nước rau má tươi nguyên chất thanh mát + Sữa dừa dịu ngọt,22000,910,15,0,Quận 3,Thành phố Hồ Chí Minh,5.0,804,Sinh tố/Nước ép/Sữa,189,10.779430389404297,106.67877960205078,31000
8710,Rau Má Mix - 192H Cách Mạng Tháng Tám,Rau má mix đậu xanh sữa dừa.,Nước rau má tươi nguyên chất thanh mát + Sữa đậu xanh ngọt bùi + Sữa dừa dịu ngọt ,24000,1920,26,0,Quận 3,Thành phố Hồ Chí Minh,5.0,804,Sinh tố/Nước ép/Sữa,189,10.779430389404297,106.67877960205078,31000
8710,Rau Má Mix - 192H Cách Mạng Tháng Tám,Rau má mix khoai môn sữa dừa,"Nước rau má tươi nguyên chất thanh mát + Sữa khoai môn sánh dẻo, thơm bùi + Sữa dừa dịu ngọt ",24000,216,1,0,Quận 3,Thành phố Hồ Chí Minh,5.0,804,Sinh tố/Nước ép/Sữa,189,10.779430389404297,106.67877960205078,31000
8710,Rau Má Mix - 192H Cách Mạng Tháng Tám,Rau má khoai môn khúc bạch,"Nước rau má tươi nguyên chất thanh mát + Sữa khoai môn sánh dẻo, thơm bùi + Sữa dừa dịu ngọt + Topping khúc bạch khoai môn dẻo bùi",30000,88,1,0,Quận 3,Thành phố Hồ Chí Minh,5.0,804,Sinh tố/Nước ép/Sữa,189,10.779430389404297,106.67877960205078,31000
8710,Rau Má Mix - 192H Cách Mạng Tháng Tám,Rau má sầu riêng khúc bạch trứng tươi,"Nước rau má tươi nguyên chất thanh mát + Sữa sầu riêng thơm lừng, béo ngậy + Sữa dừa dịu ngọt + Topping hhúc bạch trứng tươi thơm béo, dẻo mịn",33000,68,1,0,Quận 3,Thành phố Hồ Chí Minh,5.0,804,Sinh tố/Nước ép/Sữa,189,10.779430389404297,106.67877960205078,31000
8710,Rau Má Mix - 192H Cách Mạng Tháng Tám,Rau má đậu xanh khúc bạch trứng tươi,"Nước rau má tươi nguyên chất thanh mát + Sữa đậu xanh ngọt bùi + Sữa dừa dịu ngọt + Topping khúc bạch trứng tươi thơm béo, dẻo mịn",31000,49,0,0,Quận 3,Thành phố Hồ Chí Minh,5.0,804,Sinh tố/Nước ép/Sữa,189,10.779430389404297,106.67877960205078,31000
8710,Rau Má Mix - 192H Cách Mạng Tháng Tám,Rau má nguyên chất,Nước ép rau má tươi nguyên chất thanh mát và thơm ngon,13000,1258,10,0,Quận 3,Thành phố Hồ Chí Minh,5.0,804,Sinh tố/Nước ép/Sữa,189,10.779430389404297,106.67877960205078,31000
8710,Rau Má Mix - 192H Cách Mạng Tháng Tám,Combo 1,Rau má mix: đậu xanh sữa dừa + trân châu lá dứa + thạch củ năng + sương sáo hạt chia,35000,445,1,0,Quận 3,Thành phố Hồ Chí Minh,5.0,804,Sinh tố/Nước ép/Sữa,189,10.779430389404297,106.67877960205078,31000
8710,Rau Má Mix - 192H Cách Mạng Tháng Tám,Combo 2,Rau má mix: đậu xanh sữa dừa + thạch nha đam + thạch lá dứa + trân châu tuyết trắng,35000,282,1,1,Quận 3,Thành phố Hồ Chí Minh,5.0,804,Sinh tố/Nước ép/Sữa,189,10.779430389404297,106.67877960205078,31000
8710,Rau Má Mix - 192H Cách Mạng Tháng Tám,Combo 3,Rau má mix: khoai môn sữa dừa + thạch củ năng + thạch lá dứa + sương sáo hạt chia,35000,109,5,0,Quận 3,Thành phố Hồ Chí Minh,5.0,804,Sinh tố/Nước ép/Sữa,189,10.779430389404297,106.67877960205078,31000
8710,Rau Má Mix - 192H Cách Mạng Tháng Tám,Combo 4,Rau má mix: sữa dừa + thạch củ năng + trân châu tuyết trắng + sương sáo hạt chia,35000,116,0,0,Quận 3,Thành phố Hồ Chí Minh,5.0,804,Sinh tố/Nước ép/Sữa,189,10.779430389404297,106.67877960205078,31000
8710,Rau Má Mix - 192H Cách Mạng Tháng Tám,Combo 5,Sữa đậu xanh cốt dừa + trân châu lá dứa + thạch củ năng + thạch lá dứa,35000,79,3,0,Quận 3,Thành phố Hồ Chí Minh,5.0,804,Sinh tố/Nước ép/Sữa,189,10.779430389404297,106.67877960205078,31000
8710,Rau Má Mix - 192H Cách Mạng Tháng Tám,Combo 6,Sữa khoai môn cốt dừa + Sương sáo hạt chia + thạch lá dứa + trân châu tuyết trắng,35000,62,1,0,Quận 3,Thành phố Hồ Chí Minh,5.0,804,Sinh tố/Nước ép/Sữa,189,10.779430389404297,106.67877960205078,31000
8710,Rau Má Mix - 192H Cách Mạng Tháng Tám,Combo 7,Rau má mix: sầu riêng sữa dừa + thạch nha đam + sương sáo hạt chia + thạch lá dứa,37000,66,2,0,Quận 3,Thành phố Hồ Chí Minh,5.0,804,Sinh tố/Nước ép/Sữa,189,10.779430389404297,106.67877960205078,31000
8710,Rau Má Mix - 192H Cách Mạng Tháng Tám,Combo 8,Rau má mix: sầu riêng sữa dừa + thạch củ năng + thạch lá dứa + trân châu tuyết trắng,37000,154,0,0,Quận 3,Thành phố Hồ Chí Minh,5.0,804,Sinh tố/Nước ép/Sữa,189,10.779430389404297,106.67877960205078,31000
8710,Rau Má Mix - 192H Cách Mạng Tháng Tám,Nước ép Cam Tươi,"Cung cấp Vitamin C giúp tăng đề kháng, bổ sung năng lượng và làm sáng da.",26000,17,1,0,Quận 3,Thành phố Hồ Chí Minh,5.0,804,Sinh tố/Nước ép/Sữa,189,10.779430389404297,106.67877960205078,31000
8710,Rau Má Mix - 192H Cách Mạng Tháng Tám,Nước ép Cam Thơm Tươi,"Cam và Thơm giàu Vitamin C giúp hỗ trợ tiêu hóa, tăng đề kháng và da sáng khỏe.",28000,37,1,0,Quận 3,Thành phố Hồ Chí Minh,5.0,804,Sinh tố/Nước ép/Sữa,189,10.779430389404297,106.67877960205078,31000
8710,Rau Má Mix - 192H Cách Mạng Tháng Tám,Nước ép Thơm Tươi,"Hỗ trợ tiêu hóa, giàu chất chống oxy hóa giúp da khỏe, dáng gọn.",28000,42,0,0,Quận 3,Thành phố Hồ Chí Minh,5.0,804,Sinh tố/Nước ép/Sữa,189,10.779430389404297,106.67877960205078,31000
8710,Rau Má Mix - 192H Cách Mạng Tháng Tám,Nước ép Dưa Hấu Tươi,Dưa hấu cung cấp Vitamin A & C giúp giải nhiệt và hỗ trợ đào thải độc tố.,28000,27,0,0,Quận 3,Thành phố Hồ Chí Minh,5.0,804,Sinh tố/Nước ép/Sữa,189,10.779430389404297,106.67877960205078,31000
8710,Rau Má Mix - 192H Cách Mạng Tháng Tám,Trà Lài Vải Lục Ngạn,"Chứa nhiều Vitamin C, polyphenol giúp chống oxy hóa, tăng cường đề kháng.",32000,25,0,0,Quận 3,Thành phố Hồ Chí Minh,5.0,804,Sinh tố/Nước ép/Sữa,189,10.779430389404297,106.67877960205078,31000
8710,Rau Má Mix - 192H Cách Mạng Tháng Tám,Trà Lài Đào Lát,"Giàu Collagen & Vitamin C, giúp da căng mướt, giảm thâm sạm.",32000,15,0,0,Quận 3,Thành phố Hồ Chí Minh,5.0,804,Sinh tố/Nước ép/Sữa,189,10.779430389404297,106.67877960205078,31000
8710,Rau Má Mix - 192H Cách Mạng Tháng Tám,Trà Lài Ổi Hồng,"Ổi hồng chứa lượng Vitamin C cao, giúp sáng da, tăng cường miễn dịch.",32000,12,0,0,Quận 3,Thành phố Hồ Chí Minh,5.0,804,Sinh tố/Nước ép/Sữa,189,10.779430389404297,106.67877960205078,31000
8710,Rau Má Mix - 192H Cách Mạng Tháng Tám,Trà Lài Lựu Đỏ,"Lựu đỏ giàu Polyphenol & Vitamin E giúp tăng cường trao đổi chất, tươi trẻ làn da.",32000,23,0,0,Quận 3,Thành phố Hồ Chí Minh,5.0,804,Sinh tố/Nước ép/Sữa,189,10.779430389404297,106.67877960205078,31000
8710,Rau Má Mix - 192H Cách Mạng Tháng Tám,Trà Lài Trái Cây Tươi,"Cung cấp các loại Vitamin cho làn da hồng hào, cơ thể tràn đầy năng lượng.",32000,25,0,0,Quận 3,Thành phố Hồ Chí Minh,5.0,804,Sinh tố/Nước ép/Sữa,189,10.779430389404297,106.67877960205078,31000
8710,Rau Má Mix - 192H Cách Mạng Tháng Tám,Sữa đậu xanh cốt dừa,"Sữa đậu xanh sánh mịn, ngọt bùi + Nước cốt dừa thơm béo",24000,199,2,1,Quận 3,Thành phố Hồ Chí Minh,5.0,804,Sinh tố/Nước ép/Sữa,189,10.779430389404297,106.67877960205078,31000
8710,Rau Má Mix - 192H Cách Mạng Tháng Tám,Sữa khoai môn cốt dừa,"Sữa khoai môn sánh dẻo, thơm bùi + Nước cốt dừa thơm béo",24000,200,2,0,Quận 3,Thành phố Hồ Chí Minh,5.0,804,Sinh tố/Nước ép/Sữa,189,10.779430389404297,106.67877960205078,31000
8710,Rau Má Mix - 192H Cách Mạng Tháng Tám,Bánh Tráng Tôm Hành,"Bánh tráng dai mềm cùng tép sấy giòn rụm, hành phi thơm lừng, muối tôm đậm đà cùng ớt cay the, siêu cuốn miệng!",20000,4,0,0,Quận 3,Thành phố Hồ Chí Minh,5.0,804,Sinh tố/Nước ép/Sữa,189,10.779430389404297,106.67877960205078,31000
8710,Rau Má Mix - 192H Cách Mạng Tháng Tám,Bánh Tráng Mix Thập Cẩm,"Sợi khô bò dai cay thấm vị, kết hợp cùng khô gà mềm, hòa quyện với bánh tráng dẻo dai, thơm ngon khó cưỡng.",20000,6,0,0,Quận 3,Thành phố Hồ Chí Minh,5.0,804,Sinh tố/Nước ép/Sữa,189,10.779430389404297,106.67877960205078,31000
8710,Rau Má Mix - 192H Cách Mạng Tháng Tám,Bánh Tráng Ống Phô Mai,"Bánh tráng dai mềm cuộn ống, áo đều lớp phô mai béo ngậy, thêm chút muối ớt cay nhẹ, mè trắng bùi bùi và dầu mè thơm lừng. Càng ăn càng ghiền!",20000,3,0,0,Quận 3,Thành phố Hồ Chí Minh,5.0,804,Sinh tố/Nước ép/Sữa,189,10.779430389404297,106.67877960205078,31000
8710,Rau Má Mix - 192H Cách Mạng Tháng Tám,Bánh Tráng Muối Tỏi XìKe,"Bánh tráng mềm dẻo, thấm đẫm muối tôm mằn mặn, tỏi phi thơm lừng và ớt bột cay tê tê. Càng ăn càng cuốn!",20000,10,0,0,Quận 3,Thành phố Hồ Chí Minh,5.0,804,Sinh tố/Nước ép/Sữa,189,10.779430389404297,106.67877960205078,31000
8710,Rau Má Mix - 192H Cách Mạng Tháng Tám,Bánh Tráng Ống XìKe Cay,"Bánh tráng dai mềm cuộn chặt, tẩm muối tôm đậm đà, hòa cùng tỏi phi thơm lừng và ớt bột cay tê tê. Một cuốn, một cắn - vị ngon bùng nổ!",20000,4,0,0,Quận 3,Thành phố Hồ Chí Minh,5.0,804,Sinh tố/Nước ép/Sữa,189,10.779430389404297,106.67877960205078,31000
6608,Sinh Tố Tao Đàn - Nguyễn Hữu Cảnh,[Deal 7k] Nước ép cam,SL có hạn. 1 KM/đơn hàng từ 65k.,7000,15,0,0,Quận Bình Thạnh,Hồ Chí Minh,4.8,224,Sinh tố/Nước ép/Sữa,189,10.788869857788086,106.70982360839844,45000
6608,Sinh Tố Tao Đàn - Nguyễn Hữu Cảnh,Cà Phê Đen Pha Máy,,27000,7,0,0,Quận Bình Thạnh,Hồ Chí Minh,4.8,224,Sinh tố/Nước ép/Sữa,189,10.788869857788086,106.70982360839844,45000
6608,Sinh Tố Tao Đàn - Nguyễn Hữu Cảnh,Cà Phê Sữa Pha Máy,,30000,12,0,0,Quận Bình Thạnh,Hồ Chí Minh,4.8,224,Sinh tố/Nước ép/Sữa,189,10.788869857788086,106.70982360839844,45000
6608,Sinh Tố Tao Đàn - Nguyễn Hữu Cảnh,Cà Phê Đá Xay,,35000,15,1,0,Quận Bình Thạnh,Hồ Chí Minh,4.8,224,Sinh tố/Nước ép/Sữa,189,10.788869857788086,106.70982360839844,45000
6608,Sinh Tố Tao Đàn - Nguyễn Hữu Cảnh,Cà Phê Dừa,,40000,18,0,0,Quận Bình Thạnh,Hồ Chí Minh,4.8,224,Sinh tố/Nước ép/Sữa,189,10.788869857788086,106.70982360839844,45000
6608,Sinh Tố Tao Đàn - Nguyễn Hữu Cảnh,Ca Cao,Đá ( không có nóng),35000,19,0,0,Quận Bình Thạnh,Hồ Chí Minh,4.8,224,Sinh tố/Nước ép/Sữa,189,10.788869857788086,106.70982360839844,45000
6608,Sinh Tố Tao Đàn - Nguyễn Hữu Cảnh,Bạc Xỉu,,35000,7,0,0,Quận Bình Thạnh,Hồ Chí Minh,4.8,224,Sinh tố/Nước ép/Sữa,189,10.788869857788086,106.70982360839844,45000
6608,Sinh Tố Tao Đàn - Nguyễn Hữu Cảnh,Americano,650mL,30000,7,0,0,Quận Bình Thạnh,Hồ Chí Minh,4.8,224,Sinh tố/Nước ép/Sữa,189,10.788869857788086,106.70982360839844,45000
6608,Sinh Tố Tao Đàn - Nguyễn Hữu Cảnh,Sữa Tươi Cà Phê Sương Sáo,,45000,11,0,0,Quận Bình Thạnh,Hồ Chí Minh,4.8,224,Sinh tố/Nước ép/Sữa,189,10.788869857788086,106.70982360839844,45000
6608,Sinh Tố Tao Đàn - Nguyễn Hữu Cảnh,Cà phê muối,,35000,19,0,0,Quận Bình Thạnh,Hồ Chí Minh,4.8,224,Sinh tố/Nước ép/Sữa,189,10.788869857788086,106.70982360839844,45000
6608,Sinh Tố Tao Đàn - Nguyễn Hữu Cảnh,Rau Má,650mL,28000,53,1,0,Quận Bình Thạnh,Hồ Chí Minh,4.8,224,Sinh tố/Nước ép/Sữa,189,10.788869857788086,106.70982360839844,45000
6608,Sinh Tố Tao Đàn - Nguyễn Hữu Cảnh,Rau Má Sữa,,40000,7,0,0,Quận Bình Thạnh,Hồ Chí Minh,4.8,224,Sinh tố/Nước ép/Sữa,189,10.788869857788086,106.70982360839844,45000
6608,Sinh Tố Tao Đàn - Nguyễn Hữu Cảnh,Rau Má Sữa Dừa,650mL,38000,25,0,1,Quận Bình Thạnh,Hồ Chí Minh,4.8,224,Sinh tố/Nước ép/Sữa,189,10.788869857788086,106.70982360839844,45000
6608,Sinh Tố Tao Đàn - Nguyễn Hữu Cảnh,Rau Má Sữa Dừa Sầu Riêng,650mL,45000,12,1,0,Quận Bình Thạnh,Hồ Chí Minh,4.8,224,Sinh tố/Nước ép/Sữa,189,10.788869857788086,106.70982360839844,45000
6608,Sinh Tố Tao Đàn - Nguyễn Hữu Cảnh,Đậu Nành,,28000,15,0,0,Quận Bình Thạnh,Hồ Chí Minh,4.8,224,Sinh tố/Nước ép/Sữa,189,10.788869857788086,106.70982360839844,45000
6608,Sinh Tố Tao Đàn - Nguyễn Hữu Cảnh,Đậu Nành Sữa Dừa,,40000,2,0,0,Quận Bình Thạnh,Hồ Chí Minh,4.8,224,Sinh tố/Nước ép/Sữa,189,10.788869857788086,106.70982360839844,45000
6608,Sinh Tố Tao Đàn - Nguyễn Hữu Cảnh,Đậu Nành Rau Má Sương Sáo,,45000,21,0,0,Quận Bình Thạnh,Hồ Chí Minh,4.8,224,Sinh tố/Nước ép/Sữa,189,10.788869857788086,106.70982360839844,45000
6608,Sinh Tố Tao Đàn - Nguyễn Hữu Cảnh,Đậu Nành Sữa Dừa Sương Sáo,,45000,12,0,0,Quận Bình Thạnh,Hồ Chí Minh,4.8,224,Sinh tố/Nước ép/Sữa,189,10.788869857788086,106.70982360839844,45000
6608,Sinh Tố Tao Đàn - Nguyễn Hữu Cảnh,Bạc Sỉu,,35000,1,0,0,Quận Bình Thạnh,Hồ Chí Minh,4.8,224,Sinh tố/Nước ép/Sữa,189,10.788869857788086,106.70982360839844,45000
6608,Sinh Tố Tao Đàn - Nguyễn Hữu Cảnh,Cappucino,,35000,0,0,0,Quận Bình Thạnh,Hồ Chí Minh,4.8,224,Sinh tố/Nước ép/Sữa,189,10.788869857788086,106.70982360839844,45000
6608,Sinh Tố Tao Đàn - Nguyễn Hữu Cảnh,Latte,,35000,0,0,0,Quận Bình Thạnh,Hồ Chí Minh,4.8,224,Sinh tố/Nước ép/Sữa,189,10.788869857788086,106.70982360839844,45000
6608,Sinh Tố Tao Đàn - Nguyễn Hữu Cảnh,Ép Cam,,35000,38,0,0,Quận Bình Thạnh,Hồ Chí Minh,4.8,224,Sinh tố/Nước ép/Sữa,189,10.788869857788086,106.70982360839844,45000
6608,Sinh Tố Tao Đàn - Nguyễn Hữu Cảnh,Ép Cà Rốt,,35000,17,0,0,Quận Bình Thạnh,Hồ Chí Minh,4.8,224,Sinh tố/Nước ép/Sữa,189,10.788869857788086,106.70982360839844,45000
6608,Sinh Tố Tao Đàn - Nguyễn Hữu Cảnh,Ép Thơm,,35000,93,2,0,Quận Bình Thạnh,Hồ Chí Minh,4.8,224,Sinh tố/Nước ép/Sữa,189,10.788869857788086,106.70982360839844,45000
6608,Sinh Tố Tao Đàn - Nguyễn Hữu Cảnh,Ép Cóc,,35000,28,0,0,Quận Bình Thạnh,Hồ Chí Minh,4.8,224,Sinh tố/Nước ép/Sữa,189,10.788869857788086,106.70982360839844,45000
6608,Sinh Tố Tao Đàn - Nguyễn Hữu Cảnh,Ép Dưa Hấu,,35000,54,0,0,Quận Bình Thạnh,Hồ Chí Minh,4.8,224,Sinh tố/Nước ép/Sữa,189,10.788869857788086,106.70982360839844,45000
6608,Sinh Tố Tao Đàn - Nguyễn Hữu Cảnh,Ép Chanh Dây,,35000,11,0,0,Quận Bình Thạnh,Hồ Chí Minh,4.8,224,Sinh tố/Nước ép/Sữa,189,10.788869857788086,106.70982360839844,45000
6608,Sinh Tố Tao Đàn - Nguyễn Hữu Cảnh,Ép Ổi,,35000,48,1,0,Quận Bình Thạnh,Hồ Chí Minh,4.8,224,Sinh tố/Nước ép/Sữa,189,10.788869857788086,106.70982360839844,45000
6608,Sinh Tố Tao Đàn - Nguyễn Hữu Cảnh,Sữa Chua Bơ,,48000,13,0,0,Quận Bình Thạnh,Hồ Chí Minh,4.8,224,Sinh tố/Nước ép/Sữa,189,10.788869857788086,106.70982360839844,45000
6608,Sinh Tố Tao Đàn - Nguyễn Hữu Cảnh,Sinh Tố Bơ,,48000,407,5,2,Quận Bình Thạnh,Hồ Chí Minh,4.8,224,Sinh tố/Nước ép/Sữa,189,10.788869857788086,106.70982360839844,45000
6608,Sinh Tố Tao Đàn - Nguyễn Hữu Cảnh,Sinh Tố Bơ Dừa Đậu Xanh,,50000,37,1,0,Quận Bình Thạnh,Hồ Chí Minh,4.8,224,Sinh tố/Nước ép/Sữa,189,10.788869857788086,106.70982360839844,45000
6608,Sinh Tố Tao Đàn - Nguyễn Hữu Cảnh,Sinh Tố Bơ Cà Phê,,48000,21,2,0,Quận Bình Thạnh,Hồ Chí Minh,4.8,224,Sinh tố/Nước ép/Sữa,189,10.788869857788086,106.70982360839844,45000
6608,Sinh Tố Tao Đàn - Nguyễn Hữu Cảnh,Sinh Tố Bơ Dừa,,48000,150,0,1,Quận Bình Thạnh,Hồ Chí Minh,4.8,224,Sinh tố/Nước ép/Sữa,189,10.788869857788086,106.70982360839844,45000
6608,Sinh Tố Tao Đàn - Nguyễn Hữu Cảnh,Sinh Tố Bơ Đậu Xanh,,48000,26,1,0,Quận Bình Thạnh,Hồ Chí Minh,4.8,224,Sinh tố/Nước ép/Sữa,189,10.788869857788086,106.70982360839844,45000
6608,Sinh Tố Tao Đàn - Nguyễn Hữu Cảnh,Sinh Tố Bơ Chuối,,48000,41,0,0,Quận Bình Thạnh,Hồ Chí Minh,4.8,224,Sinh tố/Nước ép/Sữa,189,10.788869857788086,106.70982360839844,45000
6608,Sinh Tố Tao Đàn - Nguyễn Hữu Cảnh,Sinh Tố Bơ Xoài,,48000,23,1,0,Quận Bình Thạnh,Hồ Chí Minh,4.8,224,Sinh tố/Nước ép/Sữa,189,10.788869857788086,106.70982360839844,45000
6608,Sinh Tố Tao Đàn - Nguyễn Hữu Cảnh,Sinh Tố Bơ Cacao,350ML,48000,25,0,0,Quận Bình Thạnh,Hồ Chí Minh,4.8,224,Sinh tố/Nước ép/Sữa,189,10.788869857788086,106.70982360839844,45000
6608,Sinh Tố Tao Đàn - Nguyễn Hữu Cảnh,Sinh Tố Dừa,Soursop Strawberry Smoothie,38000,107,1,0,Quận Bình Thạnh,Hồ Chí Minh,4.8,224,Sinh tố/Nước ép/Sữa,189,10.788869857788086,106.70982360839844,45000
6608,Sinh Tố Tao Đàn - Nguyễn Hữu Cảnh,Sinh Tố Chuối,Blueberry Smoothie,38000,22,0,0,Quận Bình Thạnh,Hồ Chí Minh,4.8,224,Sinh tố/Nước ép/Sữa,189,10.788869857788086,106.70982360839844,45000
6608,Sinh Tố Tao Đàn - Nguyễn Hữu Cảnh,Sinh Tố Sapoche,,38000,200,2,0,Quận Bình Thạnh,Hồ Chí Minh,4.8,224,Sinh tố/Nước ép/Sữa,189,10.788869857788086,106.70982360839844,45000
6608,Sinh Tố Tao Đàn - Nguyễn Hữu Cảnh,Sinh Tố Mãng Cầu,,45000,101,0,0,Quận Bình Thạnh,Hồ Chí Minh,4.8,224,Sinh tố/Nước ép/Sữa,189,10.788869857788086,106.70982360839844,45000
6608,Sinh Tố Tao Đàn - Nguyễn Hữu Cảnh,Sinh Tố Xoài,,45000,50,2,0,Quận Bình Thạnh,Hồ Chí Minh,4.8,224,Sinh tố/Nước ép/Sữa,189,10.788869857788086,106.70982360839844,45000
6608,Sinh Tố Tao Đàn - Nguyễn Hữu Cảnh,Sinh Tố Dâu,,45000,123,2,1,Quận Bình Thạnh,Hồ Chí Minh,4.8,224,Sinh tố/Nước ép/Sữa,189,10.788869857788086,106.70982360839844,45000
6608,Sinh Tố Tao Đàn - Nguyễn Hữu Cảnh,Sinh Tố Việt Quất,Blueberry Smoothie,37000,3,0,0,Quận Bình Thạnh,Hồ Chí Minh,4.8,224,Sinh tố/Nước ép/Sữa,189,10.788869857788086,106.70982360839844,45000
6608,Sinh Tố Tao Đàn - Nguyễn Hữu Cảnh,Trà Đào,650mL,45000,19,1,0,Quận Bình Thạnh,Hồ Chí Minh,4.8,224,Sinh tố/Nước ép/Sữa,189,10.788869857788086,106.70982360839844,45000
6608,Sinh Tố Tao Đàn - Nguyễn Hữu Cảnh,Trà Vải,650mL,45000,7,0,0,Quận Bình Thạnh,Hồ Chí Minh,4.8,224,Sinh tố/Nước ép/Sữa,189,10.788869857788086,106.70982360839844,45000
6608,Sinh Tố Tao Đàn - Nguyễn Hữu Cảnh,Trà Đào Vải,,45000,8,0,0,Quận Bình Thạnh,Hồ Chí Minh,4.8,224,Sinh tố/Nước ép/Sữa,189,10.788869857788086,106.70982360839844,45000
6608,Sinh Tố Tao Đàn - Nguyễn Hữu Cảnh,Trà Việt Quất Chanh Dây,,45000,5,0,0,Quận Bình Thạnh,Hồ Chí Minh,4.8,224,Sinh tố/Nước ép/Sữa,189,10.788869857788086,106.70982360839844,45000
6608,Sinh Tố Tao Đàn - Nguyễn Hữu Cảnh,Trà Ổi Cam Đào,,45000,2,0,0,Quận Bình Thạnh,Hồ Chí Minh,4.8,224,Sinh tố/Nước ép/Sữa,189,10.788869857788086,106.70982360839844,45000
6608,Sinh Tố Tao Đàn - Nguyễn Hữu Cảnh,Trà Cam Xoài,,45000,2,0,0,Quận Bình Thạnh,Hồ Chí Minh,4.8,224,Sinh tố/Nước ép/Sữa,189,10.788869857788086,106.70982360839844,45000
6608,Sinh Tố Tao Đàn - Nguyễn Hữu Cảnh,Trà Bí Đao Sương Sáo,,45000,25,0,0,Quận Bình Thạnh,Hồ Chí Minh,4.8,224,Sinh tố/Nước ép/Sữa,189,10.788869857788086,106.70982360839844,45000
6608,Sinh Tố Tao Đàn - Nguyễn Hữu Cảnh,Trà Mãng Cầu,,45000,8,0,0,Quận Bình Thạnh,Hồ Chí Minh,4.8,224,Sinh tố/Nước ép/Sữa,189,10.788869857788086,106.70982360839844,45000
6608,Sinh Tố Tao Đàn - Nguyễn Hữu Cảnh,Dâu yogurt,,48000,54,2,0,Quận Bình Thạnh,Hồ Chí Minh,4.8,224,Sinh tố/Nước ép/Sữa,189,10.788869857788086,106.70982360839844,45000
6608,Sinh Tố Tao Đàn - Nguyễn Hữu Cảnh,Sinh Tố Chuối Ca Cao,,45000,35,1,0,Quận Bình Thạnh,Hồ Chí Minh,4.8,224,Sinh tố/Nước ép/Sữa,189,10.788869857788086,106.70982360839844,45000
6608,Sinh Tố Tao Đàn - Nguyễn Hữu Cảnh,Sinh Tố Xoài Tropical,,48000,15,1,0,Quận Bình Thạnh,Hồ Chí Minh,4.8,224,Sinh tố/Nước ép/Sữa,189,10.788869857788086,106.70982360839844,45000
6608,Sinh Tố Tao Đàn - Nguyễn Hữu Cảnh,Sinh Tố Dâu Yogurt,Yogurt Strawberry Smoothie,48000,55,1,1,Quận Bình Thạnh,Hồ Chí Minh,4.8,224,Sinh tố/Nước ép/Sữa,189,10.788869857788086,106.70982360839844,45000
6608,Sinh Tố Tao Đàn - Nguyễn Hữu Cảnh,Sinh Tố Dừa Ca Cao,,45000,45,0,0,Quận Bình Thạnh,Hồ Chí Minh,4.8,224,Sinh tố/Nước ép/Sữa,189,10.788869857788086,106.70982360839844,45000
6608,Sinh Tố Tao Đàn - Nguyễn Hữu Cảnh,Sinh Tố Dừa Sapoche,,45000,31,0,0,Quận Bình Thạnh,Hồ Chí Minh,4.8,224,Sinh tố/Nước ép/Sữa,189,10.788869857788086,106.70982360839844,45000
6608,Sinh Tố Tao Đàn - Nguyễn Hữu Cảnh,Sinh Tố Mãng Cầu Dâu,,45000,48,0,1,Quận Bình Thạnh,Hồ Chí Minh,4.8,224,Sinh tố/Nước ép/Sữa,189,10.788869857788086,106.70982360839844,45000
6608,Sinh Tố Tao Đàn - Nguyễn Hữu Cảnh,Sinh Tố Mãng Cầu Chanh Dây,Peach Passion Tea,45000,40,2,0,Quận Bình Thạnh,Hồ Chí Minh,4.8,224,Sinh tố/Nước ép/Sữa,189,10.788869857788086,106.70982360839844,45000
6608,Sinh Tố Tao Đàn - Nguyễn Hữu Cảnh,Sinh Tố Chuối Việt Quất,,45000,30,1,0,Quận Bình Thạnh,Hồ Chí Minh,4.8,224,Sinh tố/Nước ép/Sữa,189,10.788869857788086,106.70982360839844,45000
6608,Sinh Tố Tao Đàn - Nguyễn Hữu Cảnh,Sinh Tố Chuối Dâu,,45000,66,2,0,Quận Bình Thạnh,Hồ Chí Minh,4.8,224,Sinh tố/Nước ép/Sữa,189,10.788869857788086,106.70982360839844,45000
6608,Sinh Tố Tao Đàn - Nguyễn Hữu Cảnh,Sinh Tố Dừa Dâu,,45000,32,0,0,Quận Bình Thạnh,Hồ Chí Minh,4.8,224,Sinh tố/Nước ép/Sữa,189,10.788869857788086,106.70982360839844,45000
6608,Sinh Tố Tao Đàn - Nguyễn Hữu Cảnh,Sinh Tố Dừa Đậu Xanh,,45000,14,0,0,Quận Bình Thạnh,Hồ Chí Minh,4.8,224,Sinh tố/Nước ép/Sữa,189,10.788869857788086,106.70982360839844,45000
6608,Sinh Tố Tao Đàn - Nguyễn Hữu Cảnh,Sinh Tố Xoài Dâu,,45000,14,0,0,Quận Bình Thạnh,Hồ Chí Minh,4.8,224,Sinh tố/Nước ép/Sữa,189,10.788869857788086,106.70982360839844,45000
6608,Sinh Tố Tao Đàn - Nguyễn Hữu Cảnh,Sinh Tố Xoài Chanh Dây,,45000,16,0,0,Quận Bình Thạnh,Hồ Chí Minh,4.8,224,Sinh tố/Nước ép/Sữa,189,10.788869857788086,106.70982360839844,45000
6608,Sinh Tố Tao Đàn - Nguyễn Hữu Cảnh,Sinh Tố Sapoche Cà phê,,45000,46,1,0,Quận Bình Thạnh,Hồ Chí Minh,4.8,224,Sinh tố/Nước ép/Sữa,189,10.788869857788086,106.70982360839844,45000
6608,Sinh Tố Tao Đàn - Nguyễn Hữu Cảnh,Xoài Nhiệt Đới,,48000,6,0,0,Quận Bình Thạnh,Hồ Chí Minh,4.8,224,Sinh tố/Nước ép/Sữa,189,10.788869857788086,106.70982360839844,45000
6608,Sinh Tố Tao Đàn - Nguyễn Hữu Cảnh,Sinh Tố Bơ Việt Quất,Avocado Blueberry Smoothie,48000,16,0,0,Quận Bình Thạnh,Hồ Chí Minh,4.8,224,Sinh tố/Nước ép/Sữa,189,10.788869857788086,106.70982360839844,45000
6608,Sinh Tố Tao Đàn - Nguyễn Hữu Cảnh,Sinh Tố Sapoche Cacao,350ML,45000,20,0,0,Quận Bình Thạnh,Hồ Chí Minh,4.8,224,Sinh tố/Nước ép/Sữa,189,10.788869857788086,106.70982360839844,45000
6608,Sinh Tố Tao Đàn - Nguyễn Hữu Cảnh,Trà Đào Chanh Dây,Peach Passion Tea,45000,2,0,0,Quận Bình Thạnh,Hồ Chí Minh,4.8,224,Sinh tố/Nước ép/Sữa,189,10.788869857788086,106.70982360839844,45000
6608,Sinh Tố Tao Đàn - Nguyễn Hữu Cảnh,Ép Cà Rốt Đóng Chai,Đóng chai không đá,45000,7,0,1,Quận Bình Thạnh,Hồ Chí Minh,4.8,224,Sinh tố/Nước ép/Sữa,189,10.788869857788086,106.70982360839844,45000
6608,Sinh Tố Tao Đàn - Nguyễn Hữu Cảnh,Ép Thơm Chanh Dây Đóng chai,Đóng chai không đá,45000,13,0,0,Quận Bình Thạnh,Hồ Chí Minh,4.8,224,Sinh tố/Nước ép/Sữa,189,10.788869857788086,106.70982360839844,45000
6608,Sinh Tố Tao Đàn - Nguyễn Hữu Cảnh,Ép Cà Rốt Chanh Dây Đóng Chai,Đóng chai không đá,45000,2,0,0,Quận Bình Thạnh,Hồ Chí Minh,4.8,224,Sinh tố/Nước ép/Sữa,189,10.788869857788086,106.70982360839844,45000
6608,Sinh Tố Tao Đàn - Nguyễn Hữu Cảnh,Ép Cóc Đóng Chai,Đóng chai không đá,45000,10,0,0,Quận Bình Thạnh,Hồ Chí Minh,4.8,224,Sinh tố/Nước ép/Sữa,189,10.788869857788086,106.70982360839844,45000
6608,Sinh Tố Tao Đàn - Nguyễn Hữu Cảnh,Ép Thơm Ổi Đóng chai,Đóng chai không đá,45000,8,0,0,Quận Bình Thạnh,Hồ Chí Minh,4.8,224,Sinh tố/Nước ép/Sữa,189,10.788869857788086,106.70982360839844,45000
6608,Sinh Tố Tao Đàn - Nguyễn Hữu Cảnh,Ép Ổi Đóng Chai,Đóng chai không đá,45000,12,0,0,Quận Bình Thạnh,Hồ Chí Minh,4.8,224,Sinh tố/Nước ép/Sữa,189,10.788869857788086,106.70982360839844,45000
6608,Sinh Tố Tao Đàn - Nguyễn Hữu Cảnh,Ép Dưa Hấu Đóng Chai,Đóng chai không đá,45000,6,1,0,Quận Bình Thạnh,Hồ Chí Minh,4.8,224,Sinh tố/Nước ép/Sữa,189,10.788869857788086,106.70982360839844,45000
6608,Sinh Tố Tao Đàn - Nguyễn Hữu Cảnh,Ép Thơm Dưa Hấu Đóng Chai,,45000,2,0,0,Quận Bình Thạnh,Hồ Chí Minh,4.8,224,Sinh tố/Nước ép/Sữa,189,10.788869857788086,106.70982360839844,45000
6608,Sinh Tố Tao Đàn - Nguyễn Hữu Cảnh,Ép Cam Thơm Đóng Chai,Đóng chai không đá,45000,9,0,0,Quận Bình Thạnh,Hồ Chí Minh,4.8,224,Sinh tố/Nước ép/Sữa,189,10.788869857788086,106.70982360839844,45000
6608,Sinh Tố Tao Đàn - Nguyễn Hữu Cảnh,Ép Cam Ổi Đóng Chai,Đóng chai không đá,45000,2,0,0,Quận Bình Thạnh,Hồ Chí Minh,4.8,224,Sinh tố/Nước ép/Sữa,189,10.788869857788086,106.70982360839844,45000
6608,Sinh Tố Tao Đàn - Nguyễn Hữu Cảnh,Ép Cam Cà Rốt Đóng Chai,Đóng chai không đá,45000,6,0,0,Quận Bình Thạnh,Hồ Chí Minh,4.8,224,Sinh tố/Nước ép/Sữa,189,10.788869857788086,106.70982360839844,45000
6608,Sinh Tố Tao Đàn - Nguyễn Hữu Cảnh,Ép Thơm Đóng Chai,Đóng chai không đá,45000,16,0,0,Quận Bình Thạnh,Hồ Chí Minh,4.8,224,Sinh tố/Nước ép/Sữa,189,10.788869857788086,106.70982360839844,45000
6608,Sinh Tố Tao Đàn - Nguyễn Hữu Cảnh,Ép Thơm Cà Rốt Đóng Chai,Đóng chai không đá,45000,5,0,0,Quận Bình Thạnh,Hồ Chí Minh,4.8,224,Sinh tố/Nước ép/Sữa,189,10.788869857788086,106.70982360839844,45000
6608,Sinh Tố Tao Đàn - Nguyễn Hữu Cảnh,Sữa Chua Đá,Đá Riêng,38000,4,0,0,Quận Bình Thạnh,Hồ Chí Minh,4.8,224,Sinh tố/Nước ép/Sữa,189,10.788869857788086,106.70982360839844,45000
6608,Sinh Tố Tao Đàn - Nguyễn Hữu Cảnh,Sữa Chua Chanh Dây,Đá Riêng,38000,9,0,0,Quận Bình Thạnh,Hồ Chí Minh,4.8,224,Sinh tố/Nước ép/Sữa,189,10.788869857788086,106.70982360839844,45000
6608,Sinh Tố Tao Đàn - Nguyễn Hữu Cảnh,Sữa Chua Dâu Tây,Đá Riêng,38000,16,1,0,Quận Bình Thạnh,Hồ Chí Minh,4.8,224,Sinh tố/Nước ép/Sữa,189,10.788869857788086,106.70982360839844,45000
6608,Sinh Tố Tao Đàn - Nguyễn Hữu Cảnh,Sữa Chua Xoài,Đá Riêng,38000,3,0,0,Quận Bình Thạnh,Hồ Chí Minh,4.8,224,Sinh tố/Nước ép/Sữa,189,10.788869857788086,106.70982360839844,45000
6608,Sinh Tố Tao Đàn - Nguyễn Hữu Cảnh,Sữa Chua Đào,Đá Riêng,38000,10,0,0,Quận Bình Thạnh,Hồ Chí Minh,4.8,224,Sinh tố/Nước ép/Sữa,189,10.788869857788086,106.70982360839844,45000
6608,Sinh Tố Tao Đàn - Nguyễn Hữu Cảnh,Sữa chua Việt Quất,Đá Riêng,38000,20,0,0,Quận Bình Thạnh,Hồ Chí Minh,4.8,224,Sinh tố/Nước ép/Sữa,189,10.788869857788086,106.70982360839844,45000
6608,Sinh Tố Tao Đàn - Nguyễn Hữu Cảnh,Ép Cam Thơm,,38000,24,0,0,Quận Bình Thạnh,Hồ Chí Minh,4.8,224,Sinh tố/Nước ép/Sữa,189,10.788869857788086,106.70982360839844,45000
6608,Sinh Tố Tao Đàn - Nguyễn Hữu Cảnh,Ép Cam Cà Rốt,,38000,14,0,0,Quận Bình Thạnh,Hồ Chí Minh,4.8,224,Sinh tố/Nước ép/Sữa,189,10.788869857788086,106.70982360839844,45000
6608,Sinh Tố Tao Đàn - Nguyễn Hữu Cảnh,Ép Cam Dâu,,38000,21,0,0,Quận Bình Thạnh,Hồ Chí Minh,4.8,224,Sinh tố/Nước ép/Sữa,189,10.788869857788086,106.70982360839844,45000
6608,Sinh Tố Tao Đàn - Nguyễn Hữu Cảnh,Rau Má Sữa Dừa Đậu Xanh,650mL,40000,8,0,0,Quận Bình Thạnh,Hồ Chí Minh,4.8,224,Sinh tố/Nước ép/Sữa,189,10.788869857788086,106.70982360839844,45000
6608,Sinh Tố Tao Đàn - Nguyễn Hữu Cảnh,Ép Cam Ổi,,38000,3,0,0,Quận Bình Thạnh,Hồ Chí Minh,4.8,224,Sinh tố/Nước ép/Sữa,189,10.788869857788086,106.70982360839844,45000
6608,Sinh Tố Tao Đàn - Nguyễn Hữu Cảnh,Ép Thơm Ổi,,38000,22,0,0,Quận Bình Thạnh,Hồ Chí Minh,4.8,224,Sinh tố/Nước ép/Sữa,189,10.788869857788086,106.70982360839844,45000
6608,Sinh Tố Tao Đàn - Nguyễn Hữu Cảnh,Ép Cà Rốt Chanh Dây,,38000,1,0,0,Quận Bình Thạnh,Hồ Chí Minh,4.8,224,Sinh tố/Nước ép/Sữa,189,10.788869857788086,106.70982360839844,45000
6608,Sinh Tố Tao Đàn - Nguyễn Hữu Cảnh,Ép Thơm Dưa Hấu,,38000,18,0,0,Quận Bình Thạnh,Hồ Chí Minh,4.8,224,Sinh tố/Nước ép/Sữa,189,10.788869857788086,106.70982360839844,45000
6608,Sinh Tố Tao Đàn - Nguyễn Hữu Cảnh,Ép Thơm Chanh Dây,,38000,8,0,0,Quận Bình Thạnh,Hồ Chí Minh,4.8,224,Sinh tố/Nước ép/Sữa,189,10.788869857788086,106.70982360839844,45000
6608,Sinh Tố Tao Đàn - Nguyễn Hữu Cảnh,Ép Thơm Cà Rốt,,38000,13,0,0,Quận Bình Thạnh,Hồ Chí Minh,4.8,224,Sinh tố/Nước ép/Sữa,189,10.788869857788086,106.70982360839844,45000
6608,Sinh Tố Tao Đàn - Nguyễn Hữu Cảnh,Soda Chanh,,38000,2,0,0,Quận Bình Thạnh,Hồ Chí Minh,4.8,224,Sinh tố/Nước ép/Sữa,189,10.788869857788086,106.70982360839844,45000
6608,Sinh Tố Tao Đàn - Nguyễn Hữu Cảnh,Soda Chanh Dây,,38000,2,0,0,Quận Bình Thạnh,Hồ Chí Minh,4.8,224,Sinh tố/Nước ép/Sữa,189,10.788869857788086,106.70982360839844,45000
6608,Sinh Tố Tao Đàn - Nguyễn Hữu Cảnh,Soda Đào,,38000,3,0,0,Quận Bình Thạnh,Hồ Chí Minh,4.8,224,Sinh tố/Nước ép/Sữa,189,10.788869857788086,106.70982360839844,45000
6608,Sinh Tố Tao Đàn - Nguyễn Hữu Cảnh,Soda Vải,,38000,1,0,0,Quận Bình Thạnh,Hồ Chí Minh,4.8,224,Sinh tố/Nước ép/Sữa,189,10.788869857788086,106.70982360839844,45000
6608,Sinh Tố Tao Đàn - Nguyễn Hữu Cảnh,Soda Việt Quất,,38000,4,0,0,Quận Bình Thạnh,Hồ Chí Minh,4.8,224,Sinh tố/Nước ép/Sữa,189,10.788869857788086,106.70982360839844,45000
6608,Sinh Tố Tao Đàn - Nguyễn Hữu Cảnh,Cookie Đá Xay,,45000,22,0,0,Quận Bình Thạnh,Hồ Chí Minh,4.8,224,Sinh tố/Nước ép/Sữa,189,10.788869857788086,106.70982360839844,45000
6608,Sinh Tố Tao Đàn - Nguyễn Hữu Cảnh,Cookie Chuối,,45000,2,0,0,Quận Bình Thạnh,Hồ Chí Minh,4.8,224,Sinh tố/Nước ép/Sữa,189,10.788869857788086,106.70982360839844,45000
6608,Sinh Tố Tao Đàn - Nguyễn Hữu Cảnh,Cookie Dừa,,45000,5,0,0,Quận Bình Thạnh,Hồ Chí Minh,4.8,224,Sinh tố/Nước ép/Sữa,189,10.788869857788086,106.70982360839844,45000
6608,Sinh Tố Tao Đàn - Nguyễn Hữu Cảnh,Sinh Tố Chuối Cà Phê,,45000,0,0,0,Quận Bình Thạnh,Hồ Chí Minh,4.8,224,Sinh tố/Nước ép/Sữa,189,10.788869857788086,106.70982360839844,45000
31320,Trung Nguyên Legend - 79 Phan Kế Bính,Cà Phê Tư Duy - Số 1,"Sở hữu mùi thơm dịu nhẹ lưu luyến, vị đậm đà  mân mê vị giác với thành phần chính là những  hạt Robusta thượng hạng từ Vùng đất Thánh địa Cà phê Buôn Ma Thuột.",32000,18,0,0,Quận 1,Hồ Chí Minh,5.0,29,Cà Phê/Trà,189,10.79032039642334,106.69876861572266,47000
31320,Trung Nguyên Legend - 79 Phan Kế Bính,Cà Phê Khám Phá - Số 2,"Sự phối trộn đặc biệt của 2 loại cà phê đặc trưng Arabica và Robusta với mùi thơm dịu nhẹ lưu luyến, vị đắng êm, sâu lắng, đậm đà.Sữa đặc quyện vào tạo độ ngon khó cưỡng.",39000,14,0,0,Quận 1,Hồ Chí Minh,5.0,29,Cà Phê/Trà,189,10.79032039642334,106.69876861572266,47000
31320,Trung Nguyên Legend - 79 Phan Kế Bính,Cà Phê Ý Tưởng - Số 3,"Với thành phần chính là những hạt Arabica đặc trưng, mang mùi thơm nồng, mạnh ấm, vị chua êm ngọt, thể chất nhẹ vừa phải. Kết hợp thêm sữa đặc sẽ thêm đậm đà vị.",42000,28,0,0,Quận 1,Hồ Chí Minh,5.0,29,Cà Phê/Trà,189,10.79032039642334,106.69876861572266,47000
31320,Trung Nguyên Legend - 79 Phan Kế Bính,Cà Phê Sáng tạo - Số 4,"Với thể chất đậm, mùi thơm bền lâu, vị cân bằng bởi  sự kết hợp tinh tế của những hạt cà phê Arabica, Robusta chọn lọc.",44000,148,1,0,Quận 1,Hồ Chí Minh,5.0,29,Cà Phê/Trà,189,10.79032039642334,106.69876861572266,47000
31320,Trung Nguyên Legend - 79 Phan Kế Bính,Cà Phê Thành Công - Số 5,"Với thành phần chính là những hạt Arabica đặc sản,  sở hữu mùi thơm đặc trưng nồng mạnh khó quên.",47000,85,0,0,Quận 1,Hồ Chí Minh,5.0,29,Cà Phê/Trà,189,10.79032039642334,106.69876861572266,47000
31320,Trung Nguyên Legend - 79 Phan Kế Bính,Cà Phê Đột phá - Số 8,"Sự kết hợp tinh tế của những hạt cà phê Arabica, Robusta công thức rang xay độc đáo đã được các Chuyên Gia dày công nghiên cứu,khác biệt với hương vị mạnh mẽ và quyến rũ, đem đến một trải  nghiệm mới, đầy sáng tạo cho những người yêu và đam mê cà phê.",69000,26,0,0,Quận 1,Hồ Chí Minh,5.0,29,Cà Phê/Trà,189,10.79032039642334,106.69876861572266,47000
31320,Trung Nguyên Legend - 79 Phan Kế Bính,Bạc Xỉu Đá,Bạc Xỉu tôn vinh hoàn hảo một thức uống xưa cũ và thuần chất với sự kết hợp văn hóa ẩm thực của ba quốc gia Hoa – Việt – Pháp và là một trong những thức uống “đặc sản” độc đáo nhất sinh ra ở Sài Gòn.,47000,62,0,0,Quận 1,Hồ Chí Minh,5.0,29,Cà Phê/Trà,189,10.79032039642334,106.69876861572266,47000
31320,Trung Nguyên Legend - 79 Phan Kế Bính,Latte With Jelly,"Sáng tạo trên nền cà phê Latte nhẹ nhàng được pha chế hài hòa với Caramel và thạch cà phê nên hương vị ngọt ngào, làm tươi mát tâm hồn và tràn đầy năng lượng.",59000,9,0,0,Quận 1,Hồ Chí Minh,5.0,29,Cà Phê/Trà,189,10.79032039642334,106.69876861572266,47000
31320,Trung Nguyên Legend - 79 Phan Kế Bính,Nước Chanh Dây Thơm Sả,"Chanh dây vị chua ngọt,cùng thơm sả cảm giác tươi mát cực kì bắt vị giúp giải nóng hiệu quả mà còn có hỗ trợ tăng sức đề kháng của cơ thể. ",52000,8,0,0,Quận 1,Hồ Chí Minh,5.0,29,Cà Phê/Trà,189,10.79032039642334,106.69876861572266,47000
31320,Trung Nguyên Legend - 79 Phan Kế Bính,Hibiscus Chanh Dây Hạt Chia,"Được tôn vinh là một dược liệu quý cho sức  khỏe và sắc đẹp. Hibiscus từ xưa đã là bí quyết cho các thức uống đặc sắc của Trung Đông và đặc biệt là đế chế Ottoman. Cảm hứng từ loại nguyên liệu huyền bí ấy, các chuyên gia Trung Nguyên Legend đã kết hợp Hibiscus với chanh dây và hạt chia thơm ngon, đầy dinh dưỡng giúp bạn tràn đầy năng lượng để tăng sức đề kháng mỗi ngày.",59000,12,0,0,Quận 1,Hồ Chí Minh,5.0,29,Cà Phê/Trà,189,10.79032039642334,106.69876861572266,47000
31320,Trung Nguyên Legend - 79 Phan Kế Bính,Trà Đào Cam Sả,"Ý tưởng sáng tạo đến từ hai loại nguyên liệu xuất hiện ở Trung Đông từ xa xưa – trà đen và trái đào, mang đến thức uống tươi mát, hương thơm ngát và hậu vị êm dịu hài hòa phù hợp với mọi lứa tuổi.",67000,4,0,0,Quận 1,Hồ Chí Minh,5.0,29,Cà Phê/Trà,189,10.79032039642334,106.69876861572266,47000
3043,Trung Nguyên Legend - 256 Nam Kỳ Khởi Nghĩa,Cà Phê Tư Duy - Số 1,"Sở hữu mùi thơm dịu nhẹ lưu luyến, vị đậm đà  mân mê vị giác với thành phần chính là những  hạt Robusta thượng hạng từ Vùng đất Thánh địa Cà phê Buôn Ma Thuột.",32000,13,0,0,Quận 3,Hồ Chí Minh,4.5,12,Cà Phê/Trà,189,10.786589622497559,106.68743133544922,47000
3043,Trung Nguyên Legend - 256 Nam Kỳ Khởi Nghĩa,Cà Phê Khám Phá - Số 2,"Sự phối trộn đặc biệt của 2 loại cà phê đặc trưng Arabica và Robusta với mùi thơm dịu nhẹ lưu luyến, vị đắng êm, sâu lắng, đậm đà.Sữa đặc quyện vào tạo độ ngon khó cưỡng.",39000,10,0,0,Quận 3,Hồ Chí Minh,4.5,12,Cà Phê/Trà,189,10.786589622497559,106.68743133544922,47000
3043,Trung Nguyên Legend - 256 Nam Kỳ Khởi Nghĩa,Cà Phê Ý Tưởng - Số 3,"Với thành phần chính là những hạt Arabica đặc trưng, mang mùi thơm nồng, mạnh ấm, vị chua êm ngọt, thể chất nhẹ vừa phải. Kết hợp thêm sữa đặc sẽ thêm đậm đà vị.",42000,2,0,0,Quận 3,Hồ Chí Minh,4.5,12,Cà Phê/Trà,189,10.786589622497559,106.68743133544922,47000
3043,Trung Nguyên Legend - 256 Nam Kỳ Khởi Nghĩa,Cà Phê Sáng tạo - Số 4,"Với thể chất đậm, mùi thơm bền lâu, vị cân bằng bởi  sự kết hợp tinh tế của những hạt cà phê Arabica, Robusta chọn lọc.",44000,9,0,0,Quận 3,Hồ Chí Minh,4.5,12,Cà Phê/Trà,189,10.786589622497559,106.68743133544922,47000
3043,Trung Nguyên Legend - 256 Nam Kỳ Khởi Nghĩa,Cà Phê Thành Công - Số 5,"Với thành phần chính là những hạt Arabica đặc sản,  sở hữu mùi thơm đặc trưng nồng mạnh khó quên.",47000,17,0,0,Quận 3,Hồ Chí Minh,4.5,12,Cà Phê/Trà,189,10.786589622497559,106.68743133544922,47000
3043,Trung Nguyên Legend - 256 Nam Kỳ Khởi Nghĩa,Cà Phê Đột phá - Số 8,"Sự kết hợp tinh tế của những hạt cà phê Arabica, Robusta công thức rang xay độc đáo đã được các Chuyên Gia dày công nghiên cứu,khác biệt với hương vị mạnh mẽ và quyến rũ, đem đến một trải  nghiệm mới, đầy sáng tạo cho những người yêu và đam mê cà phê.",69000,1,0,0,Quận 3,Hồ Chí Minh,4.5,12,Cà Phê/Trà,189,10.786589622497559,106.68743133544922,47000
3043,Trung Nguyên Legend - 256 Nam Kỳ Khởi Nghĩa,Bạc Xỉu Đá,Bạc Xỉu tôn vinh hoàn hảo một thức uống xưa cũ và thuần chất với sự kết hợp văn hóa ẩm thực của ba quốc gia Hoa – Việt – Pháp và là một trong những thức uống “đặc sản” độc đáo nhất sinh ra ở Sài Gòn.,47000,24,0,0,Quận 3,Hồ Chí Minh,4.5,12,Cà Phê/Trà,189,10.786589622497559,106.68743133544922,47000
3043,Trung Nguyên Legend - 256 Nam Kỳ Khởi Nghĩa,Latte With Jelly,"Sáng tạo trên nền cà phê Latte nhẹ nhàng được pha chế hài hòa với Caramel và thạch cà phê nên hương vị ngọt ngào, làm tươi mát tâm hồn và tràn đầy năng lượng.",59000,10,0,0,Quận 3,Hồ Chí Minh,4.5,12,Cà Phê/Trà,189,10.786589622497559,106.68743133544922,47000
3043,Trung Nguyên Legend - 256 Nam Kỳ Khởi Nghĩa,Nước Chanh Dây Thơm Sả,"Chanh dây vị chua ngọt,cùng thơm sả cảm giác tươi mát cực kì bắt vị giúp giải nóng hiệu quả mà còn có hỗ trợ tăng sức đề kháng của cơ thể. ",52000,2,0,0,Quận 3,Hồ Chí Minh,4.5,12,Cà Phê/Trà,189,10.786589622497559,106.68743133544922,47000
3043,Trung Nguyên Legend - 256 Nam Kỳ Khởi Nghĩa,Hibiscus Chanh Dây Hạt Chia,"Được tôn vinh là một dược liệu quý cho sức  khỏe và sắc đẹp. Hibiscus từ xưa đã là bí quyết cho các thức uống đặc sắc của Trung Đông và đặc biệt là đế chế Ottoman. Cảm hứng từ loại nguyên liệu huyền bí ấy, các chuyên gia Trung Nguyên Legend đã kết hợp Hibiscus với chanh dây và hạt chia thơm ngon, đầy dinh dưỡng giúp bạn tràn đầy năng lượng để tăng sức đề kháng mỗi ngày.",59000,0,0,0,Quận 3,Hồ Chí Minh,4.5,12,Cà Phê/Trà,189,10.786589622497559,106.68743133544922,47000
3043,Trung Nguyên Legend - 256 Nam Kỳ Khởi Nghĩa,Trà Đào Cam Sả,"Ý tưởng sáng tạo đến từ hai loại nguyên liệu xuất hiện ở Trung Đông từ xa xưa – trà đen và trái đào, mang đến thức uống tươi mát, hương thơm ngát và hậu vị êm dịu hài hòa phù hợp với mọi lứa tuổi.",67000,2,0,0,Quận 3,Hồ Chí Minh,4.5,12,Cà Phê/Trà,189,10.786589622497559,106.68743133544922,47000
3043,Trung Nguyên Legend - 256 Nam Kỳ Khởi Nghĩa,Abc,,1000,0,0,0,Quận 3,Hồ Chí Minh,4.5,12,Cà Phê/Trà,189,10.786589622497559,106.68743133544922,47000
8689, Rau Má Mix - 540 Nguyễn Thị Minh Khai,DEAL SIÊU HỜI 1,Mua 1 Combo 1 (Size lớn) + 1 Combo 2 (Size lớn) Tặng 1 Rau Má Nguyên Chất (size lớn),80000,4,0,0,Quận 3,Hồ Chí Minh,4.9,334,Sinh tố/Nước ép/Sữa,189,10.766409873962402,106.68213653564453,31000
8689, Rau Má Mix - 540 Nguyễn Thị Minh Khai,DEAL SIÊU HỜI 2,Mua 1 Combo 3 (Size lớn) + 1 Combo 2 (Size lớn) Tặng 1 Rau Má Nguyên Chất (size lớn),80000,3,0,0,Quận 3,Hồ Chí Minh,4.9,334,Sinh tố/Nước ép/Sữa,189,10.766409873962402,106.68213653564453,31000
8689, Rau Má Mix - 540 Nguyễn Thị Minh Khai,DEAL SIÊU HỜI 3,Mua 1 Combo 1 (Size lớn) + 1 Combo 4 (Size lớn) Tặng 1 Rau Má Nguyên Chất (size lớn),80000,1,0,0,Quận 3,Hồ Chí Minh,4.9,334,Sinh tố/Nước ép/Sữa,189,10.766409873962402,106.68213653564453,31000
8689, Rau Má Mix - 540 Nguyễn Thị Minh Khai,Rau má mix sầu riêng sữa dừa,"Nước ép rau má tươi nguyên chất thanh mát + Sữa sầu riêng thơm béo với công nghệ sấy ""thăng hoa"" + Sữa dừa dịu ngọt",26000,132,1,0,Quận 3,Hồ Chí Minh,4.9,334,Sinh tố/Nước ép/Sữa,189,10.766409873962402,106.68213653564453,31000
8689, Rau Má Mix - 540 Nguyễn Thị Minh Khai,Rau má mix sữa khoai môn đậu đỏ,Nước ép rau má tươi nguyên chất thanh mát + Sữa khoai môn sánh dẻo + Đậu đỏ thơm bùi,33000,12,0,0,Quận 3,Hồ Chí Minh,4.9,334,Sinh tố/Nước ép/Sữa,189,10.766409873962402,106.68213653564453,31000
8689, Rau Má Mix - 540 Nguyễn Thị Minh Khai,Rau má mix sữa dừa đậu đỏ,"Nước ép rau má tươi nguyên chất thanh mát + Sữa dừa béo ngậy + Đậu đỏ bùi bùi, thơm ngon",33000,1,0,0,Quận 3,Hồ Chí Minh,4.9,334,Sinh tố/Nước ép/Sữa,189,10.766409873962402,106.68213653564453,31000
8689, Rau Má Mix - 540 Nguyễn Thị Minh Khai,Rau má mix sữa khoai môn đậu đỏ,Nước ép rau má tươi nguyên chất thanh mát + Sữa khoai môn sánh dẻo + Đậu đỏ thơm bùi,33000,1,0,0,Quận 3,Hồ Chí Minh,4.9,334,Sinh tố/Nước ép/Sữa,189,10.766409873962402,106.68213653564453,31000
8689, Rau Má Mix - 540 Nguyễn Thị Minh Khai,Rau má sữa dừa,Nước rau má tươi nguyên chất thanh mát + Sữa dừa dịu ngọt,22000,232,7,0,Quận 3,Hồ Chí Minh,4.9,334,Sinh tố/Nước ép/Sữa,189,10.766409873962402,106.68213653564453,31000
8689, Rau Má Mix - 540 Nguyễn Thị Minh Khai,Rau má mix đậu xanh sữa dừa.,Nước rau má tươi nguyên chất thanh mát + Sữa đậu xanh ngọt bùi + Sữa dừa dịu ngọt ,24000,560,8,1,Quận 3,Hồ Chí Minh,4.9,334,Sinh tố/Nước ép/Sữa,189,10.766409873962402,106.68213653564453,31000
8689, Rau Má Mix - 540 Nguyễn Thị Minh Khai,Rau má mix khoai môn sữa dừa,"Nước rau má tươi nguyên chất thanh mát + Sữa khoai môn sánh dẻo, thơm bùi + Sữa dừa dịu ngọt ",24000,46,2,0,Quận 3,Hồ Chí Minh,4.9,334,Sinh tố/Nước ép/Sữa,189,10.766409873962402,106.68213653564453,31000
8689, Rau Má Mix - 540 Nguyễn Thị Minh Khai,Rau má khoai môn khúc bạch,"Nước rau má tươi nguyên chất thanh mát + Sữa khoai môn sánh dẻo, thơm bùi + Sữa dừa dịu ngọt + Topping khúc bạch khoai môn dẻo bùi",30000,11,0,0,Quận 3,Hồ Chí Minh,4.9,334,Sinh tố/Nước ép/Sữa,189,10.766409873962402,106.68213653564453,31000
8689, Rau Má Mix - 540 Nguyễn Thị Minh Khai,Rau má sầu riêng khúc bạch trứng tươi,"Nước rau má tươi nguyên chất thanh mát + Sữa sầu riêng thơm lừng, béo ngậy + Sữa dừa dịu ngọt + Topping hhúc bạch trứng tươi thơm béo, dẻo mịn",33000,27,0,0,Quận 3,Hồ Chí Minh,4.9,334,Sinh tố/Nước ép/Sữa,189,10.766409873962402,106.68213653564453,31000
8689, Rau Má Mix - 540 Nguyễn Thị Minh Khai,Rau má đậu xanh khúc bạch trứng tươi,"Nước rau má tươi nguyên chất thanh mát + Sữa đậu xanh ngọt bùi + Sữa dừa dịu ngọt + Topping khúc bạch trứng tươi thơm béo, dẻo mịn",31000,12,0,0,Quận 3,Hồ Chí Minh,4.9,334,Sinh tố/Nước ép/Sữa,189,10.766409873962402,106.68213653564453,31000
8689, Rau Má Mix - 540 Nguyễn Thị Minh Khai,Rau má nguyên chất,Nước ép rau má tươi nguyên chất thanh mát và thơm ngon,13000,325,3,0,Quận 3,Hồ Chí Minh,4.9,334,Sinh tố/Nước ép/Sữa,189,10.766409873962402,106.68213653564453,31000
8689, Rau Má Mix - 540 Nguyễn Thị Minh Khai,Combo 1,Rau má mix: đậu xanh sữa dừa + trân châu lá dứa + thạch củ năng + sương sáo hạt chia,35000,206,2,0,Quận 3,Hồ Chí Minh,4.9,334,Sinh tố/Nước ép/Sữa,189,10.766409873962402,106.68213653564453,31000
8689, Rau Má Mix - 540 Nguyễn Thị Minh Khai,Combo 2,Rau má mix: đậu xanh sữa dừa + thạch nha đam + thạch lá dứa + trân châu tuyết trắng,35000,140,1,0,Quận 3,Hồ Chí Minh,4.9,334,Sinh tố/Nước ép/Sữa,189,10.766409873962402,106.68213653564453,31000
8689, Rau Má Mix - 540 Nguyễn Thị Minh Khai,Combo 3,Rau má mix: khoai môn sữa dừa + thạch củ năng + thạch lá dứa + sương sáo hạt chia,35000,46,1,0,Quận 3,Hồ Chí Minh,4.9,334,Sinh tố/Nước ép/Sữa,189,10.766409873962402,106.68213653564453,31000
8689, Rau Má Mix - 540 Nguyễn Thị Minh Khai,Combo 4,Rau má mix: sữa dừa + thạch củ năng + trân châu tuyết trắng + sương sáo hạt chia,35000,56,0,0,Quận 3,Hồ Chí Minh,4.9,334,Sinh tố/Nước ép/Sữa,189,10.766409873962402,106.68213653564453,31000
8689, Rau Má Mix - 540 Nguyễn Thị Minh Khai,Combo 5,Sữa đậu xanh cốt dừa + trân châu lá dứa + thạch củ năng + thạch lá dứa,35000,33,0,0,Quận 3,Hồ Chí Minh,4.9,334,Sinh tố/Nước ép/Sữa,189,10.766409873962402,106.68213653564453,31000
8689, Rau Má Mix - 540 Nguyễn Thị Minh Khai,Combo 6,Sữa khoai môn cốt dừa + Sương sáo hạt chia + thạch lá dứa + trân châu tuyết trắng,35000,25,0,0,Quận 3,Hồ Chí Minh,4.9,334,Sinh tố/Nước ép/Sữa,189,10.766409873962402,106.68213653564453,31000
8689, Rau Má Mix - 540 Nguyễn Thị Minh Khai,Combo 7,Rau má mix: sầu riêng sữa dừa + thạch nha đam + sương sáo hạt chia + thạch lá dứa,37000,23,0,0,Quận 3,Hồ Chí Minh,4.9,334,Sinh tố/Nước ép/Sữa,189,10.766409873962402,106.68213653564453,31000
8689, Rau Má Mix - 540 Nguyễn Thị Minh Khai,Combo 8,Rau má mix: sầu riêng sữa dừa + thạch củ năng + thạch lá dứa + trân châu tuyết trắng,37000,67,1,0,Quận 3,Hồ Chí Minh,4.9,334,Sinh tố/Nước ép/Sữa,189,10.766409873962402,106.68213653564453,31000
8689, Rau Má Mix - 540 Nguyễn Thị Minh Khai,Nước ép Cam Tươi,"Cung cấp Vitamin C giúp tăng đề kháng, bổ sung năng lượng và làm sáng da.",26000,5,0,0,Quận 3,Hồ Chí Minh,4.9,334,Sinh tố/Nước ép/Sữa,189,10.766409873962402,106.68213653564453,31000
8689, Rau Má Mix - 540 Nguyễn Thị Minh Khai,Nước ép Cam Thơm Tươi,"Cam và Thơm giàu Vitamin C giúp hỗ trợ tiêu hóa, tăng đề kháng và da sáng khỏe.",28000,5,0,0,Quận 3,Hồ Chí Minh,4.9,334,Sinh tố/Nước ép/Sữa,189,10.766409873962402,106.68213653564453,31000
8689, Rau Má Mix - 540 Nguyễn Thị Minh Khai,Nước ép Thơm Tươi,"Hỗ trợ tiêu hóa, giàu chất chống oxy hóa giúp da khỏe, dáng gọn.",28000,8,0,0,Quận 3,Hồ Chí Minh,4.9,334,Sinh tố/Nước ép/Sữa,189,10.766409873962402,106.68213653564453,31000
8689, Rau Má Mix - 540 Nguyễn Thị Minh Khai,Nước ép Dưa Hấu Tươi,Dưa hấu cung cấp Vitamin A & C giúp giải nhiệt và hỗ trợ đào thải độc tố.,28000,4,0,0,Quận 3,Hồ Chí Minh,4.9,334,Sinh tố/Nước ép/Sữa,189,10.766409873962402,106.68213653564453,31000
8689, Rau Má Mix - 540 Nguyễn Thị Minh Khai,Trà Lài Vải Lục Ngạn,"Chứa nhiều Vitamin C, polyphenol giúp chống oxy hóa, tăng cường đề kháng.",32000,5,0,0,Quận 3,Hồ Chí Minh,4.9,334,Sinh tố/Nước ép/Sữa,189,10.766409873962402,106.68213653564453,31000
8689, Rau Má Mix - 540 Nguyễn Thị Minh Khai,Trà Lài Đào Lát,"Giàu Collagen & Vitamin C, giúp da căng mướt, giảm thâm sạm.",32000,5,0,0,Quận 3,Hồ Chí Minh,4.9,334,Sinh tố/Nước ép/Sữa,189,10.766409873962402,106.68213653564453,31000
8689, Rau Má Mix - 540 Nguyễn Thị Minh Khai,Trà Lài Ổi Hồng,"Ổi hồng chứa lượng Vitamin C cao, giúp sáng da, tăng cường miễn dịch.",32000,1,0,0,Quận 3,Hồ Chí Minh,4.9,334,Sinh tố/Nước ép/Sữa,189,10.766409873962402,106.68213653564453,31000
8689, Rau Má Mix - 540 Nguyễn Thị Minh Khai,Trà Lài Lựu Đỏ,"Lựu đỏ giàu Polyphenol & Vitamin E giúp tăng cường trao đổi chất, tươi trẻ làn da.",32000,5,0,0,Quận 3,Hồ Chí Minh,4.9,334,Sinh tố/Nước ép/Sữa,189,10.766409873962402,106.68213653564453,31000
8689, Rau Má Mix - 540 Nguyễn Thị Minh Khai,Trà Lài Trái Cây Tươi,"Cung cấp các loại Vitamin cho làn da hồng hào, cơ thể tràn đầy năng lượng.",32000,1,0,0,Quận 3,Hồ Chí Minh,4.9,334,Sinh tố/Nước ép/Sữa,189,10.766409873962402,106.68213653564453,31000
8689, Rau Má Mix - 540 Nguyễn Thị Minh Khai,Sữa đậu xanh cốt dừa,"Sữa đậu xanh sánh mịn, ngọt bùi + Nước cốt dừa thơm béo",24000,69,0,0,Quận 3,Hồ Chí Minh,4.9,334,Sinh tố/Nước ép/Sữa,189,10.766409873962402,106.68213653564453,31000
8689, Rau Má Mix - 540 Nguyễn Thị Minh Khai,Sữa khoai môn cốt dừa,"Sữa khoai môn sánh dẻo, thơm bùi + Nước cốt dừa thơm béo",24000,48,1,0,Quận 3,Hồ Chí Minh,4.9,334,Sinh tố/Nước ép/Sữa,189,10.766409873962402,106.68213653564453,31000
8689, Rau Má Mix - 540 Nguyễn Thị Minh Khai,Bánh Tráng Tôm Hành,"Bánh tráng dai mềm cùng tép sấy giòn rụm, hành phi thơm lừng, muối tôm đậm đà cùng ớt cay the, siêu cuốn miệng!",20000,1,0,0,Quận 3,Hồ Chí Minh,4.9,334,Sinh tố/Nước ép/Sữa,189,10.766409873962402,106.68213653564453,31000
8689, Rau Má Mix - 540 Nguyễn Thị Minh Khai,Bánh Tráng Mix Thập Cẩm,"Sợi khô bò dai cay thấm vị, kết hợp cùng khô gà mềm, hòa quyện với bánh tráng dẻo dai, thơm ngon khó cưỡng.",20000,2,0,0,Quận 3,Hồ Chí Minh,4.9,334,Sinh tố/Nước ép/Sữa,189,10.766409873962402,106.68213653564453,31000
8689, Rau Má Mix - 540 Nguyễn Thị Minh Khai,Bánh Tráng Ống Phô Mai,"Bánh tráng dai mềm cuộn ống, áo đều lớp phô mai béo ngậy, thêm chút muối ớt cay nhẹ, mè trắng bùi bùi và dầu mè thơm lừng. Càng ăn càng ghiền!",20000,1,0,0,Quận 3,Hồ Chí Minh,4.9,334,Sinh tố/Nước ép/Sữa,189,10.766409873962402,106.68213653564453,31000
8689, Rau Má Mix - 540 Nguyễn Thị Minh Khai,Bánh Tráng Muối Tỏi XìKe,"Bánh tráng mềm dẻo, thấm đẫm muối tôm mằn mặn, tỏi phi thơm lừng và ớt bột cay tê tê. Càng ăn càng cuốn!",20000,0,0,0,Quận 3,Hồ Chí Minh,4.9,334,Sinh tố/Nước ép/Sữa,189,10.766409873962402,106.68213653564453,31000
8689, Rau Má Mix - 540 Nguyễn Thị Minh Khai,Bánh Tráng Ống XìKe Cay,"Bánh tráng dai mềm cuộn chặt, tẩm muối tôm đậm đà, hòa cùng tỏi phi thơm lừng và ớt bột cay tê tê. Một cuốn, một cắn - vị ngon bùng nổ!",20000,1,0,0,Quận 3,Hồ Chí Minh,4.9,334,Sinh tố/Nước ép/Sữa,189,10.766409873962402,106.68213653564453,31000
26732, Rau Má Mix - 50 Tôn Đản,DEAL SIÊU HỜI 1,Mua 1 Combo 1 (Size lớn) + 1 Combo 2 (Size lớn) Tặng 1 Rau Má Nguyên Chất (size lớn),80000,5,0,0,Quận 4,Thành phố Hồ Chí Minh,4.8,121,Sinh tố/Nước ép/Sữa,189,10.761289596557617,106.70748138427734,31000
26732, Rau Má Mix - 50 Tôn Đản,DEAL SIÊU HỜI 2,Mua 1 Combo 3 (Size lớn) + 1 Combo 2 (Size lớn) Tặng 1 Rau Má Nguyên Chất (size lớn),80000,3,0,0,Quận 4,Thành phố Hồ Chí Minh,4.8,121,Sinh tố/Nước ép/Sữa,189,10.761289596557617,106.70748138427734,31000
26732, Rau Má Mix - 50 Tôn Đản,DEAL SIÊU HỜI 3,Mua 1 Combo 1 (Size lớn) + 1 Combo 4 (Size lớn) Tặng 1 Rau Má Nguyên Chất (size lớn),80000,1,0,0,Quận 4,Thành phố Hồ Chí Minh,4.8,121,Sinh tố/Nước ép/Sữa,189,10.761289596557617,106.70748138427734,31000
26732, Rau Má Mix - 50 Tôn Đản,Rau má mix sầu riêng sữa dừa,"Nước ép rau má tươi nguyên chất thanh mát + Sữa sầu riêng thơm béo với công nghệ sấy ""thăng hoa"" + Sữa dừa dịu ngọt",26000,69,1,0,Quận 4,Thành phố Hồ Chí Minh,4.8,121,Sinh tố/Nước ép/Sữa,189,10.761289596557617,106.70748138427734,31000
26732, Rau Má Mix - 50 Tôn Đản,Rau má mix sữa khoai môn đậu đỏ,Nước ép rau má tươi nguyên chất thanh mát + Sữa khoai môn sánh dẻo + Đậu đỏ thơm bùi,33000,4,0,0,Quận 4,Thành phố Hồ Chí Minh,4.8,121,Sinh tố/Nước ép/Sữa,189,10.761289596557617,106.70748138427734,31000
26732, Rau Má Mix - 50 Tôn Đản,Rau má mix sữa dừa đậu đỏ,"Nước ép rau má tươi nguyên chất thanh mát + Sữa dừa béo ngậy + Đậu đỏ bùi bùi, thơm ngon",33000,1,0,0,Quận 4,Thành phố Hồ Chí Minh,4.8,121,Sinh tố/Nước ép/Sữa,189,10.761289596557617,106.70748138427734,31000
26732, Rau Má Mix - 50 Tôn Đản,Rau má mix sữa khoai môn đậu đỏ,Nước ép rau má tươi nguyên chất thanh mát + Sữa khoai môn sánh dẻo + Đậu đỏ thơm bùi,33000,3,0,0,Quận 4,Thành phố Hồ Chí Minh,4.8,121,Sinh tố/Nước ép/Sữa,189,10.761289596557617,106.70748138427734,31000
26732, Rau Má Mix - 50 Tôn Đản,Rau má sữa dừa,Nước rau má tươi nguyên chất thanh mát + Sữa dừa dịu ngọt,22000,164,2,0,Quận 4,Thành phố Hồ Chí Minh,4.8,121,Sinh tố/Nước ép/Sữa,189,10.761289596557617,106.70748138427734,31000
26732, Rau Má Mix - 50 Tôn Đản,Rau má mix khoai môn sữa dừa,"Nước rau má tươi nguyên chất thanh mát + Sữa khoai môn sánh dẻo, thơm bùi + Sữa dừa dịu ngọt ",24000,43,0,0,Quận 4,Thành phố Hồ Chí Minh,4.8,121,Sinh tố/Nước ép/Sữa,189,10.761289596557617,106.70748138427734,31000
26732, Rau Má Mix - 50 Tôn Đản,Rau má mix đậu xanh sữa dừa.,Nước rau má tươi nguyên chất thanh mát + Sữa đậu xanh ngọt bùi + Sữa dừa dịu ngọt ,24000,111,1,0,Quận 4,Thành phố Hồ Chí Minh,4.8,121,Sinh tố/Nước ép/Sữa,189,10.761289596557617,106.70748138427734,31000
26732, Rau Má Mix - 50 Tôn Đản,Rau má khoai môn khúc bạch,"Nước rau má tươi nguyên chất thanh mát + Sữa khoai môn sánh dẻo, thơm bùi + Sữa dừa dịu ngọt + Topping khúc bạch khoai môn dẻo bùi",30000,4,0,0,Quận 4,Thành phố Hồ Chí Minh,4.8,121,Sinh tố/Nước ép/Sữa,189,10.761289596557617,106.70748138427734,31000
26732, Rau Má Mix - 50 Tôn Đản,Rau má sầu riêng khúc bạch trứng tươi,"Nước rau má tươi nguyên chất thanh mát + Sữa sầu riêng thơm lừng, béo ngậy + Sữa dừa dịu ngọt + Topping hhúc bạch trứng tươi thơm béo, dẻo mịn",33000,12,0,0,Quận 4,Thành phố Hồ Chí Minh,4.8,121,Sinh tố/Nước ép/Sữa,189,10.761289596557617,106.70748138427734,31000
26732, Rau Má Mix - 50 Tôn Đản,Rau má đậu xanh khúc bạch trứng tươi,"Nước rau má tươi nguyên chất thanh mát + Sữa đậu xanh ngọt bùi + Sữa dừa dịu ngọt + Topping khúc bạch trứng tươi thơm béo, dẻo mịn",31000,6,0,0,Quận 4,Thành phố Hồ Chí Minh,4.8,121,Sinh tố/Nước ép/Sữa,189,10.761289596557617,106.70748138427734,31000
26732, Rau Má Mix - 50 Tôn Đản,Rau má nguyên chất,Nước ép rau má tươi nguyên chất thanh mát và thơm ngon,13000,161,1,0,Quận 4,Thành phố Hồ Chí Minh,4.8,121,Sinh tố/Nước ép/Sữa,189,10.761289596557617,106.70748138427734,31000
26732, Rau Má Mix - 50 Tôn Đản,Combo 1,Rau má mix: đậu xanh sữa dừa + trân châu lá dứa + thạch củ năng + sương sáo hạt chia,35000,84,3,1,Quận 4,Thành phố Hồ Chí Minh,4.8,121,Sinh tố/Nước ép/Sữa,189,10.761289596557617,106.70748138427734,31000
26732, Rau Má Mix - 50 Tôn Đản,Combo 2,Rau má mix: đậu xanh sữa dừa + thạch nha đam + thạch lá dứa + trân châu tuyết trắng,35000,90,3,0,Quận 4,Thành phố Hồ Chí Minh,4.8,121,Sinh tố/Nước ép/Sữa,189,10.761289596557617,106.70748138427734,31000
26732, Rau Má Mix - 50 Tôn Đản,Combo 3,Rau má mix: khoai môn sữa dừa + thạch củ năng + thạch lá dứa + sương sáo hạt chia,35000,28,3,0,Quận 4,Thành phố Hồ Chí Minh,4.8,121,Sinh tố/Nước ép/Sữa,189,10.761289596557617,106.70748138427734,31000
26732, Rau Má Mix - 50 Tôn Đản,Combo 4,Rau má mix: sữa dừa + thạch củ năng + trân châu tuyết trắng + sương sáo hạt chia,35000,20,0,0,Quận 4,Thành phố Hồ Chí Minh,4.8,121,Sinh tố/Nước ép/Sữa,189,10.761289596557617,106.70748138427734,31000
26732, Rau Má Mix - 50 Tôn Đản,Combo 5,Sữa đậu xanh cốt dừa + trân châu lá dứa + thạch củ năng + thạch lá dứa,35000,32,1,0,Quận 4,Thành phố Hồ Chí Minh,4.8,121,Sinh tố/Nước ép/Sữa,189,10.761289596557617,106.70748138427734,31000
26732, Rau Má Mix - 50 Tôn Đản,Combo 6,Sữa khoai môn cốt dừa + Sương sáo hạt chia + thạch lá dứa + trân châu tuyết trắng,35000,19,0,0,Quận 4,Thành phố Hồ Chí Minh,4.8,121,Sinh tố/Nước ép/Sữa,189,10.761289596557617,106.70748138427734,31000
26732, Rau Má Mix - 50 Tôn Đản,Combo 7,Rau má mix: sầu riêng sữa dừa + thạch nha đam + sương sáo hạt chia + thạch lá dứa,37000,15,0,0,Quận 4,Thành phố Hồ Chí Minh,4.8,121,Sinh tố/Nước ép/Sữa,189,10.761289596557617,106.70748138427734,31000
26732, Rau Má Mix - 50 Tôn Đản,Combo 8,Rau má mix: sầu riêng sữa dừa + thạch củ năng + thạch lá dứa + trân châu tuyết trắng,37000,62,0,0,Quận 4,Thành phố Hồ Chí Minh,4.8,121,Sinh tố/Nước ép/Sữa,189,10.761289596557617,106.70748138427734,31000
26732, Rau Má Mix - 50 Tôn Đản,Nước ép Cam Tươi,"Cung cấp Vitamin C giúp tăng đề kháng, bổ sung năng lượng và làm sáng da.",26000,1,0,0,Quận 4,Thành phố Hồ Chí Minh,4.8,121,Sinh tố/Nước ép/Sữa,189,10.761289596557617,106.70748138427734,31000
26732, Rau Má Mix - 50 Tôn Đản,Nước ép Cam Thơm Tươi,"Cam và Thơm giàu Vitamin C giúp hỗ trợ tiêu hóa, tăng đề kháng và da sáng khỏe.",28000,2,0,0,Quận 4,Thành phố Hồ Chí Minh,4.8,121,Sinh tố/Nước ép/Sữa,189,10.761289596557617,106.70748138427734,31000
26732, Rau Má Mix - 50 Tôn Đản,Nước ép Thơm Tươi,"Hỗ trợ tiêu hóa, giàu chất chống oxy hóa giúp da khỏe, dáng gọn.",28000,1,0,0,Quận 4,Thành phố Hồ Chí Minh,4.8,121,Sinh tố/Nước ép/Sữa,189,10.761289596557617,106.70748138427734,31000
26732, Rau Má Mix - 50 Tôn Đản,Nước ép Dưa Hấu Tươi,Dưa hấu cung cấp Vitamin A & C giúp giải nhiệt và hỗ trợ đào thải độc tố.,28000,3,0,0,Quận 4,Thành phố Hồ Chí Minh,4.8,121,Sinh tố/Nước ép/Sữa,189,10.761289596557617,106.70748138427734,31000
26732, Rau Má Mix - 50 Tôn Đản,Trà Lài Vải Lục Ngạn,"Chứa nhiều Vitamin C, polyphenol giúp chống oxy hóa, tăng cường đề kháng.",32000,4,0,0,Quận 4,Thành phố Hồ Chí Minh,4.8,121,Sinh tố/Nước ép/Sữa,189,10.761289596557617,106.70748138427734,31000
26732, Rau Má Mix - 50 Tôn Đản,Trà Lài Đào Lát,"Giàu Collagen & Vitamin C, giúp da căng mướt, giảm thâm sạm.",32000,0,0,0,Quận 4,Thành phố Hồ Chí Minh,4.8,121,Sinh tố/Nước ép/Sữa,189,10.761289596557617,106.70748138427734,31000
26732, Rau Má Mix - 50 Tôn Đản,Trà Lài Ổi Hồng,"Ổi hồng chứa lượng Vitamin C cao, giúp sáng da, tăng cường miễn dịch.",32000,0,0,0,Quận 4,Thành phố Hồ Chí Minh,4.8,121,Sinh tố/Nước ép/Sữa,189,10.761289596557617,106.70748138427734,31000
26732, Rau Má Mix - 50 Tôn Đản,Trà Lài Lựu Đỏ,"Lựu đỏ giàu Polyphenol & Vitamin E giúp tăng cường trao đổi chất, tươi trẻ làn da.",32000,0,0,0,Quận 4,Thành phố Hồ Chí Minh,4.8,121,Sinh tố/Nước ép/Sữa,189,10.761289596557617,106.70748138427734,31000
26732, Rau Má Mix - 50 Tôn Đản,Trà Lài Trái Cây Tươi,"Cung cấp các loại Vitamin cho làn da hồng hào, cơ thể tràn đầy năng lượng.",32000,1,0,0,Quận 4,Thành phố Hồ Chí Minh,4.8,121,Sinh tố/Nước ép/Sữa,189,10.761289596557617,106.70748138427734,31000
26732, Rau Má Mix - 50 Tôn Đản,Sữa đậu xanh cốt dừa,"Sữa đậu xanh sánh mịn, ngọt bùi + Nước cốt dừa thơm béo",24000,38,1,0,Quận 4,Thành phố Hồ Chí Minh,4.8,121,Sinh tố/Nước ép/Sữa,189,10.761289596557617,106.70748138427734,31000
26732, Rau Má Mix - 50 Tôn Đản,Sữa khoai môn cốt dừa,"Sữa khoai môn sánh dẻo, thơm bùi + Nước cốt dừa thơm béo",24000,27,0,0,Quận 4,Thành phố Hồ Chí Minh,4.8,121,Sinh tố/Nước ép/Sữa,189,10.761289596557617,106.70748138427734,31000
26732, Rau Má Mix - 50 Tôn Đản,Bánh Tráng Tôm Hành,"Bánh tráng dai mềm cùng tép sấy giòn rụm, hành phi thơm lừng, muối tôm đậm đà cùng ớt cay the, siêu cuốn miệng!",20000,0,0,0,Quận 4,Thành phố Hồ Chí Minh,4.8,121,Sinh tố/Nước ép/Sữa,189,10.761289596557617,106.70748138427734,31000
26732, Rau Má Mix - 50 Tôn Đản,Bánh Tráng Mix Thập Cẩm,"Sợi khô bò dai cay thấm vị, kết hợp cùng khô gà mềm, hòa quyện với bánh tráng dẻo dai, thơm ngon khó cưỡng.",20000,0,0,0,Quận 4,Thành phố Hồ Chí Minh,4.8,121,Sinh tố/Nước ép/Sữa,189,10.761289596557617,106.70748138427734,31000
26732, Rau Má Mix - 50 Tôn Đản,Bánh Tráng Ống Phô Mai,"Bánh tráng dai mềm cuộn ống, áo đều lớp phô mai béo ngậy, thêm chút muối ớt cay nhẹ, mè trắng bùi bùi và dầu mè thơm lừng. Càng ăn càng ghiền!",20000,2,0,0,Quận 4,Thành phố Hồ Chí Minh,4.8,121,Sinh tố/Nước ép/Sữa,189,10.761289596557617,106.70748138427734,31000
26732, Rau Má Mix - 50 Tôn Đản,Bánh Tráng Muối Tỏi XìKe,"Bánh tráng mềm dẻo, thấm đẫm muối tôm mằn mặn, tỏi phi thơm lừng và ớt bột cay tê tê. Càng ăn càng cuốn!",20000,1,0,0,Quận 4,Thành phố Hồ Chí Minh,4.8,121,Sinh tố/Nước ép/Sữa,189,10.761289596557617,106.70748138427734,31000
26732, Rau Má Mix - 50 Tôn Đản,Bánh Tráng Ống XìKe Cay,"Bánh tráng dai mềm cuộn chặt, tẩm muối tôm đậm đà, hòa cùng tỏi phi thơm lừng và ớt bột cay tê tê. Một cuốn, một cắn - vị ngon bùng nổ!",20000,0,0,0,Quận 4,Thành phố Hồ Chí Minh,4.8,121,Sinh tố/Nước ép/Sữa,189,10.761289596557617,106.70748138427734,31000
4842, Rau Má Mix - A58 Nguyễn Trãi,DEAL SIÊU HỜI 1,Mua 1 Combo 1 (Size lớn) + 1 Combo 2 (Size lớn) Tặng 1 Rau Má Nguyên Chất (size lớn),80000,52,0,1,Quận 1,Hồ Chí Minh,4.9,1438,Sinh tố/Nước ép/Sữa,189,10.765939712524414,106.68788146972656,31000
4842, Rau Má Mix - A58 Nguyễn Trãi,DEAL SIÊU HỜI 2,Mua 1 Combo 3 (Size lớn) + 1 Combo 2 (Size lớn) Tặng 1 Rau Má Nguyên Chất (size lớn),80000,23,0,0,Quận 1,Hồ Chí Minh,4.9,1438,Sinh tố/Nước ép/Sữa,189,10.765939712524414,106.68788146972656,31000
4842, Rau Má Mix - A58 Nguyễn Trãi,DEAL SIÊU HỜI 3,Mua 1 Combo 1 (Size lớn) + 1 Combo 4 (Size lớn) Tặng 1 Rau Má Nguyên Chất (size lớn),80000,17,0,0,Quận 1,Hồ Chí Minh,4.9,1438,Sinh tố/Nước ép/Sữa,189,10.765939712524414,106.68788146972656,31000
4842, Rau Má Mix - A58 Nguyễn Trãi,Rau má mix sầu riêng sữa dừa,"Nước ép rau má tươi nguyên chất thanh mát + Sữa sầu riêng thơm béo với công nghệ sấy ""thăng hoa"" + Sữa dừa dịu ngọt",26000,1130,12,0,Quận 1,Hồ Chí Minh,4.9,1438,Sinh tố/Nước ép/Sữa,189,10.765939712524414,106.68788146972656,31000
4842, Rau Má Mix - A58 Nguyễn Trãi,Rau má mix sữa khoai môn đậu đỏ,Nước ép rau má tươi nguyên chất thanh mát + Sữa khoai môn sánh dẻo + Đậu đỏ thơm bùi,33000,104,2,0,Quận 1,Hồ Chí Minh,4.9,1438,Sinh tố/Nước ép/Sữa,189,10.765939712524414,106.68788146972656,31000
4842, Rau Má Mix - A58 Nguyễn Trãi,Rau má mix sữa dừa đậu đỏ,"Nước ép rau má tươi nguyên chất thanh mát + Sữa dừa béo ngậy + Đậu đỏ bùi bùi, thơm ngon",33000,109,0,0,Quận 1,Hồ Chí Minh,4.9,1438,Sinh tố/Nước ép/Sữa,189,10.765939712524414,106.68788146972656,31000
4842, Rau Má Mix - A58 Nguyễn Trãi,Rau má mix sữa khoai môn đậu đỏ,Nước ép rau má tươi nguyên chất thanh mát + Sữa khoai môn sánh dẻo + Đậu đỏ thơm bùi,33000,58,0,0,Quận 1,Hồ Chí Minh,4.9,1438,Sinh tố/Nước ép/Sữa,189,10.765939712524414,106.68788146972656,31000
4842, Rau Má Mix - A58 Nguyễn Trãi,Rau má sữa dừa,Nước rau má tươi nguyên chất thanh mát + Sữa dừa dịu ngọt,22000,1940,9,2,Quận 1,Hồ Chí Minh,4.9,1438,Sinh tố/Nước ép/Sữa,189,10.765939712524414,106.68788146972656,31000
4842, Rau Má Mix - A58 Nguyễn Trãi,Rau má mix đậu xanh sữa dừa.,Nước rau má tươi nguyên chất thanh mát + Sữa đậu xanh ngọt bùi + Sữa dừa dịu ngọt ,24000,3757,26,2,Quận 1,Hồ Chí Minh,4.9,1438,Sinh tố/Nước ép/Sữa,189,10.765939712524414,106.68788146972656,31000
4842, Rau Má Mix - A58 Nguyễn Trãi,Rau má mix khoai môn sữa dừa,"Nước rau má tươi nguyên chất thanh mát + Sữa khoai môn sánh dẻo, thơm bùi + Sữa dừa dịu ngọt ",24000,426,5,1,Quận 1,Hồ Chí Minh,4.9,1438,Sinh tố/Nước ép/Sữa,189,10.765939712524414,106.68788146972656,31000
4842, Rau Má Mix - A58 Nguyễn Trãi,Rau má khoai môn khúc bạch,"Nước rau má tươi nguyên chất thanh mát + Sữa khoai môn sánh dẻo, thơm bùi + Sữa dừa dịu ngọt + Topping khúc bạch khoai môn dẻo bùi",30000,196,1,0,Quận 1,Hồ Chí Minh,4.9,1438,Sinh tố/Nước ép/Sữa,189,10.765939712524414,106.68788146972656,31000
4842, Rau Má Mix - A58 Nguyễn Trãi,Rau má sầu riêng khúc bạch trứng tươi,"Nước rau má tươi nguyên chất thanh mát + Sữa sầu riêng thơm lừng, béo ngậy + Sữa dừa dịu ngọt + Topping hhúc bạch trứng tươi thơm béo, dẻo mịn",33000,165,0,0,Quận 1,Hồ Chí Minh,4.9,1438,Sinh tố/Nước ép/Sữa,189,10.765939712524414,106.68788146972656,31000
4842, Rau Má Mix - A58 Nguyễn Trãi,Rau má đậu xanh khúc bạch trứng tươi,"Nước rau má tươi nguyên chất thanh mát + Sữa đậu xanh ngọt bùi + Sữa dừa dịu ngọt + Topping khúc bạch trứng tươi thơm béo, dẻo mịn",31000,122,0,0,Quận 1,Hồ Chí Minh,4.9,1438,Sinh tố/Nước ép/Sữa,189,10.765939712524414,106.68788146972656,31000
4842, Rau Má Mix - A58 Nguyễn Trãi,Rau má nguyên chất,Nước ép rau má tươi nguyên chất thanh mát và thơm ngon,13000,3204,18,2,Quận 1,Hồ Chí Minh,4.9,1438,Sinh tố/Nước ép/Sữa,189,10.765939712524414,106.68788146972656,31000
4842, Rau Má Mix - A58 Nguyễn Trãi,Combo 1,Rau má mix: đậu xanh sữa dừa + trân châu lá dứa + thạch củ năng + sương sáo hạt chia,35000,1040,9,0,Quận 1,Hồ Chí Minh,4.9,1438,Sinh tố/Nước ép/Sữa,189,10.765939712524414,106.68788146972656,31000
4842, Rau Má Mix - A58 Nguyễn Trãi,Combo 2,Rau má mix: đậu xanh sữa dừa + thạch nha đam + thạch lá dứa + trân châu tuyết trắng,35000,599,7,0,Quận 1,Hồ Chí Minh,4.9,1438,Sinh tố/Nước ép/Sữa,189,10.765939712524414,106.68788146972656,31000
4842, Rau Má Mix - A58 Nguyễn Trãi,Combo 3,Rau má mix: khoai môn sữa dừa + thạch củ năng + thạch lá dứa + sương sáo hạt chia,35000,190,2,0,Quận 1,Hồ Chí Minh,4.9,1438,Sinh tố/Nước ép/Sữa,189,10.765939712524414,106.68788146972656,31000
4842, Rau Má Mix - A58 Nguyễn Trãi,Combo 4,Rau má mix: sữa dừa + thạch củ năng + trân châu tuyết trắng + sương sáo hạt chia,35000,267,5,1,Quận 1,Hồ Chí Minh,4.9,1438,Sinh tố/Nước ép/Sữa,189,10.765939712524414,106.68788146972656,31000
4842, Rau Má Mix - A58 Nguyễn Trãi,Combo 5,Sữa đậu xanh cốt dừa + trân châu lá dứa + thạch củ năng + thạch lá dứa,35000,182,3,0,Quận 1,Hồ Chí Minh,4.9,1438,Sinh tố/Nước ép/Sữa,189,10.765939712524414,106.68788146972656,31000
4842, Rau Má Mix - A58 Nguyễn Trãi,Combo 6,Sữa khoai môn cốt dừa + Sương sáo hạt chia + thạch lá dứa + trân châu tuyết trắng,35000,166,2,0,Quận 1,Hồ Chí Minh,4.9,1438,Sinh tố/Nước ép/Sữa,189,10.765939712524414,106.68788146972656,31000
4842, Rau Má Mix - A58 Nguyễn Trãi,Combo 7,Rau má mix: sầu riêng sữa dừa + thạch nha đam + sương sáo hạt chia + thạch lá dứa,37000,165,1,0,Quận 1,Hồ Chí Minh,4.9,1438,Sinh tố/Nước ép/Sữa,189,10.765939712524414,106.68788146972656,31000
4842, Rau Má Mix - A58 Nguyễn Trãi,Combo 8,Rau má mix: sầu riêng sữa dừa + thạch củ năng + thạch lá dứa + trân châu tuyết trắng,37000,346,1,0,Quận 1,Hồ Chí Minh,4.9,1438,Sinh tố/Nước ép/Sữa,189,10.765939712524414,106.68788146972656,31000
4842, Rau Má Mix - A58 Nguyễn Trãi,Nước ép Cam Tươi,"Cung cấp Vitamin C giúp tăng đề kháng, bổ sung năng lượng và làm sáng da.",26000,38,0,0,Quận 1,Hồ Chí Minh,4.9,1438,Sinh tố/Nước ép/Sữa,189,10.765939712524414,106.68788146972656,31000
4842, Rau Má Mix - A58 Nguyễn Trãi,Nước ép Cam Thơm Tươi,"Cam và Thơm giàu Vitamin C giúp hỗ trợ tiêu hóa, tăng đề kháng và da sáng khỏe.",28000,65,1,0,Quận 1,Hồ Chí Minh,4.9,1438,Sinh tố/Nước ép/Sữa,189,10.765939712524414,106.68788146972656,31000
4842, Rau Má Mix - A58 Nguyễn Trãi,Nước ép Thơm Tươi,"Hỗ trợ tiêu hóa, giàu chất chống oxy hóa giúp da khỏe, dáng gọn.",28000,59,0,0,Quận 1,Hồ Chí Minh,4.9,1438,Sinh tố/Nước ép/Sữa,189,10.765939712524414,106.68788146972656,31000
4842, Rau Má Mix - A58 Nguyễn Trãi,Nước ép Dưa Hấu Tươi,Dưa hấu cung cấp Vitamin A & C giúp giải nhiệt và hỗ trợ đào thải độc tố.,28000,52,0,0,Quận 1,Hồ Chí Minh,4.9,1438,Sinh tố/Nước ép/Sữa,189,10.765939712524414,106.68788146972656,31000
4842, Rau Má Mix - A58 Nguyễn Trãi,Trà Lài Vải Lục Ngạn,"Chứa nhiều Vitamin C, polyphenol giúp chống oxy hóa, tăng cường đề kháng.",32000,33,0,0,Quận 1,Hồ Chí Minh,4.9,1438,Sinh tố/Nước ép/Sữa,189,10.765939712524414,106.68788146972656,31000
4842, Rau Má Mix - A58 Nguyễn Trãi,Trà Lài Đào Lát,"Giàu Collagen & Vitamin C, giúp da căng mướt, giảm thâm sạm.",32000,15,0,0,Quận 1,Hồ Chí Minh,4.9,1438,Sinh tố/Nước ép/Sữa,189,10.765939712524414,106.68788146972656,31000
4842, Rau Má Mix - A58 Nguyễn Trãi,Trà Lài Ổi Hồng,"Ổi hồng chứa lượng Vitamin C cao, giúp sáng da, tăng cường miễn dịch.",32000,18,0,0,Quận 1,Hồ Chí Minh,4.9,1438,Sinh tố/Nước ép/Sữa,189,10.765939712524414,106.68788146972656,31000
4842, Rau Má Mix - A58 Nguyễn Trãi,Trà Lài Lựu Đỏ,"Lựu đỏ giàu Polyphenol & Vitamin E giúp tăng cường trao đổi chất, tươi trẻ làn da.",32000,48,1,0,Quận 1,Hồ Chí Minh,4.9,1438,Sinh tố/Nước ép/Sữa,189,10.765939712524414,106.68788146972656,31000
4842, Rau Má Mix - A58 Nguyễn Trãi,Trà Lài Trái Cây Tươi,"Cung cấp các loại Vitamin cho làn da hồng hào, cơ thể tràn đầy năng lượng.",32000,40,0,0,Quận 1,Hồ Chí Minh,4.9,1438,Sinh tố/Nước ép/Sữa,189,10.765939712524414,106.68788146972656,31000
4842, Rau Má Mix - A58 Nguyễn Trãi,Sữa đậu xanh cốt dừa,"Sữa đậu xanh sánh mịn, ngọt bùi + Nước cốt dừa thơm béo",24000,497,6,1,Quận 1,Hồ Chí Minh,4.9,1438,Sinh tố/Nước ép/Sữa,189,10.765939712524414,106.68788146972656,31000
4842, Rau Má Mix - A58 Nguyễn Trãi,Sữa khoai môn cốt dừa,"Sữa khoai môn sánh dẻo, thơm bùi + Nước cốt dừa thơm béo",24000,345,4,3,Quận 1,Hồ Chí Minh,4.9,1438,Sinh tố/Nước ép/Sữa,189,10.765939712524414,106.68788146972656,31000
4842, Rau Má Mix - A58 Nguyễn Trãi,Bánh Tráng Tôm Hành,"Bánh tráng dai mềm cùng tép sấy giòn rụm, hành phi thơm lừng, muối tôm đậm đà cùng ớt cay the, siêu cuốn miệng!",20000,9,0,0,Quận 1,Hồ Chí Minh,4.9,1438,Sinh tố/Nước ép/Sữa,189,10.765939712524414,106.68788146972656,31000
4842, Rau Má Mix - A58 Nguyễn Trãi,Bánh Tráng Mix Thập Cẩm,"Sợi khô bò dai cay thấm vị, kết hợp cùng khô gà mềm, hòa quyện với bánh tráng dẻo dai, thơm ngon khó cưỡng.",20000,19,0,0,Quận 1,Hồ Chí Minh,4.9,1438,Sinh tố/Nước ép/Sữa,189,10.765939712524414,106.68788146972656,31000
4842, Rau Má Mix - A58 Nguyễn Trãi,Bánh Tráng Ống Phô Mai,"Bánh tráng dai mềm cuộn ống, áo đều lớp phô mai béo ngậy, thêm chút muối ớt cay nhẹ, mè trắng bùi bùi và dầu mè thơm lừng. Càng ăn càng ghiền!",20000,6,0,0,Quận 1,Hồ Chí Minh,4.9,1438,Sinh tố/Nước ép/Sữa,189,10.765939712524414,106.68788146972656,31000
4842, Rau Má Mix - A58 Nguyễn Trãi,Bánh Tráng Muối Tỏi XìKe,"Bánh tráng mềm dẻo, thấm đẫm muối tôm mằn mặn, tỏi phi thơm lừng và ớt bột cay tê tê. Càng ăn càng cuốn!",20000,6,0,0,Quận 1,Hồ Chí Minh,4.9,1438,Sinh tố/Nước ép/Sữa,189,10.765939712524414,106.68788146972656,31000
4842, Rau Má Mix - A58 Nguyễn Trãi,Bánh Tráng Ống XìKe Cay,"Bánh tráng dai mềm cuộn chặt, tẩm muối tôm đậm đà, hòa cùng tỏi phi thơm lừng và ớt bột cay tê tê. Một cuốn, một cắn - vị ngon bùng nổ!",20000,7,0,0,Quận 1,Hồ Chí Minh,4.9,1438,Sinh tố/Nước ép/Sữa,189,10.765939712524414,106.68788146972656,31000
14458,Chuk Express Trà & Cà Phê - Trần Cao Vân,[ DEAL 1K ] Oolong Sữa Trân Châu Kem Muối Biển,Số lượng có hạn. 1 KM/đơn hàng từ 45k.,1000,6,0,0,Quận 1,Hồ Chí Minh,4.6,102,Cà Phê/Trà,189,10.784460067749023,106.69715118408203,25000
14458,Chuk Express Trà & Cà Phê - Trần Cao Vân,[DEAL 48K] Combo 2 Oolong Xoài Keo Lỳ,"GIẢM 20% COMBO 2 OOLONG XOÀI KEO LỲThơm mùi xoài vườn, mát vị trà – hè này chill cực đã!",48000,2,0,0,Quận 1,Hồ Chí Minh,4.6,102,Cà Phê/Trà,189,10.784460067749023,106.69715118408203,25000
14458,Chuk Express Trà & Cà Phê - Trần Cao Vân,Trà Dưa Lưới Nhiệt Đới,TRÀ DƯA LƯỚI NHIỆT ĐỚI – TƯƠI MÁT TỪNG NGỤM ,30000,4,0,0,Quận 1,Hồ Chí Minh,4.6,102,Cà Phê/Trà,189,10.784460067749023,106.69715118408203,25000
14458,Chuk Express Trà & Cà Phê - Trần Cao Vân,[MÓN MỚI] Oolong Xoài Keo Lỳ,"Vị trà oolong đậm sâu kết hợp cùng xoài keo cát tường chua chua, ngọt ngọt.",30000,1,0,0,Quận 1,Hồ Chí Minh,4.6,102,Cà Phê/Trà,189,10.784460067749023,106.69715118408203,25000
14458,Chuk Express Trà & Cà Phê - Trần Cao Vân,[MÓN MỚI] Trà Lài Xoài Chanh Leo ,"Vị trà lài thanh dịu kết hợp cùng xoài keo cát tường chua chua, ngọt ngọt.",30000,1,0,0,Quận 1,Hồ Chí Minh,4.6,102,Cà Phê/Trà,189,10.784460067749023,106.69715118408203,25000
14458,Chuk Express Trà & Cà Phê - Trần Cao Vân,[COMBO GIẢI NHIỆT] Sâm Thảo Mộc + Thạch Đen Cao Bằng,"Combo giải nhiệt thanh mát – giá siêu “hạt dẻ” Vừa uống vừa nhai, đúng chuẩn “best-seller” mùa hè!",17000,0,0,0,Quận 1,Hồ Chí Minh,4.6,102,Cà Phê/Trà,189,10.784460067749023,106.69715118408203,25000
14458,Chuk Express Trà & Cà Phê - Trần Cao Vân,"MUA 2 TẶNG 1, CHUK EXPRESS KHAO XỊN",CHUK EXPRESS mời ly thứ 3 – bạn chỉ cần “chốt đơn”! MUA 2 – TẶNG 1 liền tay!,60000,1,0,0,Quận 1,Hồ Chí Minh,4.6,102,Cà Phê/Trà,189,10.784460067749023,106.69715118408203,25000
14458,Chuk Express Trà & Cà Phê - Trần Cao Vân,Trà Lài Sữa Bánh FLan Kem Muối Biển ,Trà lài sữa ngọt thanh kết hợp cùng kem muối biển thơm béo đặc trưng của Chuk Express và bánh flan homemade đậm trứng béo sữa.,25000,27,0,0,Quận 1,Hồ Chí Minh,4.6,102,Cà Phê/Trà,189,10.784460067749023,106.69715118408203,25000
14458,Chuk Express Trà & Cà Phê - Trần Cao Vân,Oolong Sữa Trân Châu Kem Muối Biển,Trà Oolong đậm vị kết hợp với Kem muối biển béo thơm và trân châu đen dai mềm.,25000,29,0,0,Quận 1,Hồ Chí Minh,4.6,102,Cà Phê/Trà,189,10.784460067749023,106.69715118408203,25000
14458,Chuk Express Trà & Cà Phê - Trần Cao Vân,Hồng Trà B'lao Sữa Trân Châu Kem Muối Biển,"Hồng Trà B’lao mang đến trải nghiệm “chát tiền ngọt hậu” đầy cuốn hút, kết hợp với Kem muối biển béo thơm và trân châu đen dai mềm",25000,25,0,0,Quận 1,Hồ Chí Minh,4.6,102,Cà Phê/Trà,189,10.784460067749023,106.69715118408203,25000
14458,Chuk Express Trà & Cà Phê - Trần Cao Vân,Trà Lài Sữa Bánh Flan + 1 Phần Trân Châu Đen,"Trà lài sữa ngọt thanh kết hợp cùng kem muối biển thơm béo, bánh flan homemade đậm trứng béo sữa đi kèm trân châu đen dai mềm.",32000,13,0,0,Quận 1,Hồ Chí Minh,4.6,102,Cà Phê/Trà,189,10.784460067749023,106.69715118408203,25000
14458,Chuk Express Trà & Cà Phê - Trần Cao Vân,Trà Sen Sữa Trân Châu Trắng,"Trà Sen Sữa Trân Châu Trắng - trà sen thơm kết hợp với sữa, kem muối và trân châu trắng dai giòn.",25000,19,2,0,Quận 1,Hồ Chí Minh,4.6,102,Cà Phê/Trà,189,10.784460067749023,106.69715118408203,25000
14458,Chuk Express Trà & Cà Phê - Trần Cao Vân,Trà Sữa Cà Phê Trân Châu Đường Đen,"Trà Sữa Cà Phê Trân Châu Đường Đen là sự kết hợp giữa Hồng trà đậm vị, thơm nhẹ cà phê rang xay và trân châu ngọt ngào dưới lớp kem muối biển độc đáo.",30000,13,0,0,Quận 1,Hồ Chí Minh,4.6,102,Cà Phê/Trà,189,10.784460067749023,106.69715118408203,25000
14458,Chuk Express Trà & Cà Phê - Trần Cao Vân,Trà Sen Nhãn,Trà Sen đậm vị kết hợp với vị chua thanh nhẹ của chanh và nhãn tươi thanh mát.,30000,35,1,0,Quận 1,Hồ Chí Minh,4.6,102,Cà Phê/Trà,189,10.784460067749023,106.69715118408203,25000
14458,Chuk Express Trà & Cà Phê - Trần Cao Vân,Trà Đào Chanh Mật Ong,"Hồng trà đậm vị kết hợp với chua thanh ngọt nhẹ của Chanh, Mật Ong và Đào tươi thanh mát.",30000,30,2,0,Quận 1,Hồ Chí Minh,4.6,102,Cà Phê/Trà,189,10.784460067749023,106.69715118408203,25000
14458,Chuk Express Trà & Cà Phê - Trần Cao Vân,[BEST SELLER] Trà Sen Aiju Vải,Trà Sen Aiju Vải với trà sen thanh mát kết hợp cùng thạch aiju vải chua chua ngọt ngọt.,25000,30,1,0,Quận 1,Hồ Chí Minh,4.6,102,Cà Phê/Trà,189,10.784460067749023,106.69715118408203,25000
14458,Chuk Express Trà & Cà Phê - Trần Cao Vân,Cà Phê Sữa Tươi,"CHUK EXPRESS cung cấp cà phê theo tiêu chuẩn riêng: size M (360ml) và size L (500ml), khác với dung tích của các loại đồ uống khác cửa cửa hàng với size M (500ml) & size L (700ml)",25000,21,0,0,Quận 1,Hồ Chí Minh,4.6,102,Cà Phê/Trà,189,10.784460067749023,106.69715118408203,25000
14458,Chuk Express Trà & Cà Phê - Trần Cao Vân,Cà Phê Đen Đá,"CHUK EXPRESS cung cấp cà phê theo tiêu chuẩn riêng: size M (360ml) và size L (500ml), khác với dung tích của các loại đồ uống khác cửa cửa hàng với size M (500ml) & size L (700ml)",20000,14,0,0,Quận 1,Hồ Chí Minh,4.6,102,Cà Phê/Trà,189,10.784460067749023,106.69715118408203,25000
14458,Chuk Express Trà & Cà Phê - Trần Cao Vân,Cà Phê Sữa Đá,"CHUK EXPRESS cung cấp cà phê theo tiêu chuẩn riêng: size M (360ml) và size L (500ml), khác với dung tích của các loại đồ uống khác cửa cửa hàng với size M (500ml) & size L (700ml)",20000,50,0,0,Quận 1,Hồ Chí Minh,4.6,102,Cà Phê/Trà,189,10.784460067749023,106.69715118408203,25000
14458,Chuk Express Trà & Cà Phê - Trần Cao Vân,Cà Phê Sữa Kem Muối Biển,"CHUK EXPRESS cung cấp cà phê theo tiêu chuẩn riêng: size M (360ml) và size L (500ml), khác với dung tích của các loại đồ uống khác cửa cửa hàng với size M (500ml) & size L (700ml)",20000,98,0,0,Quận 1,Hồ Chí Minh,4.6,102,Cà Phê/Trà,189,10.784460067749023,106.69715118408203,25000
14458,Chuk Express Trà & Cà Phê - Trần Cao Vân,Bạc Sỉu,"CHUK EXPRESS cung cấp cà phê theo tiêu chuẩn riêng: size M (360ml) và size L (500ml), khác với dung tích của các loại đồ uống khác cửa cửa hàng với size M (500ml) & size L (700ml)",20000,13,0,0,Quận 1,Hồ Chí Minh,4.6,102,Cà Phê/Trà,189,10.784460067749023,106.69715118408203,25000
14458,Chuk Express Trà & Cà Phê - Trần Cao Vân,Milo Chuối Trân Châu Kem Muối Biển,"Milo Chuối Trân Châu Kem Muối Biển với đắng nhẹ bột cacao, thơm béo của kem muối biển, dẻo dai trân châu đen và hương chuối thơm nhẹ nhàng.",30000,17,0,0,Quận 1,Hồ Chí Minh,4.6,102,Cà Phê/Trà,189,10.784460067749023,106.69715118408203,25000
14458,Chuk Express Trà & Cà Phê - Trần Cao Vân,[BEST SELLER] Milo Núi Lửa,"Milo Núi Lửa là sự hòa quyện của milo thơm đắng nhẹ kèm lớp kem muối biển thơm béo, hồng trà sữa đậm đà và trân châu đường đen mềm dẻo.",30000,27,0,0,Quận 1,Hồ Chí Minh,4.6,102,Cà Phê/Trà,189,10.784460067749023,106.69715118408203,25000
14458,Chuk Express Trà & Cà Phê - Trần Cao Vân,Hồng Trà B'lao Sữa Kem Muối Biển,Hồng Trà B’lao mang đến trải nghiệm “chát tiền ngọt hậu” đầy cuốn hút kết hợp với Kem muối biển béo thơm.,20000,8,0,0,Quận 1,Hồ Chí Minh,4.6,102,Cà Phê/Trà,189,10.784460067749023,106.69715118408203,25000
14458,Chuk Express Trà & Cà Phê - Trần Cao Vân,Oolong Sữa Kem Muối Biển,Oolong Sữa Kem Muối Biển bao gồm trà Oolong đậm vị kết hợp với Kem muối biển béo thơm đặc trưng của Chuk Express.,20000,15,0,1,Quận 1,Hồ Chí Minh,4.6,102,Cà Phê/Trà,189,10.784460067749023,106.69715118408203,25000
14458,Chuk Express Trà & Cà Phê - Trần Cao Vân,Trà Lài Sữa Kem Muối Biển,Trà Lài Sữa Kem Muối Biển là sự kết hợp của trà lài sữa ngọt thanh cùng kem muối biển thơm béo.,20000,20,1,0,Quận 1,Hồ Chí Minh,4.6,102,Cà Phê/Trà,189,10.784460067749023,106.69715118408203,25000
14458,Chuk Express Trà & Cà Phê - Trần Cao Vân,Trà Lài Sữa Bánh Flan Size L + 1 Phần Trân Châu Đen,"Trà lài sữa ngọt thanh kết hợp cùng kem muối biển thơm béo, bánh flan homemade đậm trứng béo sữa đi kèm trân châu đen dai mềm.",37000,14,0,0,Quận 1,Hồ Chí Minh,4.6,102,Cà Phê/Trà,189,10.784460067749023,106.69715118408203,25000
14458,Chuk Express Trà & Cà Phê - Trần Cao Vân,Trà Lài Sữa Bánh Flan Kem Muối Biển - Size L ,Trà lài sữa ngọt thanh kết hợp cùng kem muối biển thơm béo và bánh flan homemade đậm trứng béo sữa.,30000,64,11,0,Quận 1,Hồ Chí Minh,4.6,102,Cà Phê/Trà,189,10.784460067749023,106.69715118408203,25000
14458,Chuk Express Trà & Cà Phê - Trần Cao Vân,Hồng Trà B'lao Sữa Trân Châu Kem Muối Biển - Size L,"Hồng Trà B’lao mang đến trải nghiệm “chát tiền ngọt hậu” đầy cuốn hút, kết hợp với Kem muối biển béo thơm và trân châu đen dai mềm",30000,42,1,0,Quận 1,Hồ Chí Minh,4.6,102,Cà Phê/Trà,189,10.784460067749023,106.69715118408203,25000
14458,Chuk Express Trà & Cà Phê - Trần Cao Vân,Oolong Sữa Trân Châu Kem Muối Biển - Size L,Trà Oolong đậm vị kết hợp với Kem muối biển béo thơm và trân châu đen dai mềm.,30000,66,1,0,Quận 1,Hồ Chí Minh,4.6,102,Cà Phê/Trà,189,10.784460067749023,106.69715118408203,25000
14458,Chuk Express Trà & Cà Phê - Trần Cao Vân,Hồng Trà B'lao Sữa Trân Châu Truyền Thống ,"Hồng Trà B’lao mang đến trải nghiệm “chát tiền ngọt hậu” đầy cuốn hút, kết hợp với trân châu đen dai mềm. (Sản phẩm trà sữa trân châu truyền thống của CHUK EXPRESS - không kem muối biển)",22000,13,1,0,Quận 1,Hồ Chí Minh,4.6,102,Cà Phê/Trà,189,10.784460067749023,106.69715118408203,25000
14458,Chuk Express Trà & Cà Phê - Trần Cao Vân,Oolong Sữa Trân Châu Truyền Thống,Trà Oolong đậm vị kết hợp trân châu đen dai mềm. (Sản phẩm trà sữa trân châu truyền thống của CHUK EXPRESS - không kem muối biển),22000,19,1,0,Quận 1,Hồ Chí Minh,4.6,102,Cà Phê/Trà,189,10.784460067749023,106.69715118408203,25000
14458,Chuk Express Trà & Cà Phê - Trần Cao Vân,[MUST TRY] CaCao Nham Thạch,Ca Cao Nham Thạch một thức uống mới lạ với gấp đôi ca cao mang vị đắng đặc trưng kết hợp cùng lớp bánh flan homemade đậm trứng béo sữa.,30000,38,1,1,Quận 1,Hồ Chí Minh,4.6,102,Cà Phê/Trà,189,10.784460067749023,106.69715118408203,25000
14458,Chuk Express Trà & Cà Phê - Trần Cao Vân,Oolong Cacao Nham Thạch,Vị cacao thân thuộc kết hợp với vị thơm béo từ oolong sữa. Sản phẩm đã bao gồm trân châu đen.,30000,2,0,0,Quận 1,Hồ Chí Minh,4.6,102,Cà Phê/Trà,189,10.784460067749023,106.69715118408203,25000
14458,Chuk Express Trà & Cà Phê - Trần Cao Vân,Croissant Truyền Thống,Bánh Croissant Truyền Thống với vỏ ngoài giòn và ruột bông xốp.,20000,0,0,0,Quận 1,Hồ Chí Minh,4.6,102,Cà Phê/Trà,189,10.784460067749023,106.69715118408203,25000
14458,Chuk Express Trà & Cà Phê - Trần Cao Vân,Bánh Cua Phô Mai,"Bánh Cua Phô Mai với kết cấu mềm mại, thơm vị bơ sữa và phô mai.",15000,0,0,0,Quận 1,Hồ Chí Minh,4.6,102,Cà Phê/Trà,189,10.784460067749023,106.69715118408203,25000
14458,Chuk Express Trà & Cà Phê - Trần Cao Vân,TRÀ SỮA SEN DẦM,"Béo nhẹ nhàng – thơm ngát hương sen! Sự kết hợp hoàn hảo giữa trà sữa thanh mát, hạt sen dầm độc đáo và milk foam mềm mịn. Một món uống mang đến trải nghiệm trọn vẹn từ hương thơm đến vị ngon, đảm bảo thử một lần là phải lòng mãi thôi.",25000,4,0,0,Quận 1,Hồ Chí Minh,4.6,102,Cà Phê/Trà,189,10.784460067749023,106.69715118408203,25000
14458,Chuk Express Trà & Cà Phê - Trần Cao Vân,TRÀ SEN DẦM MILKFOAM,"Vị ngọt thanh – topping ngập tràn! Hồng trà thơm nồng nàn kết hợp với hạt sen dầm nhuyễn, vừa uống vừa nhai cực đã! Điểm nhấn là lớp milk foam béo mịn, khiến từng ngụm trà thêm phần đậm đà và cuốn hút.",25000,4,0,0,Quận 1,Hồ Chí Minh,4.6,102,Cà Phê/Trà,189,10.784460067749023,106.69715118408203,25000
28562,Thức Coffee - Cống Quỳnh,Mua 1 tặng 1,Mua 1 trà vải trái cây tặng tặng 1 topping trân châu trắng,45000,0,0,0,Quận 1,TP.HCM,4.6,20,Cà Phê/Trà,189,10.763879776000977,106.69049835205078,55000
28562,Thức Coffee - Cống Quỳnh,Bánh que chấm kem,"BISCUIT STICKS WITH CREAMFOAM mang vị mặn nhè nhẹ của bánh, chấm lớp kem sữa beo béo, tuy đơn giản nhưng vô cùng lôi cuốn và hấp dẫn.",32000,7,1,0,Quận 1,TP.HCM,4.6,20,Cà Phê/Trà,189,10.763879776000977,106.69049835205078,55000
28562,Thức Coffee - Cống Quỳnh,HẠT HƯỚNG DƯƠNG,,25000,0,0,0,Quận 1,TP.HCM,4.6,20,Cà Phê/Trà,189,10.763879776000977,106.69049835205078,55000
28562,Thức Coffee - Cống Quỳnh,BÁNH GẤU NHÂN KEM,"BÁNH GẤU NHÂN KEM TUỔI THƠ, VỎ BÁNH GIÒN, NHÂN KEM NGỌT NH, RẤT THÍCH HỢP NHÂM NHI KHI CHUYỆN TRÒ.",25000,2,0,0,Quận 1,TP.HCM,4.6,20,Cà Phê/Trà,189,10.763879776000977,106.69049835205078,55000
28562,Thức Coffee - Cống Quỳnh,Cà phê đen,Black coffee,35000,2,0,0,Quận 1,TP.HCM,4.6,20,Cà Phê/Trà,189,10.763879776000977,106.69049835205078,55000
28562,Thức Coffee - Cống Quỳnh,Cà phê sữa,White coffee ,35000,23,0,0,Quận 1,TP.HCM,4.6,20,Cà Phê/Trà,189,10.763879776000977,106.69049835205078,55000
28562,Thức Coffee - Cống Quỳnh,Cà phê muối,"SALTED MILKFOAM COFFEE - Sự kết hợp hoàn hảo từ hương vị cà phê đặc trưng của Thức, cùng lớp kem mặn béo ngậy đậm đà, CÀ PHÊ MUỐI Thức Coffee sẽ chinh phục mọi người ngay từ nốt vị đầu tiên.",40000,14,1,1,Quận 1,TP.HCM,4.6,20,Cà Phê/Trà,189,10.763879776000977,106.69049835205078,55000
28562,Thức Coffee - Cống Quỳnh,Bạc xỉu,Special white coffee ,40000,16,1,0,Quận 1,TP.HCM,4.6,20,Cà Phê/Trà,189,10.763879776000977,106.69049835205078,55000
28562,Thức Coffee - Cống Quỳnh,COCO COFFEE ICEBLEND,"COCO COFFEE ICEBLEND (Cà Phê Dừa) sự kết hợp độc đáo từ cà phê và dừa trên nền đá xay mát lạnh, thoảng chút đắng của cà phê và vị béo đặc trưng của dừa.",55000,2,0,0,Quận 1,TP.HCM,4.6,20,Cà Phê/Trà,189,10.763879776000977,106.69049835205078,55000
28562,Thức Coffee - Cống Quỳnh,EGG COFFEE,"Cà Phê Trứng một món cà phê nóng được biến tấu cùng kem trứng béo mịn, vị đắng nhẹ của cà phê và vị béo của trứng hoà quyện vô cùng hấp dẫn.",49000,0,0,0,Quận 1,TP.HCM,4.6,20,Cà Phê/Trà,189,10.763879776000977,106.69049835205078,55000
28562,Thức Coffee - Cống Quỳnh,Sô-cô-la sữa,Thức uống không thể điều chỉnh độ ngọt về 0%.,55000,0,0,0,Quận 1,TP.HCM,4.6,20,Cà Phê/Trà,189,10.763879776000977,106.69049835205078,55000
28562,Thức Coffee - Cống Quỳnh,Trà xanh latte,Thức uống không thể điều chỉnh độ ngọt về 0%.,55000,7,2,0,Quận 1,TP.HCM,4.6,20,Cà Phê/Trà,189,10.763879776000977,106.69049835205078,55000
28562,Thức Coffee - Cống Quỳnh,Espresso,Espresso (Cà Phê Nguyên Chất không đường không đá),35000,0,0,0,Quận 1,TP.HCM,4.6,20,Cà Phê/Trà,189,10.763879776000977,106.69049835205078,55000
28562,Thức Coffee - Cống Quỳnh,Americano,Americano ,40000,0,0,0,Quận 1,TP.HCM,4.6,20,Cà Phê/Trà,189,10.763879776000977,106.69049835205078,55000
28562,Thức Coffee - Cống Quỳnh,Latte coffee,Latte coffee ,49000,0,0,0,Quận 1,TP.HCM,4.6,20,Cà Phê/Trà,189,10.763879776000977,106.69049835205078,55000
28562,Thức Coffee - Cống Quỳnh,MATCHA KAFÉ,"Thức uống không thể điều chỉnh độ ngọt về 0% và bắt buộc đá chung. Sự phối hợp hoàn hảo bởi trà xanh Nhật Bản cùng cà phê Việt Nam, có vị ngọt thanh hoà quyện cùng chút đắng, thêm vị béo của lớp kem sữa nhẹ nhàng mà cuốn hút.",48000,6,0,0,Quận 1,TP.HCM,4.6,20,Cà Phê/Trà,189,10.763879776000977,106.69049835205078,55000
28562,Thức Coffee - Cống Quỳnh,LATTE COFFEE,"Lựa chọn đá có kèm sẵn đường, bạn vui lòng note 0% độ ngọt nếu không dùng đường.",49000,1,0,0,Quận 1,TP.HCM,4.6,20,Cà Phê/Trà,189,10.763879776000977,106.69049835205078,55000
28562,Thức Coffee - Cống Quỳnh,CAPPUCCINO,"Lựa chọn đá có kèm sẵn đường, bạn vui lòng note 0% độ ngọt nếu không dùng đường.",49000,2,0,0,Quận 1,TP.HCM,4.6,20,Cà Phê/Trà,189,10.763879776000977,106.69049835205078,55000
28562,Thức Coffee - Cống Quỳnh,LEMON BLACK TEA,HỒNG TRÀ CHANH,40000,3,0,0,Quận 1,TP.HCM,4.6,20,Cà Phê/Trà,189,10.763879776000977,106.69049835205078,55000
28562,Thức Coffee - Cống Quỳnh,CINNAMON TEA,TRÀ QUẾ HOA HỒI,40000,2,0,0,Quận 1,TP.HCM,4.6,20,Cà Phê/Trà,189,10.763879776000977,106.69049835205078,55000
28562,Thức Coffee - Cống Quỳnh,PALOMA ICED TEA,"TRÀ BƯỞI HỒNG-CHANH DÂY HẠT ĐÁC, vị chua thanh của chanh dây kết hợp cùng mứt bưởi hồng ngọt nhẹ, dùng cùng vỏ bưởi sấy  và hạt đác thanh má, cuốn hút",55000,8,0,0,Quận 1,TP.HCM,4.6,20,Cà Phê/Trà,189,10.763879776000977,106.69049835205078,55000
28562,Thức Coffee - Cống Quỳnh,PEACH TEA,TRÀ ĐÀO HẠT CHIA,55000,5,0,0,Quận 1,TP.HCM,4.6,20,Cà Phê/Trà,189,10.763879776000977,106.69049835205078,55000
28562,Thức Coffee - Cống Quỳnh,TRÀ VẢI TRÁI CÂY,TRÀ VẢI TRÁI CÂY,59000,0,0,0,Quận 1,TP.HCM,4.6,20,Cà Phê/Trà,189,10.763879776000977,106.69049835205078,55000
28562,Thức Coffee - Cống Quỳnh,TAMARIND-SOURSOP TEA,"Lục Trà Me-Mãng Cầu sự kết hợp 2 loại trái cây hottrend vừa qua, vị chua thanh từ cốt me tự nấu, cùng vị chua ngọt tự nhiên từ mãng cầu tạo nên hương vị đặc trưng, thêm chút đậu phộng rang càng bắt vị.",59000,1,0,0,Quận 1,TP.HCM,4.6,20,Cà Phê/Trà,189,10.763879776000977,106.69049835205078,55000
28562,Thức Coffee - Cống Quỳnh,Trà sữa ô long,Oolong tea,22500,1,0,0,Quận 1,TP.HCM,4.6,20,Cà Phê/Trà,189,10.763879776000977,106.69049835205078,55000
28562,Thức Coffee - Cống Quỳnh,Trà sữa đào,Peach milk tea ,50000,1,0,0,Quận 1,TP.HCM,4.6,20,Cà Phê/Trà,189,10.763879776000977,106.69049835205078,55000
28562,Thức Coffee - Cống Quỳnh,Trà sữa thức,Thức milk tea ,50000,2,0,0,Quận 1,TP.HCM,4.6,20,Cà Phê/Trà,189,10.763879776000977,106.69049835205078,55000
28562,Thức Coffee - Cống Quỳnh,RICE MILK TEA,"Trà Sữa Gạo Rang (Roasted Rice Milk Tea) - vị trà đậm đà, hương gạo rang thơm ngát hoà quyện cùng vị béo của sữa, thêm lớp kem phô mai béo mịn, hoà quyện hài hoà.",55000,2,0,0,Quận 1,TP.HCM,4.6,20,Cà Phê/Trà,189,10.763879776000977,106.69049835205078,55000
28562,Thức Coffee - Cống Quỳnh,Detoxify,Nước ép hỗn hợp (táo - gừng - xả - tắc),59000,3,0,0,Quận 1,TP.HCM,4.6,20,Cà Phê/Trà,189,10.763879776000977,106.69049835205078,55000
28562,Thức Coffee - Cống Quỳnh,Rainbow juice,Nước ép hỗn hợp (cam - thơm - cà rốt),55000,2,0,0,Quận 1,TP.HCM,4.6,20,Cà Phê/Trà,189,10.763879776000977,106.69049835205078,55000
28562,Thức Coffee - Cống Quỳnh,Energy all day,"Nước ép hỗn hợp (lê - củ dền - chanh dây), nước ép nguyên chất ko sử dụng đường nên không thể điều chỉnh độ ngọt",55000,1,0,0,Quận 1,TP.HCM,4.6,20,Cà Phê/Trà,189,10.763879776000977,106.69049835205078,55000
28562,Thức Coffee - Cống Quỳnh,Orange,Nước cam,50000,0,0,0,Quận 1,TP.HCM,4.6,20,Cà Phê/Trà,189,10.763879776000977,106.69049835205078,55000
28562,Thức Coffee - Cống Quỳnh,Watermelon,Nước ép dưa hấu,50000,0,0,0,Quận 1,TP.HCM,4.6,20,Cà Phê/Trà,189,10.763879776000977,106.69049835205078,55000
28562,Thức Coffee - Cống Quỳnh,Chocolate IB,Thức uống không thể điều chỉnh độ ngọt về 0%,59000,0,0,0,Quận 1,TP.HCM,4.6,20,Cà Phê/Trà,189,10.763879776000977,106.69049835205078,55000
28562,Thức Coffee - Cống Quỳnh,Caramel coffee jelly,Thức uống không thể điều chỉnh độ ngọt về 0%,55000,3,1,0,Quận 1,TP.HCM,4.6,20,Cà Phê/Trà,189,10.763879776000977,106.69049835205078,55000
28562,Thức Coffee - Cống Quỳnh,Banana chocolate,Thức uống không thể điều chỉnh độ ngọt về 0%,59000,4,0,0,Quận 1,TP.HCM,4.6,20,Cà Phê/Trà,189,10.763879776000977,106.69049835205078,55000
28562,Thức Coffee - Cống Quỳnh,Matcha,Thức uống không thể điều chỉnh độ ngọt về 0%,55000,1,0,0,Quận 1,TP.HCM,4.6,20,Cà Phê/Trà,189,10.763879776000977,106.69049835205078,55000
28562,Thức Coffee - Cống Quỳnh,Kumquat cooler,Tắc xí muội đá xay ,65000,2,1,0,Quận 1,TP.HCM,4.6,20,Cà Phê/Trà,189,10.763879776000977,106.69049835205078,55000
28562,Thức Coffee - Cống Quỳnh,COOKIE MATCHA LAND,Thức uống không thể điều chỉnh độ ngọt về 0%,65000,1,0,0,Quận 1,TP.HCM,4.6,20,Cà Phê/Trà,189,10.763879776000977,106.69049835205078,55000
28562,Thức Coffee - Cống Quỳnh,MIX FRUIT STRAWBERRY,Dâu Tây Trái Cây Đá Xay,65000,1,0,0,Quận 1,TP.HCM,4.6,20,Cà Phê/Trà,189,10.763879776000977,106.69049835205078,55000
28562,Thức Coffee - Cống Quỳnh,YOGURT MIX FRUIT,"Yaua trái cây, yaua nhà làm dùng cùng các loại trái cây xoài, dưa hấu, táo, dâu, hạt đác.",65000,1,0,0,Quận 1,TP.HCM,4.6,20,Cà Phê/Trà,189,10.763879776000977,106.69049835205078,55000
28562,Thức Coffee - Cống Quỳnh,TROPICAL FRUIT SMOOTHIE,"SINH TỐ NHIỆT ĐỚI kết hợp các loại trái cây miền nhiệt đới: cam, xoài, thơm, dâu.",65000,0,0,0,Quận 1,TP.HCM,4.6,20,Cà Phê/Trà,189,10.763879776000977,106.69049835205078,55000
28562,Thức Coffee - Cống Quỳnh,FOREST FRUIT SMOOTHIE,"SIHH TỐ DÂU & CHUỐI
",65000,2,0,0,Quận 1,TP.HCM,4.6,20,Cà Phê/Trà,189,10.763879776000977,106.69049835205078,55000
28562,Thức Coffee - Cống Quỳnh,BÁNH MÌ QUE PATE CHÀ BÔNG,"Vui lòng đợi 5-10p. Bánh Mì Que Pate Chà Bông với lớp vỏ giòn, ruột mềm đầy nhân pate thơm ngon, thêm chút chà bông vô cùng hấp dẫn.",21000,3,0,0,Quận 1,TP.HCM,4.6,20,Cà Phê/Trà,189,10.763879776000977,106.69049835205078,55000
28562,Thức Coffee - Cống Quỳnh,BANANA COFFEE,"Banana Coffee - với vị đắng nhẹ từ cà phê, thơm ngọt đặc trưng của chuối tạo nên hương vị hài hoà mới lạ nhưng vô cùng hấp dẫn.",65000,0,0,0,Quận 1,TP.HCM,4.6,20,Cà Phê/Trà,189,10.763879776000977,106.69049835205078,55000
28562,Thức Coffee - Cống Quỳnh,BANANA MATCHA,"Banana Matcha - sự kết hợp hoàn hảo từ vị ngọt của chuối và mùi vị đặc trưng của matcha latte, tạo nên hương vị độc đáo.",65000,0,0,0,Quận 1,TP.HCM,4.6,20,Cà Phê/Trà,189,10.763879776000977,106.69049835205078,55000
6621,Sinh Tố Tao Đàn - Võ Văn Tần,[Deal 7k] Nước ép cam,SL có hạn. 1 KM/đơn hàng từ 65k.,7000,49,0,0,quận 3,Hồ Chí Minh,4.9,773,Sinh tố/Nước ép/Sữa,189,10.772480010986328,106.686767578125,45000
6621,Sinh Tố Tao Đàn - Võ Văn Tần,Rau Má,650mL,28000,124,0,0,quận 3,Hồ Chí Minh,4.9,773,Sinh tố/Nước ép/Sữa,189,10.772480010986328,106.686767578125,45000
6621,Sinh Tố Tao Đàn - Võ Văn Tần,Rau Má Sữa,,40000,13,0,0,quận 3,Hồ Chí Minh,4.9,773,Sinh tố/Nước ép/Sữa,189,10.772480010986328,106.686767578125,45000
6621,Sinh Tố Tao Đàn - Võ Văn Tần,Rau Má Sữa Dừa Đậu Xanh,650mL,40000,88,1,0,quận 3,Hồ Chí Minh,4.9,773,Sinh tố/Nước ép/Sữa,189,10.772480010986328,106.686767578125,45000
6621,Sinh Tố Tao Đàn - Võ Văn Tần,Rau Má Sữa Dừa Sầu Riêng,650mL,45000,26,1,0,quận 3,Hồ Chí Minh,4.9,773,Sinh tố/Nước ép/Sữa,189,10.772480010986328,106.686767578125,45000
6621,Sinh Tố Tao Đàn - Võ Văn Tần,Đậu Nành,,28000,39,1,0,quận 3,Hồ Chí Minh,4.9,773,Sinh tố/Nước ép/Sữa,189,10.772480010986328,106.686767578125,45000
6621,Sinh Tố Tao Đàn - Võ Văn Tần,Đậu Nành Sữa Dừa,,40000,15,0,0,quận 3,Hồ Chí Minh,4.9,773,Sinh tố/Nước ép/Sữa,189,10.772480010986328,106.686767578125,45000
6621,Sinh Tố Tao Đàn - Võ Văn Tần,Đậu Nành Rau Má Sương Sáo,,45000,54,1,0,quận 3,Hồ Chí Minh,4.9,773,Sinh tố/Nước ép/Sữa,189,10.772480010986328,106.686767578125,45000
6621,Sinh Tố Tao Đàn - Võ Văn Tần,Đậu Nành Sữa Dừa Sương Sáo,,45000,56,0,0,quận 3,Hồ Chí Minh,4.9,773,Sinh tố/Nước ép/Sữa,189,10.772480010986328,106.686767578125,45000
6621,Sinh Tố Tao Đàn - Võ Văn Tần,Cà Phê Đen Pha Máy,,27000,45,0,0,quận 3,Hồ Chí Minh,4.9,773,Sinh tố/Nước ép/Sữa,189,10.772480010986328,106.686767578125,45000
6621,Sinh Tố Tao Đàn - Võ Văn Tần,Cà Phê Sữa Pha Máy,,30000,52,0,0,quận 3,Hồ Chí Minh,4.9,773,Sinh tố/Nước ép/Sữa,189,10.772480010986328,106.686767578125,45000
6621,Sinh Tố Tao Đàn - Võ Văn Tần,Cà Phê Đá Xay,,35000,35,1,0,quận 3,Hồ Chí Minh,4.9,773,Sinh tố/Nước ép/Sữa,189,10.772480010986328,106.686767578125,45000
6621,Sinh Tố Tao Đàn - Võ Văn Tần,Cà Phê Dừa,,40000,39,1,0,quận 3,Hồ Chí Minh,4.9,773,Sinh tố/Nước ép/Sữa,189,10.772480010986328,106.686767578125,45000
6621,Sinh Tố Tao Đàn - Võ Văn Tần,Ca Cao,Đá ( không có nóng),35000,57,2,0,quận 3,Hồ Chí Minh,4.9,773,Sinh tố/Nước ép/Sữa,189,10.772480010986328,106.686767578125,45000
6621,Sinh Tố Tao Đàn - Võ Văn Tần,Bạc Sỉu,,35000,21,2,0,quận 3,Hồ Chí Minh,4.9,773,Sinh tố/Nước ép/Sữa,189,10.772480010986328,106.686767578125,45000
6621,Sinh Tố Tao Đàn - Võ Văn Tần,Americano,650mL,30000,5,0,0,quận 3,Hồ Chí Minh,4.9,773,Sinh tố/Nước ép/Sữa,189,10.772480010986328,106.686767578125,45000
6621,Sinh Tố Tao Đàn - Võ Văn Tần,Sữa Tươi Cà Phê Sương Sáo,,45000,28,1,0,quận 3,Hồ Chí Minh,4.9,773,Sinh tố/Nước ép/Sữa,189,10.772480010986328,106.686767578125,45000
6621,Sinh Tố Tao Đàn - Võ Văn Tần,Cà phê muối,,35000,51,1,0,quận 3,Hồ Chí Minh,4.9,773,Sinh tố/Nước ép/Sữa,189,10.772480010986328,106.686767578125,45000
6621,Sinh Tố Tao Đàn - Võ Văn Tần,Ép Cam,,35000,120,0,1,quận 3,Hồ Chí Minh,4.9,773,Sinh tố/Nước ép/Sữa,189,10.772480010986328,106.686767578125,45000
6621,Sinh Tố Tao Đàn - Võ Văn Tần,Ép Cà Rốt,,35000,43,2,0,quận 3,Hồ Chí Minh,4.9,773,Sinh tố/Nước ép/Sữa,189,10.772480010986328,106.686767578125,45000
6621,Sinh Tố Tao Đàn - Võ Văn Tần,Ép Thơm,,35000,214,2,2,quận 3,Hồ Chí Minh,4.9,773,Sinh tố/Nước ép/Sữa,189,10.772480010986328,106.686767578125,45000
6621,Sinh Tố Tao Đàn - Võ Văn Tần,Ép Cóc,,35000,142,0,0,quận 3,Hồ Chí Minh,4.9,773,Sinh tố/Nước ép/Sữa,189,10.772480010986328,106.686767578125,45000
6621,Sinh Tố Tao Đàn - Võ Văn Tần,Ép Dưa Hấu,,35000,141,1,0,quận 3,Hồ Chí Minh,4.9,773,Sinh tố/Nước ép/Sữa,189,10.772480010986328,106.686767578125,45000
6621,Sinh Tố Tao Đàn - Võ Văn Tần,Ép Chanh Dây,,35000,43,1,1,quận 3,Hồ Chí Minh,4.9,773,Sinh tố/Nước ép/Sữa,189,10.772480010986328,106.686767578125,45000
6621,Sinh Tố Tao Đàn - Võ Văn Tần,Ép Ổi,,35000,139,0,0,quận 3,Hồ Chí Minh,4.9,773,Sinh tố/Nước ép/Sữa,189,10.772480010986328,106.686767578125,45000
6621,Sinh Tố Tao Đàn - Võ Văn Tần,Sinh Tố Bơ,,48000,1321,14,3,quận 3,Hồ Chí Minh,4.9,773,Sinh tố/Nước ép/Sữa,189,10.772480010986328,106.686767578125,45000
6621,Sinh Tố Tao Đàn - Võ Văn Tần,Sinh Tố Bơ Dừa Đậu Xanh,,50000,146,5,1,quận 3,Hồ Chí Minh,4.9,773,Sinh tố/Nước ép/Sữa,189,10.772480010986328,106.686767578125,45000
6621,Sinh Tố Tao Đàn - Võ Văn Tần,Sinh Tố Bơ Cà Phê,,48000,111,1,0,quận 3,Hồ Chí Minh,4.9,773,Sinh tố/Nước ép/Sữa,189,10.772480010986328,106.686767578125,45000
6621,Sinh Tố Tao Đàn - Võ Văn Tần,Sinh Tố Bơ Dừa,,48000,500,4,0,quận 3,Hồ Chí Minh,4.9,773,Sinh tố/Nước ép/Sữa,189,10.772480010986328,106.686767578125,45000
6621,Sinh Tố Tao Đàn - Võ Văn Tần,Sinh Tố Bơ Chuối,,48000,159,2,0,quận 3,Hồ Chí Minh,4.9,773,Sinh tố/Nước ép/Sữa,189,10.772480010986328,106.686767578125,45000
6621,Sinh Tố Tao Đàn - Võ Văn Tần,Sinh Tố Bơ Xoài,,48000,56,2,0,quận 3,Hồ Chí Minh,4.9,773,Sinh tố/Nước ép/Sữa,189,10.772480010986328,106.686767578125,45000
6621,Sinh Tố Tao Đàn - Võ Văn Tần,Sinh Tố Bơ Đậu Xanh,,48000,62,1,0,quận 3,Hồ Chí Minh,4.9,773,Sinh tố/Nước ép/Sữa,189,10.772480010986328,106.686767578125,45000
6621,Sinh Tố Tao Đàn - Võ Văn Tần,Sinh Tố Bơ Cacao,350ML,48000,118,0,0,quận 3,Hồ Chí Minh,4.9,773,Sinh tố/Nước ép/Sữa,189,10.772480010986328,106.686767578125,45000
6621,Sinh Tố Tao Đàn - Võ Văn Tần,Sinh Tố Dừa,Soursop Strawberry Smoothie,38000,367,5,0,quận 3,Hồ Chí Minh,4.9,773,Sinh tố/Nước ép/Sữa,189,10.772480010986328,106.686767578125,45000
6621,Sinh Tố Tao Đàn - Võ Văn Tần,Sinh Tố Chuối,Blueberry Smoothie,38000,57,0,0,quận 3,Hồ Chí Minh,4.9,773,Sinh tố/Nước ép/Sữa,189,10.772480010986328,106.686767578125,45000
6621,Sinh Tố Tao Đàn - Võ Văn Tần,Sinh Tố Sapoche,,38000,754,6,0,quận 3,Hồ Chí Minh,4.9,773,Sinh tố/Nước ép/Sữa,189,10.772480010986328,106.686767578125,45000
6621,Sinh Tố Tao Đàn - Võ Văn Tần,Sinh Tố Việt Quất,Blueberry Smoothie,37000,57,3,0,quận 3,Hồ Chí Minh,4.9,773,Sinh tố/Nước ép/Sữa,189,10.772480010986328,106.686767578125,45000
6621,Sinh Tố Tao Đàn - Võ Văn Tần,Sinh Tố Mãng Cầu,,45000,365,4,0,quận 3,Hồ Chí Minh,4.9,773,Sinh tố/Nước ép/Sữa,189,10.772480010986328,106.686767578125,45000
6621,Sinh Tố Tao Đàn - Võ Văn Tần,Sinh Tố Xoài,,45000,217,2,1,quận 3,Hồ Chí Minh,4.9,773,Sinh tố/Nước ép/Sữa,189,10.772480010986328,106.686767578125,45000
6621,Sinh Tố Tao Đàn - Võ Văn Tần,Xoài Nhiệt Đới,,48000,104,2,2,quận 3,Hồ Chí Minh,4.9,773,Sinh tố/Nước ép/Sữa,189,10.772480010986328,106.686767578125,45000
6621,Sinh Tố Tao Đàn - Võ Văn Tần,Dâu yogurt,,48000,193,7,0,quận 3,Hồ Chí Minh,4.9,773,Sinh tố/Nước ép/Sữa,189,10.772480010986328,106.686767578125,45000
6621,Sinh Tố Tao Đàn - Võ Văn Tần,Sinh Tố Dừa Ca Cao,,45000,141,1,1,quận 3,Hồ Chí Minh,4.9,773,Sinh tố/Nước ép/Sữa,189,10.772480010986328,106.686767578125,45000
6621,Sinh Tố Tao Đàn - Võ Văn Tần,Sinh Tố Dừa Sapoche,,45000,99,1,0,quận 3,Hồ Chí Minh,4.9,773,Sinh tố/Nước ép/Sữa,189,10.772480010986328,106.686767578125,45000
6621,Sinh Tố Tao Đàn - Võ Văn Tần,Sinh Tố Mãng Cầu Dâu,,45000,189,1,0,quận 3,Hồ Chí Minh,4.9,773,Sinh tố/Nước ép/Sữa,189,10.772480010986328,106.686767578125,45000
6621,Sinh Tố Tao Đàn - Võ Văn Tần,Sinh Tố Mãng Cầu Chanh Dây,Peach Passion Tea,45000,91,1,0,quận 3,Hồ Chí Minh,4.9,773,Sinh tố/Nước ép/Sữa,189,10.772480010986328,106.686767578125,45000
6621,Sinh Tố Tao Đàn - Võ Văn Tần,Sinh Tố Chuối Việt Quất,,45000,71,2,0,quận 3,Hồ Chí Minh,4.9,773,Sinh tố/Nước ép/Sữa,189,10.772480010986328,106.686767578125,45000
6621,Sinh Tố Tao Đàn - Võ Văn Tần,Sinh Tố Chuối Dâu,,45000,201,2,0,quận 3,Hồ Chí Minh,4.9,773,Sinh tố/Nước ép/Sữa,189,10.772480010986328,106.686767578125,45000
6621,Sinh Tố Tao Đàn - Võ Văn Tần,Sinh Tố Bơ Việt Quất,Avocado Blueberry Smoothie,48000,83,0,0,quận 3,Hồ Chí Minh,4.9,773,Sinh tố/Nước ép/Sữa,189,10.772480010986328,106.686767578125,45000
6621,Sinh Tố Tao Đàn - Võ Văn Tần,Sinh Tố Dừa Dâu,,45000,75,1,0,quận 3,Hồ Chí Minh,4.9,773,Sinh tố/Nước ép/Sữa,189,10.772480010986328,106.686767578125,45000
6621,Sinh Tố Tao Đàn - Võ Văn Tần,Sinh Tố Dừa Đậu Xanh,,45000,54,0,0,quận 3,Hồ Chí Minh,4.9,773,Sinh tố/Nước ép/Sữa,189,10.772480010986328,106.686767578125,45000
6621,Sinh Tố Tao Đàn - Võ Văn Tần,Sinh Tố Xoài Dâu,,45000,66,1,0,quận 3,Hồ Chí Minh,4.9,773,Sinh tố/Nước ép/Sữa,189,10.772480010986328,106.686767578125,45000
6621,Sinh Tố Tao Đàn - Võ Văn Tần,Sinh Tố Chuối Ca Cao,,45000,66,2,0,quận 3,Hồ Chí Minh,4.9,773,Sinh tố/Nước ép/Sữa,189,10.772480010986328,106.686767578125,45000
6621,Sinh Tố Tao Đàn - Võ Văn Tần,Sinh Tố Xoài Chanh Dây,,45000,85,1,0,quận 3,Hồ Chí Minh,4.9,773,Sinh tố/Nước ép/Sữa,189,10.772480010986328,106.686767578125,45000
6621,Sinh Tố Tao Đàn - Võ Văn Tần,Sinh Tố Sapoche Cà phê,,45000,129,1,0,quận 3,Hồ Chí Minh,4.9,773,Sinh tố/Nước ép/Sữa,189,10.772480010986328,106.686767578125,45000
6621,Sinh Tố Tao Đàn - Võ Văn Tần,Sinh Tố Sapoche Cacao,350ML,45000,76,1,0,quận 3,Hồ Chí Minh,4.9,773,Sinh tố/Nước ép/Sữa,189,10.772480010986328,106.686767578125,45000
6621,Sinh Tố Tao Đàn - Võ Văn Tần,Trà Đào,650mL,45000,37,0,0,quận 3,Hồ Chí Minh,4.9,773,Sinh tố/Nước ép/Sữa,189,10.772480010986328,106.686767578125,45000
6621,Sinh Tố Tao Đàn - Võ Văn Tần,Trà Vải,650mL,45000,25,0,0,quận 3,Hồ Chí Minh,4.9,773,Sinh tố/Nước ép/Sữa,189,10.772480010986328,106.686767578125,45000
6621,Sinh Tố Tao Đàn - Võ Văn Tần,Trà Đào Vải,,45000,36,0,0,quận 3,Hồ Chí Minh,4.9,773,Sinh tố/Nước ép/Sữa,189,10.772480010986328,106.686767578125,45000
6621,Sinh Tố Tao Đàn - Võ Văn Tần,Trà Đào Chanh Dây,Peach Passion Tea,45000,17,0,0,quận 3,Hồ Chí Minh,4.9,773,Sinh tố/Nước ép/Sữa,189,10.772480010986328,106.686767578125,45000
6621,Sinh Tố Tao Đàn - Võ Văn Tần,Trà Việt Quất Chanh Dây,,45000,9,0,0,quận 3,Hồ Chí Minh,4.9,773,Sinh tố/Nước ép/Sữa,189,10.772480010986328,106.686767578125,45000
6621,Sinh Tố Tao Đàn - Võ Văn Tần,Trà Cam Xoài,,45000,3,0,0,quận 3,Hồ Chí Minh,4.9,773,Sinh tố/Nước ép/Sữa,189,10.772480010986328,106.686767578125,45000
6621,Sinh Tố Tao Đàn - Võ Văn Tần,Trà Bí Đao Sương Sáo,,45000,37,0,0,quận 3,Hồ Chí Minh,4.9,773,Sinh tố/Nước ép/Sữa,189,10.772480010986328,106.686767578125,45000
6621,Sinh Tố Tao Đàn - Võ Văn Tần,Trà Mãng Cầu,,45000,26,0,0,quận 3,Hồ Chí Minh,4.9,773,Sinh tố/Nước ép/Sữa,189,10.772480010986328,106.686767578125,45000
6621,Sinh Tố Tao Đàn - Võ Văn Tần,Ép Ổi Đóng Chai,Đóng chai không đá,45000,31,0,0,quận 3,Hồ Chí Minh,4.9,773,Sinh tố/Nước ép/Sữa,189,10.772480010986328,106.686767578125,45000
6621,Sinh Tố Tao Đàn - Võ Văn Tần,Ép Thơm Đóng Chai,Đóng chai không đá,45000,51,0,2,quận 3,Hồ Chí Minh,4.9,773,Sinh tố/Nước ép/Sữa,189,10.772480010986328,106.686767578125,45000
6621,Sinh Tố Tao Đàn - Võ Văn Tần,Ép Cóc Đóng Chai,Đóng chai không đá,45000,12,0,0,quận 3,Hồ Chí Minh,4.9,773,Sinh tố/Nước ép/Sữa,189,10.772480010986328,106.686767578125,45000
6621,Sinh Tố Tao Đàn - Võ Văn Tần,Ép Dưa Hấu Đóng Chai,Đóng chai không đá,45000,12,0,0,quận 3,Hồ Chí Minh,4.9,773,Sinh tố/Nước ép/Sữa,189,10.772480010986328,106.686767578125,45000
6621,Sinh Tố Tao Đàn - Võ Văn Tần,Ép Thơm Dưa Hấu Đóng Chai,,45000,8,0,0,quận 3,Hồ Chí Minh,4.9,773,Sinh tố/Nước ép/Sữa,189,10.772480010986328,106.686767578125,45000
6621,Sinh Tố Tao Đàn - Võ Văn Tần,Ép Cam Thơm Đóng Chai,Đóng chai không đá,45000,41,0,0,quận 3,Hồ Chí Minh,4.9,773,Sinh tố/Nước ép/Sữa,189,10.772480010986328,106.686767578125,45000
6621,Sinh Tố Tao Đàn - Võ Văn Tần,Ép Cam Ổi Đóng Chai,Đóng chai không đá,45000,9,0,0,quận 3,Hồ Chí Minh,4.9,773,Sinh tố/Nước ép/Sữa,189,10.772480010986328,106.686767578125,45000
6621,Sinh Tố Tao Đàn - Võ Văn Tần,Ép Cam Cà Rốt Đóng Chai,Đóng chai không đá,45000,12,1,0,quận 3,Hồ Chí Minh,4.9,773,Sinh tố/Nước ép/Sữa,189,10.772480010986328,106.686767578125,45000
6621,Sinh Tố Tao Đàn - Võ Văn Tần,Ép Thơm Cà Rốt Đóng Chai,Đóng chai không đá,45000,16,0,0,quận 3,Hồ Chí Minh,4.9,773,Sinh tố/Nước ép/Sữa,189,10.772480010986328,106.686767578125,45000
6621,Sinh Tố Tao Đàn - Võ Văn Tần,Ép Cà Rốt Chanh Dây Đóng Chai,Đóng chai không đá,45000,3,0,0,quận 3,Hồ Chí Minh,4.9,773,Sinh tố/Nước ép/Sữa,189,10.772480010986328,106.686767578125,45000
6621,Sinh Tố Tao Đàn - Võ Văn Tần,Ép Thơm Chanh Dây Đóng chai,Đóng chai không đá,45000,11,0,0,quận 3,Hồ Chí Minh,4.9,773,Sinh tố/Nước ép/Sữa,189,10.772480010986328,106.686767578125,45000
6621,Sinh Tố Tao Đàn - Võ Văn Tần,Ép Thơm Ổi Đóng chai,Đóng chai không đá,45000,23,0,0,quận 3,Hồ Chí Minh,4.9,773,Sinh tố/Nước ép/Sữa,189,10.772480010986328,106.686767578125,45000
6621,Sinh Tố Tao Đàn - Võ Văn Tần,Ép Cà Rốt Đóng Chai,Đóng chai không đá,45000,12,0,0,quận 3,Hồ Chí Minh,4.9,773,Sinh tố/Nước ép/Sữa,189,10.772480010986328,106.686767578125,45000
6621,Sinh Tố Tao Đàn - Võ Văn Tần,Sữa Chua Đá,Đá Riêng,38000,15,0,0,quận 3,Hồ Chí Minh,4.9,773,Sinh tố/Nước ép/Sữa,189,10.772480010986328,106.686767578125,45000
6621,Sinh Tố Tao Đàn - Võ Văn Tần,Sữa Chua Chanh Dây,Đá Riêng,38000,29,0,0,quận 3,Hồ Chí Minh,4.9,773,Sinh tố/Nước ép/Sữa,189,10.772480010986328,106.686767578125,45000
6621,Sinh Tố Tao Đàn - Võ Văn Tần,Sữa Chua Dâu Tây,Đá Riêng,38000,60,0,0,quận 3,Hồ Chí Minh,4.9,773,Sinh tố/Nước ép/Sữa,189,10.772480010986328,106.686767578125,45000
6621,Sinh Tố Tao Đàn - Võ Văn Tần,Sữa Chua Xoài,Đá Riêng,38000,10,0,0,quận 3,Hồ Chí Minh,4.9,773,Sinh tố/Nước ép/Sữa,189,10.772480010986328,106.686767578125,45000
6621,Sinh Tố Tao Đàn - Võ Văn Tần,Sữa Chua Đào,Đá Riêng,38000,17,0,0,quận 3,Hồ Chí Minh,4.9,773,Sinh tố/Nước ép/Sữa,189,10.772480010986328,106.686767578125,45000
6621,Sinh Tố Tao Đàn - Võ Văn Tần,Sữa chua Việt Quất,Đá Riêng,38000,57,0,0,quận 3,Hồ Chí Minh,4.9,773,Sinh tố/Nước ép/Sữa,189,10.772480010986328,106.686767578125,45000
6621,Sinh Tố Tao Đàn - Võ Văn Tần,Rau Má Sữa Dừa,650mL,38000,17,0,0,quận 3,Hồ Chí Minh,4.9,773,Sinh tố/Nước ép/Sữa,189,10.772480010986328,106.686767578125,45000
6621,Sinh Tố Tao Đàn - Võ Văn Tần,Ép Cam Thơm,,38000,66,1,1,quận 3,Hồ Chí Minh,4.9,773,Sinh tố/Nước ép/Sữa,189,10.772480010986328,106.686767578125,45000
6621,Sinh Tố Tao Đàn - Võ Văn Tần,Ép Cam Cà Rốt,,38000,47,2,0,quận 3,Hồ Chí Minh,4.9,773,Sinh tố/Nước ép/Sữa,189,10.772480010986328,106.686767578125,45000
6621,Sinh Tố Tao Đàn - Võ Văn Tần,Ép Cam Dâu,,38000,66,1,0,quận 3,Hồ Chí Minh,4.9,773,Sinh tố/Nước ép/Sữa,189,10.772480010986328,106.686767578125,45000
6621,Sinh Tố Tao Đàn - Võ Văn Tần,Ép Cam Ổi,,38000,17,0,0,quận 3,Hồ Chí Minh,4.9,773,Sinh tố/Nước ép/Sữa,189,10.772480010986328,106.686767578125,45000
6621,Sinh Tố Tao Đàn - Võ Văn Tần,Ép Thơm Ổi,,38000,51,0,0,quận 3,Hồ Chí Minh,4.9,773,Sinh tố/Nước ép/Sữa,189,10.772480010986328,106.686767578125,45000
6621,Sinh Tố Tao Đàn - Võ Văn Tần,Ép Cà Rốt Chanh Dây,,38000,10,0,0,quận 3,Hồ Chí Minh,4.9,773,Sinh tố/Nước ép/Sữa,189,10.772480010986328,106.686767578125,45000
6621,Sinh Tố Tao Đàn - Võ Văn Tần,Ép Thơm Dưa Hấu,,38000,26,0,0,quận 3,Hồ Chí Minh,4.9,773,Sinh tố/Nước ép/Sữa,189,10.772480010986328,106.686767578125,45000
6621,Sinh Tố Tao Đàn - Võ Văn Tần,Ép Thơm Chanh Dây,,38000,26,0,0,quận 3,Hồ Chí Minh,4.9,773,Sinh tố/Nước ép/Sữa,189,10.772480010986328,106.686767578125,45000
6621,Sinh Tố Tao Đàn - Võ Văn Tần,Ép Thơm Cà Rốt,,38000,37,0,0,quận 3,Hồ Chí Minh,4.9,773,Sinh tố/Nước ép/Sữa,189,10.772480010986328,106.686767578125,45000
6621,Sinh Tố Tao Đàn - Võ Văn Tần,Soda Chanh,,38000,2,1,0,quận 3,Hồ Chí Minh,4.9,773,Sinh tố/Nước ép/Sữa,189,10.772480010986328,106.686767578125,45000
6621,Sinh Tố Tao Đàn - Võ Văn Tần,Soda Chanh Dây,,38000,0,0,0,quận 3,Hồ Chí Minh,4.9,773,Sinh tố/Nước ép/Sữa,189,10.772480010986328,106.686767578125,45000
6621,Sinh Tố Tao Đàn - Võ Văn Tần,Soda Đào,,38000,9,0,0,quận 3,Hồ Chí Minh,4.9,773,Sinh tố/Nước ép/Sữa,189,10.772480010986328,106.686767578125,45000
6621,Sinh Tố Tao Đàn - Võ Văn Tần,Soda Vải,,38000,9,0,0,quận 3,Hồ Chí Minh,4.9,773,Sinh tố/Nước ép/Sữa,189,10.772480010986328,106.686767578125,45000
6621,Sinh Tố Tao Đàn - Võ Văn Tần,Soda Việt Quất,,38000,5,0,0,quận 3,Hồ Chí Minh,4.9,773,Sinh tố/Nước ép/Sữa,189,10.772480010986328,106.686767578125,45000
6621,Sinh Tố Tao Đàn - Võ Văn Tần,Cookie Đá Xay,,45000,82,2,0,quận 3,Hồ Chí Minh,4.9,773,Sinh tố/Nước ép/Sữa,189,10.772480010986328,106.686767578125,45000
6621,Sinh Tố Tao Đàn - Võ Văn Tần,Cookie Chuối,,45000,7,0,0,quận 3,Hồ Chí Minh,4.9,773,Sinh tố/Nước ép/Sữa,189,10.772480010986328,106.686767578125,45000
6621,Sinh Tố Tao Đàn - Võ Văn Tần,Cookie Dừa,,45000,8,0,0,quận 3,Hồ Chí Minh,4.9,773,Sinh tố/Nước ép/Sữa,189,10.772480010986328,106.686767578125,45000
31359,Trung Nguyên E-coffee - 37 Bùi Thị Xuân,Trà sữa E-Coffee,Size L,37000,5,0,0,Quận 1,Hồ Chí Minh,4.4,14,Cà Phê/Trà,189,10.771209716796875,106.69001007080078,28000
31359,Trung Nguyên E-coffee - 37 Bùi Thị Xuân,Cà phê ca cao sữa dừa,Size L,37000,12,2,0,Quận 1,Hồ Chí Minh,4.4,14,Cà Phê/Trà,189,10.771209716796875,106.69001007080078,28000
31359,Trung Nguyên E-coffee - 37 Bùi Thị Xuân,Sữa tươi hoa đậu biếc,Size L,33000,2,1,0,Quận 1,Hồ Chí Minh,4.4,14,Cà Phê/Trà,189,10.771209716796875,106.69001007080078,28000
31359,Trung Nguyên E-coffee - 37 Bùi Thị Xuân,Trà atiso đỏ hạt chia,Size L,28000,5,1,0,Quận 1,Hồ Chí Minh,4.4,14,Cà Phê/Trà,189,10.771209716796875,106.69001007080078,28000
31359,Trung Nguyên E-coffee - 37 Bùi Thị Xuân,Trà đào hạt chia,Size L,28000,8,0,0,Quận 1,Hồ Chí Minh,4.4,14,Cà Phê/Trà,189,10.771209716796875,106.69001007080078,28000
31359,Trung Nguyên E-coffee - 37 Bùi Thị Xuân,Cà Phê Muối E-Coffee,,27000,14,1,0,Quận 1,Hồ Chí Minh,4.4,14,Cà Phê/Trà,189,10.771209716796875,106.69001007080078,28000
31359,Trung Nguyên E-coffee - 37 Bùi Thị Xuân,Chanh muối mật ong,Size L,28000,3,0,0,Quận 1,Hồ Chí Minh,4.4,14,Cà Phê/Trà,189,10.771209716796875,106.69001007080078,28000
31359,Trung Nguyên E-coffee - 37 Bùi Thị Xuân,Nước chanh sả gừng hạt chia,Size L,28000,6,1,0,Quận 1,Hồ Chí Minh,4.4,14,Cà Phê/Trà,189,10.771209716796875,106.69001007080078,28000
31359,Trung Nguyên E-coffee - 37 Bùi Thị Xuân,Trà thảo mộc thanh nhiệt,Size L,33000,8,0,0,Quận 1,Hồ Chí Minh,4.4,14,Cà Phê/Trà,189,10.771209716796875,106.69001007080078,28000
31359,Trung Nguyên E-coffee - 37 Bùi Thị Xuân,Matcha Latte Đá,,27000,5,0,0,Quận 1,Hồ Chí Minh,4.4,14,Cà Phê/Trà,189,10.771209716796875,106.69001007080078,28000
31359,Trung Nguyên E-coffee - 37 Bùi Thị Xuân,Matcha Việt Quât,,27000,1,0,0,Quận 1,Hồ Chí Minh,4.4,14,Cà Phê/Trà,189,10.771209716796875,106.69001007080078,28000
31359,Trung Nguyên E-coffee - 37 Bùi Thị Xuân,Cappuccino đá,,34000,5,0,0,Quận 1,Hồ Chí Minh,4.4,14,Cà Phê/Trà,189,10.771209716796875,106.69001007080078,28000
31359,Trung Nguyên E-coffee - 37 Bùi Thị Xuân,Latte đá,,34000,13,0,0,Quận 1,Hồ Chí Minh,4.4,14,Cà Phê/Trà,189,10.771209716796875,106.69001007080078,28000
31359,Trung Nguyên E-coffee - 37 Bùi Thị Xuân,Bạc xỉu đá,,34000,13,0,0,Quận 1,Hồ Chí Minh,4.4,14,Cà Phê/Trà,189,10.771209716796875,106.69001007080078,28000
31359,Trung Nguyên E-coffee - 37 Bùi Thị Xuân,Cà phê năng lượng sữa đá,,25000,44,1,0,Quận 1,Hồ Chí Minh,4.4,14,Cà Phê/Trà,189,10.771209716796875,106.69001007080078,28000
31359,Trung Nguyên E-coffee - 37 Bùi Thị Xuân,Cà phê năng lượng đen đá,,22000,13,0,0,Quận 1,Hồ Chí Minh,4.4,14,Cà Phê/Trà,189,10.771209716796875,106.69001007080078,28000
31359,Trung Nguyên E-coffee - 37 Bùi Thị Xuân,Nước ép dứa - thơm hạt chia,Size L,28000,2,0,0,Quận 1,Hồ Chí Minh,4.4,14,Cà Phê/Trà,189,10.771209716796875,106.69001007080078,28000
31359,Trung Nguyên E-coffee - 37 Bùi Thị Xuân,Nước ép dưa hấu hạt chia,Size L,28000,2,0,0,Quận 1,Hồ Chí Minh,4.4,14,Cà Phê/Trà,189,10.771209716796875,106.69001007080078,28000
31359,Trung Nguyên E-coffee - 37 Bùi Thị Xuân,Trà hoa đậu biếc hạt chia,Size L,28000,1,0,0,Quận 1,Hồ Chí Minh,4.4,14,Cà Phê/Trà,189,10.771209716796875,106.69001007080078,28000
31359,Trung Nguyên E-coffee - 37 Bùi Thị Xuân,Trà Vải E-Coffee,,37000,3,0,0,Quận 1,Hồ Chí Minh,4.4,14,Cà Phê/Trà,189,10.771209716796875,106.69001007080078,28000
31333,Trung Nguyên Legend - 02 Bùi Thị Xuân,Cà Phê Tư Duy - Số 1,"Sở hữu mùi thơm dịu nhẹ lưu luyến, vị đậm đà  mân mê vị giác với thành phần chính là những  hạt Robusta thượng hạng từ Vùng đất Thánh địa Cà phê Buôn Ma Thuột.",32000,138,1,0,Quận 1,Hồ Chí Minh,4.9,90,Cà Phê/Trà,189,10.77241039276123,106.6906967163086,47000
31333,Trung Nguyên Legend - 02 Bùi Thị Xuân,Cà Phê Sáng tạo - Số 4,"Với thể chất đậm, mùi thơm bền lâu, vị cân bằng bởi  sự kết hợp tinh tế của những hạt cà phê Arabica, Robusta chọn lọc.",44000,155,0,0,Quận 1,Hồ Chí Minh,4.9,90,Cà Phê/Trà,189,10.77241039276123,106.6906967163086,47000
31333,Trung Nguyên Legend - 02 Bùi Thị Xuân,Cà Phê Thành Công - Số 5,"Với thành phần chính là những hạt Arabica đặc sản,  sở hữu mùi thơm đặc trưng nồng mạnh khó quên.",47000,141,0,0,Quận 1,Hồ Chí Minh,4.9,90,Cà Phê/Trà,189,10.77241039276123,106.6906967163086,47000
31333,Trung Nguyên Legend - 02 Bùi Thị Xuân,Cà Phê Đột phá - Số 8,"Sự kết hợp tinh tế của những hạt cà phê Arabica, Robusta công thức rang xay độc đáo đã được các Chuyên Gia dày công nghiên cứu,khác biệt với hương vị mạnh mẽ và quyến rũ, đem đến một trải  nghiệm mới, đầy sáng tạo cho những người yêu và đam mê cà phê.",69000,47,6,0,Quận 1,Hồ Chí Minh,4.9,90,Cà Phê/Trà,189,10.77241039276123,106.6906967163086,47000
31333,Trung Nguyên Legend - 02 Bùi Thị Xuân,Bạc Xỉu Đá,Bạc Xỉu tôn vinh hoàn hảo một thức uống xưa cũ và thuần chất với sự kết hợp văn hóa ẩm thực của ba quốc gia Hoa – Việt – Pháp và là một trong những thức uống “đặc sản” độc đáo nhất sinh ra ở Sài Gòn.,47000,121,0,0,Quận 1,Hồ Chí Minh,4.9,90,Cà Phê/Trà,189,10.77241039276123,106.6906967163086,47000
31333,Trung Nguyên Legend - 02 Bùi Thị Xuân,Latte With Jelly,"Sáng tạo trên nền cà phê Latte nhẹ nhàng được pha chế hài hòa với Caramel và thạch cà phê nên hương vị ngọt ngào, làm tươi mát tâm hồn và tràn đầy năng lượng.",59000,38,7,0,Quận 1,Hồ Chí Minh,4.9,90,Cà Phê/Trà,189,10.77241039276123,106.6906967163086,47000
31333,Trung Nguyên Legend - 02 Bùi Thị Xuân,Nước Chanh Dây Thơm Sả,"Chanh dây vị chua ngọt,cùng thơm sả cảm giác tươi mát cực kì bắt vị giúp giải nóng hiệu quả mà còn có hỗ trợ tăng sức đề kháng của cơ thể. ",52000,12,0,0,Quận 1,Hồ Chí Minh,4.9,90,Cà Phê/Trà,189,10.77241039276123,106.6906967163086,47000
31333,Trung Nguyên Legend - 02 Bùi Thị Xuân,Hibiscus Chanh Dây Hạt Chia,"Được tôn vinh là một dược liệu quý cho sức  khỏe và sắc đẹp. Hibiscus từ xưa đã là bí quyết cho các thức uống đặc sắc của Trung Đông và đặc biệt là đế chế Ottoman. Cảm hứng từ loại nguyên liệu huyền bí ấy, các chuyên gia Trung Nguyên Legend đã kết hợp Hibiscus với chanh dây và hạt chia thơm ngon, đầy dinh dưỡng giúp bạn tràn đầy năng lượng để tăng sức đề kháng mỗi ngày.",59000,8,0,0,Quận 1,Hồ Chí Minh,4.9,90,Cà Phê/Trà,189,10.77241039276123,106.6906967163086,47000
31333,Trung Nguyên Legend - 02 Bùi Thị Xuân,Trà Đào Cam Sả,"Ý tưởng sáng tạo đến từ hai loại nguyên liệu xuất hiện ở Trung Đông từ xa xưa – trà đen và trái đào, mang đến thức uống tươi mát, hương thơm ngát và hậu vị êm dịu hài hòa phù hợp với mọi lứa tuổi.",67000,9,0,0,Quận 1,Hồ Chí Minh,4.9,90,Cà Phê/Trà,189,10.77241039276123,106.6906967163086,47000
27336,Café IYO - Cà Phê Kem Muối - Trần Hưng Đạo ,Café sữa đá kem muối IYO,"Vị cafe đậm đà, pha lẫn sự béo thơm của sữa đặc tạo ra một sức hút riêng và cũng là niềm tự hào của người Việt Nam kết hợp cùng lớp kem muối béo ngậy tạo thành thức uống hoàn hảo.",49000,46,0,0,Quận 1,Hồ Chí Minh,5.0,9,Cà Phê/Trà,189,10.7672700881958,106.69438171386719,52000
27336,Café IYO - Cà Phê Kem Muối - Trần Hưng Đạo ,Bạc xỉu kem muối IYO,Không quá đậm vị như cafe sữa nhưng cũng không hề thua kém. Từ một ly sữa thơm ngọt thêm một tí cafe đã khiến thức uống này trở nên thật hấp dẫn như đúng cái tên gọi của nó kết hợp cùng lớp kem muối béo ngậy tạo thành thức uống hoàn hảo.,52000,11,0,0,Quận 1,Hồ Chí Minh,5.0,9,Cà Phê/Trà,189,10.7672700881958,106.69438171386719,52000
27336,Café IYO - Cà Phê Kem Muối - Trần Hưng Đạo ,Café đen kem muối IYO,Từ những hạt cà phê sạch kết hợp với cách pha truyền thống mang đến một ly cà phê đậm đà và hương thơm quyến rũ kết hợp cùng lớp kem muối béo ngậy tạo thành thức uống hoàn hảo.,39000,3,0,0,Quận 1,Hồ Chí Minh,5.0,9,Cà Phê/Trà,189,10.7672700881958,106.69438171386719,52000
27336,Café IYO - Cà Phê Kem Muối - Trần Hưng Đạo ,Bạc xỉu khúc bạch phô mai IYO,Không quá đậm vị như cafe sữa nhưng cũng không hề thua kém. Từ một ly sữa thơm ngọt thêm một tí cafe đã khiến thức uống này trở nên thật hấp dẫn như đúng cái tên gọi của nó kèm theo khúc bạch phô mai béo ngậy.,52000,5,0,0,Quận 1,Hồ Chí Minh,5.0,9,Cà Phê/Trà,189,10.7672700881958,106.69438171386719,52000
27336,Café IYO - Cà Phê Kem Muối - Trần Hưng Đạo ,Café đen viên phô mai cà phê IYO (2 viên),"Từ những hạt cà phê sạch kết hợp với cách pha truyền thống mang đến một ly cà phê đậm đà và hương thơm quyến rũ kèm theo 2 viên phô mai cà phê bên ngoài là phần thạch với hương vị cà phê, bên trong là phô mai béo ngậy.",39000,0,0,0,Quận 1,Hồ Chí Minh,5.0,9,Cà Phê/Trà,189,10.7672700881958,106.69438171386719,52000
27336,Café IYO - Cà Phê Kem Muối - Trần Hưng Đạo ,Latte jelly nướng IYO,"Với vị ngọt nhẹ nhàng của sữa tươi đi cùng cafe đắng đậm sẽ tạo nên một ngày hoàn hảo kết hợp cùng topping jelly trà nướng có vị trà rang mang một phong cách mới, hoàn toàn khác biệt.",52000,0,0,0,Quận 1,Hồ Chí Minh,5.0,9,Cà Phê/Trà,189,10.7672700881958,106.69438171386719,52000
27336,Café IYO - Cà Phê Kem Muối - Trần Hưng Đạo ,Latte sốt đường đen IYO,"Với vị ngọt nhẹ nhàng của sữa tươi đi cùng cafe đắng đậm sẽ tạo nên một ngày hoàn hảo hợp cùng sốt đường đen, một loại sốt cực kỳ hot gây bão thời gian dài.",52000,0,0,0,Quận 1,Hồ Chí Minh,5.0,9,Cà Phê/Trà,189,10.7672700881958,106.69438171386719,52000
27336,Café IYO - Cà Phê Kem Muối - Trần Hưng Đạo ,Café sữa đá IYO,"Vị cafe đậm đà, pha lẫn sự béo thơm của sữa đặc tạo ra một sức hút riêng và cũng là niềm tự hào của người Việt Nam.",38000,16,0,0,Quận 1,Hồ Chí Minh,5.0,9,Cà Phê/Trà,189,10.7672700881958,106.69438171386719,52000
27336,Café IYO - Cà Phê Kem Muối - Trần Hưng Đạo ,Bạc xỉu IYO,Không quá đậm vị như cafe sữa nhưng cũng không hề thua kém. Từ một ly sữa thơm ngọt thêm một tí cafe đã khiến thức uống này trở nên thật hấp dẫn như đúng cái tên gọi của nó.,42000,2,0,0,Quận 1,Hồ Chí Minh,5.0,9,Cà Phê/Trà,189,10.7672700881958,106.69438171386719,52000
27336,Café IYO - Cà Phê Kem Muối - Trần Hưng Đạo ,Latte IYO,Với vị ngọt nhẹ nhàng của sữa tươi đi cùng cafe đắng đậm sẽ tạo nên một ngày hoàn hảo.,42000,3,0,0,Quận 1,Hồ Chí Minh,5.0,9,Cà Phê/Trà,189,10.7672700881958,106.69438171386719,52000
27336,Café IYO - Cà Phê Kem Muối - Trần Hưng Đạo ,Café đen IYO,Từ những hạt cà phê sạch kết hợp với cách pha truyền thống mang đến một ly cà phê đậm đà và hương thơm quyến rũ.,29000,9,0,0,Quận 1,Hồ Chí Minh,5.0,9,Cà Phê/Trà,189,10.7672700881958,106.69438171386719,52000
27336,Café IYO - Cà Phê Kem Muối - Trần Hưng Đạo ,Trà phê sữa kem muối,"Vị ngọt nhẹ nhàng đậm vị trà, sữa, thơm cafe kết hợp cùng kem muối hảo hạng.",49000,2,0,0,Quận 1,Hồ Chí Minh,5.0,9,Cà Phê/Trà,189,10.7672700881958,106.69438171386719,52000
27336,Café IYO - Cà Phê Kem Muối - Trần Hưng Đạo ,Trà phê sữa đá IYO đậm đà,"Vị ngọt nhẹ nhàng đậm vị trà, sữa, thơm cafe",39000,8,0,0,Quận 1,Hồ Chí Minh,5.0,9,Cà Phê/Trà,189,10.7672700881958,106.69438171386719,52000
27336,Café IYO - Cà Phê Kem Muối - Trần Hưng Đạo ,Trà phê sữa khúc bạch phô mai,"Vị ngọt nhẹ nhàng đậm vị trà, sữa, thơm cafe kết hợp cùng khúc bạch phô mai mịn.",49000,0,0,0,Quận 1,Hồ Chí Minh,5.0,9,Cà Phê/Trà,189,10.7672700881958,106.69438171386719,52000
28560,Thức Coffee - 40D Lý Tự Trọng,Mua 1 tặng 1,Mua 1 trà vải trái cây tặng tặng 1 topping trân châu trắng,45000,0,0,0,Quận 1,Hồ Chí Minh,4.8,75,Cà Phê/Trà,189,10.777130126953125,106.70014953613281,55000
28560,Thức Coffee - 40D Lý Tự Trọng,Bánh que chấm kem,"BISCUIT STICKS WITH CREAMFOAM mang vị mặn nhè nhẹ của bánh, chấm lớp kem sữa beo béo, tuy đơn giản nhưng vô cùng lôi cuốn và hấp dẫn.",32000,16,0,0,Quận 1,Hồ Chí Minh,4.8,75,Cà Phê/Trà,189,10.777130126953125,106.70014953613281,55000
28560,Thức Coffee - 40D Lý Tự Trọng,HẠT HƯỚNG DƯƠNG,,25000,1,0,0,Quận 1,Hồ Chí Minh,4.8,75,Cà Phê/Trà,189,10.777130126953125,106.70014953613281,55000
28560,Thức Coffee - 40D Lý Tự Trọng,BÁNH GẤU NHÂN KEM,"BÁNH GẤU NHÂN KEM TUỔI THƠ, VỎ BÁNH GIÒN, NHÂN KEM NGỌT NH, RẤT THÍCH HỢP NHÂM NHI KHI CHUYỆN TRÒ.",25000,1,0,0,Quận 1,Hồ Chí Minh,4.8,75,Cà Phê/Trà,189,10.777130126953125,106.70014953613281,55000
28560,Thức Coffee - 40D Lý Tự Trọng,Cà phê đen,Black coffee,35000,63,0,0,Quận 1,Hồ Chí Minh,4.8,75,Cà Phê/Trà,189,10.777130126953125,106.70014953613281,55000
28560,Thức Coffee - 40D Lý Tự Trọng,Cà phê sữa,White coffee ,35000,190,0,0,Quận 1,Hồ Chí Minh,4.8,75,Cà Phê/Trà,189,10.777130126953125,106.70014953613281,55000
28560,Thức Coffee - 40D Lý Tự Trọng,Cà phê muối,"SALTED MILKFOAM COFFEE - Sự kết hợp hoàn hảo từ hương vị cà phê đặc trưng của Thức, cùng lớp kem mặn béo ngậy đậm đà, CÀ PHÊ MUỐI Thức Coffee sẽ chinh phục mọi người ngay từ nốt vị đầu tiên.",40000,147,0,0,Quận 1,Hồ Chí Minh,4.8,75,Cà Phê/Trà,189,10.777130126953125,106.70014953613281,55000
28560,Thức Coffee - 40D Lý Tự Trọng,Bạc xỉu,Special white coffee ,40000,16,0,0,Quận 1,Hồ Chí Minh,4.8,75,Cà Phê/Trà,189,10.777130126953125,106.70014953613281,55000
28560,Thức Coffee - 40D Lý Tự Trọng,COCO COFFEE ICEBLEND,"COCO COFFEE ICEBLEND (Cà Phê Dừa) sự kết hợp độc đáo từ cà phê và dừa trên nền đá xay mát lạnh, thoảng chút đắng của cà phê và vị béo đặc trưng của dừa.",55000,2,0,0,Quận 1,Hồ Chí Minh,4.8,75,Cà Phê/Trà,189,10.777130126953125,106.70014953613281,55000
28560,Thức Coffee - 40D Lý Tự Trọng,EGG COFFEE,"Cà Phê Trứng một món cà phê nóng được biến tấu cùng kem trứng béo mịn, vị đắng nhẹ của cà phê và vị béo của trứng hoà quyện vô cùng hấp dẫn.",49000,0,0,0,Quận 1,Hồ Chí Minh,4.8,75,Cà Phê/Trà,189,10.777130126953125,106.70014953613281,55000
28560,Thức Coffee - 40D Lý Tự Trọng,Sô-cô-la sữa,Thức uống không thể điều chỉnh độ ngọt về 0%.,55000,6,0,0,Quận 1,Hồ Chí Minh,4.8,75,Cà Phê/Trà,189,10.777130126953125,106.70014953613281,55000
28560,Thức Coffee - 40D Lý Tự Trọng,Trà xanh latte,Thức uống không thể điều chỉnh độ ngọt về 0%.,55000,8,0,1,Quận 1,Hồ Chí Minh,4.8,75,Cà Phê/Trà,189,10.777130126953125,106.70014953613281,55000
28560,Thức Coffee - 40D Lý Tự Trọng,Espresso,Espresso (Cà Phê Nguyên Chất không đường không đá),35000,1,0,0,Quận 1,Hồ Chí Minh,4.8,75,Cà Phê/Trà,189,10.777130126953125,106.70014953613281,55000
28560,Thức Coffee - 40D Lý Tự Trọng,Americano,Americano ,40000,4,0,0,Quận 1,Hồ Chí Minh,4.8,75,Cà Phê/Trà,189,10.777130126953125,106.70014953613281,55000
28560,Thức Coffee - 40D Lý Tự Trọng,Latte coffee,Latte coffee ,49000,7,0,1,Quận 1,Hồ Chí Minh,4.8,75,Cà Phê/Trà,189,10.777130126953125,106.70014953613281,55000
28560,Thức Coffee - 40D Lý Tự Trọng,MATCHA KAFÉ,"Thức uống không thể điều chỉnh độ ngọt về 0% và bắt buộc đá chung. Sự phối hợp hoàn hảo bởi trà xanh Nhật Bản cùng cà phê Việt Nam, có vị ngọt thanh hoà quyện cùng chút đắng, thêm vị béo của lớp kem sữa nhẹ nhàng mà cuốn hút.",48000,7,0,0,Quận 1,Hồ Chí Minh,4.8,75,Cà Phê/Trà,189,10.777130126953125,106.70014953613281,55000
28560,Thức Coffee - 40D Lý Tự Trọng,LATTE COFFEE,"Lựa chọn đá có kèm sẵn đường, bạn vui lòng note 0% độ ngọt nếu không dùng đường.",49000,1,0,0,Quận 1,Hồ Chí Minh,4.8,75,Cà Phê/Trà,189,10.777130126953125,106.70014953613281,55000
28560,Thức Coffee - 40D Lý Tự Trọng,CAPPUCCINO,"Lựa chọn đá có kèm sẵn đường, bạn vui lòng note 0% độ ngọt nếu không dùng đường.",49000,0,0,0,Quận 1,Hồ Chí Minh,4.8,75,Cà Phê/Trà,189,10.777130126953125,106.70014953613281,55000
28560,Thức Coffee - 40D Lý Tự Trọng,LEMON BLACK TEA,HỒNG TRÀ CHANH,40000,15,0,0,Quận 1,Hồ Chí Minh,4.8,75,Cà Phê/Trà,189,10.777130126953125,106.70014953613281,55000
28560,Thức Coffee - 40D Lý Tự Trọng,CINNAMON TEA,TRÀ QUẾ HOA HỒI,40000,2,0,0,Quận 1,Hồ Chí Minh,4.8,75,Cà Phê/Trà,189,10.777130126953125,106.70014953613281,55000
28560,Thức Coffee - 40D Lý Tự Trọng,PALOMA ICED TEA,"TRÀ BƯỞI HỒNG-CHANH DÂY HẠT ĐÁC, vị chua thanh của chanh dây kết hợp cùng mứt bưởi hồng ngọt nhẹ, dùng cùng vỏ bưởi sấy  và hạt đác thanh má, cuốn hút",55000,39,0,0,Quận 1,Hồ Chí Minh,4.8,75,Cà Phê/Trà,189,10.777130126953125,106.70014953613281,55000
28560,Thức Coffee - 40D Lý Tự Trọng,PEACH TEA,TRÀ ĐÀO HẠT CHIA,55000,10,0,0,Quận 1,Hồ Chí Minh,4.8,75,Cà Phê/Trà,189,10.777130126953125,106.70014953613281,55000
28560,Thức Coffee - 40D Lý Tự Trọng,TRÀ VẢI TRÁI CÂY,TRÀ VẢI TRÁI CÂY,59000,12,1,0,Quận 1,Hồ Chí Minh,4.8,75,Cà Phê/Trà,189,10.777130126953125,106.70014953613281,55000
28560,Thức Coffee - 40D Lý Tự Trọng,TAMARIND-SOURSOP TEA,"Lục Trà Me-Mãng Cầu sự kết hợp 2 loại trái cây hottrend vừa qua, vị chua thanh từ cốt me tự nấu, cùng vị chua ngọt tự nhiên từ mãng cầu tạo nên hương vị đặc trưng, thêm chút đậu phộng rang càng bắt vị.",59000,5,0,0,Quận 1,Hồ Chí Minh,4.8,75,Cà Phê/Trà,189,10.777130126953125,106.70014953613281,55000
28560,Thức Coffee - 40D Lý Tự Trọng,Trà sữa ô long,Oolong tea,22500,31,2,1,Quận 1,Hồ Chí Minh,4.8,75,Cà Phê/Trà,189,10.777130126953125,106.70014953613281,55000
28560,Thức Coffee - 40D Lý Tự Trọng,Trà sữa đào,Peach milk tea ,50000,16,0,0,Quận 1,Hồ Chí Minh,4.8,75,Cà Phê/Trà,189,10.777130126953125,106.70014953613281,55000
28560,Thức Coffee - 40D Lý Tự Trọng,Trà sữa thức,Thức milk tea ,50000,25,2,0,Quận 1,Hồ Chí Minh,4.8,75,Cà Phê/Trà,189,10.777130126953125,106.70014953613281,55000
28560,Thức Coffee - 40D Lý Tự Trọng,RICE MILK TEA,"Trà Sữa Gạo Rang (Roasted Rice Milk Tea) - vị trà đậm đà, hương gạo rang thơm ngát hoà quyện cùng vị béo của sữa, thêm lớp kem phô mai béo mịn, hoà quyện hài hoà.",55000,3,0,0,Quận 1,Hồ Chí Minh,4.8,75,Cà Phê/Trà,189,10.777130126953125,106.70014953613281,55000
28560,Thức Coffee - 40D Lý Tự Trọng,Detoxify,Nước ép hỗn hợp (táo - gừng - xả - tắc),59000,6,0,0,Quận 1,Hồ Chí Minh,4.8,75,Cà Phê/Trà,189,10.777130126953125,106.70014953613281,55000
28560,Thức Coffee - 40D Lý Tự Trọng,Rainbow juice,Nước ép hỗn hợp (cam - thơm - cà rốt),55000,6,0,0,Quận 1,Hồ Chí Minh,4.8,75,Cà Phê/Trà,189,10.777130126953125,106.70014953613281,55000
28560,Thức Coffee - 40D Lý Tự Trọng,Energy all day,"Nước ép hỗn hợp (lê - củ dền - chanh dây), nước ép nguyên chất ko sử dụng đường nên không thể điều chỉnh độ ngọt",55000,3,0,0,Quận 1,Hồ Chí Minh,4.8,75,Cà Phê/Trà,189,10.777130126953125,106.70014953613281,55000
28560,Thức Coffee - 40D Lý Tự Trọng,Orange,Nước cam,50000,3,0,0,Quận 1,Hồ Chí Minh,4.8,75,Cà Phê/Trà,189,10.777130126953125,106.70014953613281,55000
28560,Thức Coffee - 40D Lý Tự Trọng,Watermelon,Nước ép dưa hấu,50000,1,0,0,Quận 1,Hồ Chí Minh,4.8,75,Cà Phê/Trà,189,10.777130126953125,106.70014953613281,55000
28560,Thức Coffee - 40D Lý Tự Trọng,Chocolate IB,Thức uống không thể điều chỉnh độ ngọt về 0%,59000,15,0,0,Quận 1,Hồ Chí Minh,4.8,75,Cà Phê/Trà,189,10.777130126953125,106.70014953613281,55000
28560,Thức Coffee - 40D Lý Tự Trọng,Caramel coffee jelly,Thức uống không thể điều chỉnh độ ngọt về 0%,55000,5,0,0,Quận 1,Hồ Chí Minh,4.8,75,Cà Phê/Trà,189,10.777130126953125,106.70014953613281,55000
28560,Thức Coffee - 40D Lý Tự Trọng,Banana chocolate,Thức uống không thể điều chỉnh độ ngọt về 0%,59000,9,0,0,Quận 1,Hồ Chí Minh,4.8,75,Cà Phê/Trà,189,10.777130126953125,106.70014953613281,55000
28560,Thức Coffee - 40D Lý Tự Trọng,Matcha,Thức uống không thể điều chỉnh độ ngọt về 0%,55000,15,0,0,Quận 1,Hồ Chí Minh,4.8,75,Cà Phê/Trà,189,10.777130126953125,106.70014953613281,55000
28560,Thức Coffee - 40D Lý Tự Trọng,Kumquat cooler,Tắc xí muội đá xay ,65000,9,0,0,Quận 1,Hồ Chí Minh,4.8,75,Cà Phê/Trà,189,10.777130126953125,106.70014953613281,55000
28560,Thức Coffee - 40D Lý Tự Trọng,COOKIE MATCHA LAND,Thức uống không thể điều chỉnh độ ngọt về 0%,65000,8,0,0,Quận 1,Hồ Chí Minh,4.8,75,Cà Phê/Trà,189,10.777130126953125,106.70014953613281,55000
28560,Thức Coffee - 40D Lý Tự Trọng,MIX FRUIT STRAWBERRY,Dâu Tây Trái Cây Đá Xay,65000,4,0,0,Quận 1,Hồ Chí Minh,4.8,75,Cà Phê/Trà,189,10.777130126953125,106.70014953613281,55000
28560,Thức Coffee - 40D Lý Tự Trọng,YOGURT MIX FRUIT,"Yaua trái cây, yaua nhà làm dùng cùng các loại trái cây xoài, dưa hấu, táo, dâu, hạt đác.",65000,0,0,0,Quận 1,Hồ Chí Minh,4.8,75,Cà Phê/Trà,189,10.777130126953125,106.70014953613281,55000
28560,Thức Coffee - 40D Lý Tự Trọng,TROPICAL FRUIT SMOOTHIE,"SINH TỐ NHIỆT ĐỚI kết hợp các loại trái cây miền nhiệt đới: cam, xoài, thơm, dâu.",65000,0,0,0,Quận 1,Hồ Chí Minh,4.8,75,Cà Phê/Trà,189,10.777130126953125,106.70014953613281,55000
28560,Thức Coffee - 40D Lý Tự Trọng,FOREST FRUIT SMOOTHIE,"SIHH TỐ DÂU & CHUỐI
",65000,1,0,0,Quận 1,Hồ Chí Minh,4.8,75,Cà Phê/Trà,189,10.777130126953125,106.70014953613281,55000
28560,Thức Coffee - 40D Lý Tự Trọng,BÁNH MÌ QUE PATE CHÀ BÔNG,"Vui lòng đợi 5-10p. Bánh Mì Que Pate Chà Bông với lớp vỏ giòn, ruột mềm đầy nhân pate thơm ngon, thêm chút chà bông vô cùng hấp dẫn.",21000,21,1,0,Quận 1,Hồ Chí Minh,4.8,75,Cà Phê/Trà,189,10.777130126953125,106.70014953613281,55000
28560,Thức Coffee - 40D Lý Tự Trọng,BANANA COFFEE,"Banana Coffee - với vị đắng nhẹ từ cà phê, thơm ngọt đặc trưng của chuối tạo nên hương vị hài hoà mới lạ nhưng vô cùng hấp dẫn.",65000,0,0,0,Quận 1,Hồ Chí Minh,4.8,75,Cà Phê/Trà,189,10.777130126953125,106.70014953613281,55000
28560,Thức Coffee - 40D Lý Tự Trọng,BANANA MATCHA,"Banana Matcha - sự kết hợp hoàn hảo từ vị ngọt của chuối và mùi vị đặc trưng của matcha latte, tạo nên hương vị độc đáo.",65000,0,0,0,Quận 1,Hồ Chí Minh,4.8,75,Cà Phê/Trà,189,10.777130126953125,106.70014953613281,55000
31328,Trung Nguyên Legend - 219 Lý Tự Trọng,Cà Phê Tư Duy - Số 1,"Sở hữu mùi thơm dịu nhẹ lưu luyến, vị đậm đà  mân mê vị giác với thành phần chính là những  hạt Robusta thượng hạng từ Vùng đất Thánh địa Cà phê Buôn Ma Thuột.",32000,4,0,0,Quận 1,Hồ Chí Minh,4.2,5,Cà Phê/Trà,189,10.772669792175293,106.69542694091797,47000
31328,Trung Nguyên Legend - 219 Lý Tự Trọng,Cà Phê Khám Phá - Số 2,"Sự phối trộn đặc biệt của 2 loại cà phê đặc trưng Arabica và Robusta với mùi thơm dịu nhẹ lưu luyến, vị đắng êm, sâu lắng, đậm đà.Sữa đặc quyện vào tạo độ ngon khó cưỡng.",39000,1,0,0,Quận 1,Hồ Chí Minh,4.2,5,Cà Phê/Trà,189,10.772669792175293,106.69542694091797,47000
31328,Trung Nguyên Legend - 219 Lý Tự Trọng,Cà Phê Ý Tưởng - Số 3,"Với thành phần chính là những hạt Arabica đặc trưng, mang mùi thơm nồng, mạnh ấm, vị chua êm ngọt, thể chất nhẹ vừa phải. Kết hợp thêm sữa đặc sẽ thêm đậm đà vị.",42000,1,0,0,Quận 1,Hồ Chí Minh,4.2,5,Cà Phê/Trà,189,10.772669792175293,106.69542694091797,47000
31328,Trung Nguyên Legend - 219 Lý Tự Trọng,Cà Phê Sáng tạo - Số 4,"Với thể chất đậm, mùi thơm bền lâu, vị cân bằng bởi  sự kết hợp tinh tế của những hạt cà phê Arabica, Robusta chọn lọc.",44000,0,0,0,Quận 1,Hồ Chí Minh,4.2,5,Cà Phê/Trà,189,10.772669792175293,106.69542694091797,47000
31328,Trung Nguyên Legend - 219 Lý Tự Trọng,Cà Phê Thành Công - Số 5,"Với thành phần chính là những hạt Arabica đặc sản,  sở hữu mùi thơm đặc trưng nồng mạnh khó quên.",47000,10,0,0,Quận 1,Hồ Chí Minh,4.2,5,Cà Phê/Trà,189,10.772669792175293,106.69542694091797,47000
31328,Trung Nguyên Legend - 219 Lý Tự Trọng,Cà Phê Đột phá - Số 8,"Sự kết hợp tinh tế của những hạt cà phê Arabica, Robusta công thức rang xay độc đáo đã được các Chuyên Gia dày công nghiên cứu,khác biệt với hương vị mạnh mẽ và quyến rũ, đem đến một trải  nghiệm mới, đầy sáng tạo cho những người yêu và đam mê cà phê.",69000,1,0,0,Quận 1,Hồ Chí Minh,4.2,5,Cà Phê/Trà,189,10.772669792175293,106.69542694091797,47000
31328,Trung Nguyên Legend - 219 Lý Tự Trọng,Bạc Xỉu Đá,Bạc Xỉu tôn vinh hoàn hảo một thức uống xưa cũ và thuần chất với sự kết hợp văn hóa ẩm thực của ba quốc gia Hoa – Việt – Pháp và là một trong những thức uống “đặc sản” độc đáo nhất sinh ra ở Sài Gòn.,47000,9,0,0,Quận 1,Hồ Chí Minh,4.2,5,Cà Phê/Trà,189,10.772669792175293,106.69542694091797,47000
31328,Trung Nguyên Legend - 219 Lý Tự Trọng,Latte With Jelly,"Sáng tạo trên nền cà phê Latte nhẹ nhàng được pha chế hài hòa với Caramel và thạch cà phê nên hương vị ngọt ngào, làm tươi mát tâm hồn và tràn đầy năng lượng.",59000,0,0,0,Quận 1,Hồ Chí Minh,4.2,5,Cà Phê/Trà,189,10.772669792175293,106.69542694091797,47000
31328,Trung Nguyên Legend - 219 Lý Tự Trọng,Nước Chanh Dây Thơm Sả,"Chanh dây vị chua ngọt,cùng thơm sả cảm giác tươi mát cực kì bắt vị giúp giải nóng hiệu quả mà còn có hỗ trợ tăng sức đề kháng của cơ thể. ",52000,0,0,0,Quận 1,Hồ Chí Minh,4.2,5,Cà Phê/Trà,189,10.772669792175293,106.69542694091797,47000
31328,Trung Nguyên Legend - 219 Lý Tự Trọng,Hibiscus Chanh Dây Hạt Chia,"Được tôn vinh là một dược liệu quý cho sức  khỏe và sắc đẹp. Hibiscus từ xưa đã là bí quyết cho các thức uống đặc sắc của Trung Đông và đặc biệt là đế chế Ottoman. Cảm hứng từ loại nguyên liệu huyền bí ấy, các chuyên gia Trung Nguyên Legend đã kết hợp Hibiscus với chanh dây và hạt chia thơm ngon, đầy dinh dưỡng giúp bạn tràn đầy năng lượng để tăng sức đề kháng mỗi ngày.",59000,0,0,0,Quận 1,Hồ Chí Minh,4.2,5,Cà Phê/Trà,189,10.772669792175293,106.69542694091797,47000
31328,Trung Nguyên Legend - 219 Lý Tự Trọng,Trà Đào Cam Sả,"Ý tưởng sáng tạo đến từ hai loại nguyên liệu xuất hiện ở Trung Đông từ xa xưa – trà đen và trái đào, mang đến thức uống tươi mát, hương thơm ngát và hậu vị êm dịu hài hòa phù hợp với mọi lứa tuổi.",67000,1,0,0,Quận 1,Hồ Chí Minh,4.2,5,Cà Phê/Trà,189,10.772669792175293,106.69542694091797,47000
22959,The Black Tea - Nguyễn Thị Minh Khai ,Cà Phê Đen Đá / Vietnamese Black Coffee,Cà phê đen truyền thống Việt Nam,27000,4,1,0,Quận 1,Hồ Chí Minh,4.8,79,Cà Phê/Trà,189,10.78617000579834,106.69889831542969,33000
22959,The Black Tea - Nguyễn Thị Minh Khai ,Cà Phê Sữa Đá / Vietnamese Iced Coffee with Milk,Cà phê sữa đá truyền thống Việt Nam,30000,8,0,0,Quận 1,Hồ Chí Minh,4.8,79,Cà Phê/Trà,189,10.78617000579834,106.69889831542969,33000
22959,The Black Tea - Nguyễn Thị Minh Khai ,Cà Phê Muối / Salted Coffee,Cà phê sữa truyền thống kết hợp với kem muối đặc trưng,36000,13,0,0,Quận 1,Hồ Chí Minh,4.8,79,Cà Phê/Trà,189,10.78617000579834,106.69889831542969,33000
22959,The Black Tea - Nguyễn Thị Minh Khai ,Cà Phê Sữa Tươi / Iced Latte,Latte đá,39000,8,0,0,Quận 1,Hồ Chí Minh,4.8,79,Cà Phê/Trà,189,10.78617000579834,106.69889831542969,33000
22959,The Black Tea - Nguyễn Thị Minh Khai ,Bạc Xỉu / Light Milk Coffee,Cà phê sữa Việt Nam ít cà phê,30000,7,0,0,Quận 1,Hồ Chí Minh,4.8,79,Cà Phê/Trà,189,10.78617000579834,106.69889831542969,33000
22959,The Black Tea - Nguyễn Thị Minh Khai ,Americano,Cà phê kiểu Mỹ,33000,0,0,0,Quận 1,Hồ Chí Minh,4.8,79,Cà Phê/Trà,189,10.78617000579834,106.69889831542969,33000
22959,The Black Tea - Nguyễn Thị Minh Khai ,Trà Gạo Nhật Bản / Genmaicha,"Trà gạo rang nổi tiếng xứ anh đào, thanh dịu và nguyên vị. Ngon hơn khi dùng kèm trân châu trắng",27000,67,0,0,Quận 1,Hồ Chí Minh,4.8,79,Cà Phê/Trà,189,10.78617000579834,106.69889831542969,33000
22959,The Black Tea - Nguyễn Thị Minh Khai ,Trà Đen (Hồng Trà) / Black Tea,Trà đen thượng hạng đặc trưng. Phù hợp khi kết hợp cùng bất kỳ loại topping nào.,27000,16,1,0,Quận 1,Hồ Chí Minh,4.8,79,Cà Phê/Trà,189,10.78617000579834,106.69889831542969,33000
22959,The Black Tea - Nguyễn Thị Minh Khai ,Trà Đen Kem Sữa Phô Mai / Black Tea Macchiato,Trà đen thượng hạng kết hợp vừa vặn cùng kem sữa sánh mịn,39000,12,0,0,Quận 1,Hồ Chí Minh,4.8,79,Cà Phê/Trà,189,10.78617000579834,106.69889831542969,33000
22959,The Black Tea - Nguyễn Thị Minh Khai ,Trà Lài / Jasmine Tea,Trà xanh cổ điển được lên men cùng hoa lài trong quá trình chế biến. Ngon hơn khi dùng kèm trân châu trắng.,27000,12,0,0,Quận 1,Hồ Chí Minh,4.8,79,Cà Phê/Trà,189,10.78617000579834,106.69889831542969,33000
22959,The Black Tea - Nguyễn Thị Minh Khai ,Trà Ô-long Bảo Lộc / Oolong Tea,Thức uống cổ điển được giữ nguyên vị trà ô-long truyền thống. Ngon hơn khi kết hợp cùng trân châu trắng.,27000,6,0,0,Quận 1,Hồ Chí Minh,4.8,79,Cà Phê/Trà,189,10.78617000579834,106.69889831542969,33000
22959,The Black Tea - Nguyễn Thị Minh Khai ,Trà bí đao kem sữa / Winter melon macchiato,Lượng đường mặc định. Không thể giảm ngọt,36000,1,0,0,Quận 1,Hồ Chí Minh,4.8,79,Cà Phê/Trà,189,10.78617000579834,106.69889831542969,33000
22959,The Black Tea - Nguyễn Thị Minh Khai ,Trà Dâu Ổi Hồng / Strawberry Pink Guava Tea,Sự kết hợp ấn tượng giữa trà đen cùng nước ép dâu và ổi hồng.,36000,29,3,0,Quận 1,Hồ Chí Minh,4.8,79,Cà Phê/Trà,189,10.78617000579834,106.69889831542969,33000
22959,The Black Tea - Nguyễn Thị Minh Khai ,Hồng Trà Vải Thiều / Lychee Tea,"Thức uống thanh mát từ trái vải tươi hoà quyện trọn vẹn cùng trà đen thượng hạng.
",48000,10,0,0,Quận 1,Hồ Chí Minh,4.8,79,Cà Phê/Trà,189,10.78617000579834,106.69889831542969,33000
22959,The Black Tea - Nguyễn Thị Minh Khai ,Trà Trái Cây Nhiệt Đới / Tropical Paradise Tea,Trà xanh hoa nhài kết hợp vừa vặn cùng hoa quả vùng nhiệt đới,45000,14,1,0,Quận 1,Hồ Chí Minh,4.8,79,Cà Phê/Trà,189,10.78617000579834,106.69889831542969,33000
22959,The Black Tea - Nguyễn Thị Minh Khai ,Trà Đen Chanh Vàng / Lemon Black Tea,Thức uống giải nhiệt và thanh mát bởi sự kết hợp của trà đen thượng hạng và nước cốt chanh.,33000,19,0,0,Quận 1,Hồ Chí Minh,4.8,79,Cà Phê/Trà,189,10.78617000579834,106.69889831542969,33000
22959,The Black Tea - Nguyễn Thị Minh Khai ,Trà Lựu Đỏ Anh Đào / Pomegrante Cherry Tea,Vị lựu đỏ và anh đào hoà quyện chua thanh cùng trà đen thượng hạng. Món nước thích hợp dùng kèm với trân châu trắng.,33000,28,0,0,Quận 1,Hồ Chí Minh,4.8,79,Cà Phê/Trà,189,10.78617000579834,106.69889831542969,33000
22959,The Black Tea - Nguyễn Thị Minh Khai ,Trà Vải Lài / Lychee Jasmine Tea,Trà xanh hoa nhài thơm ngát kết hợp vừa vặn cùng trái vải tươi,48000,12,0,0,Quận 1,Hồ Chí Minh,4.8,79,Cà Phê/Trà,189,10.78617000579834,106.69889831542969,33000
22959,The Black Tea - Nguyễn Thị Minh Khai ,Trà Sữa Gạo Nhật Bản / Genmaicha Latte,"Món trà Genmaicha nổi tiếng, kết hợp cùng sữa tươi làm tôn lên vị gạo rang hoàn hảo cùng trà sencha từ Nhật Bản. Thức uống ngọt nhẹ, tươi thanh nhẹ nhàng mang phong cách Nhật Bản.",27000,46,1,0,Quận 1,Hồ Chí Minh,4.8,79,Cà Phê/Trà,189,10.78617000579834,106.69889831542969,33000
22959,The Black Tea - Nguyễn Thị Minh Khai ,Trà Sữa Trà Xanh Nhật Bản / Uji Green Tea Latte,Trà xanh từ vùng Uji nổi tiếng Nhật Bản cùng sữa tươi sánh mịn. Thức uống này được phục vụ bằng cách lắc với đá.,45000,9,0,0,Quận 1,Hồ Chí Minh,4.8,79,Cà Phê/Trà,189,10.78617000579834,106.69889831542969,33000
22959,The Black Tea - Nguyễn Thị Minh Khai ,Trà Sữa Truyền Thống / Traditional Milk Tea,"Hoà quyện vừa vặn giữa sữa và trà đen, thức uống cổ điển này hầu như phù hợp với tất cả các loại topping.",33000,59,4,0,Quận 1,Hồ Chí Minh,4.8,79,Cà Phê/Trà,189,10.78617000579834,106.69889831542969,33000
22959,The Black Tea - Nguyễn Thị Minh Khai ,Trà Sữa Trà Đen Đậm Vị / Long-black Milk Tea,⚠️ Có vị đắng vì đậm trà | Vị trà đen đặc trưng nguyên chất đậm đà cùng sữa thơm vừa đủ.,45000,32,3,0,Quận 1,Hồ Chí Minh,4.8,79,Cà Phê/Trà,189,10.78617000579834,106.69889831542969,33000
22959,The Black Tea - Nguyễn Thị Minh Khai ,Trà Sữa Matcha / Matcha with Milk,Trọn vị matcha đặc trưng kết hợp tinh tế với sữa. Thức uống này ngon hơn khi dùng kèm trân châu hoàng kim.,36000,72,3,0,Quận 1,Hồ Chí Minh,4.8,79,Cà Phê/Trà,189,10.78617000579834,106.69889831542969,33000
22959,The Black Tea - Nguyễn Thị Minh Khai ,Trà Sữa Hoa Nhài / Jasmine Milk Tea,Vị sữa thơm thoảng hương hoa nhài kết hợp cùng trà xanh đặc trưng,33000,18,1,0,Quận 1,Hồ Chí Minh,4.8,79,Cà Phê/Trà,189,10.78617000579834,106.69889831542969,33000
22959,The Black Tea - Nguyễn Thị Minh Khai ,Trà Sữa Ô-long / Oolong Milk Tea,Được giữ nguyên bản vị trà ô-long đậm đà kết hợp cùng lượng sữa vừa phải.,36000,9,0,0,Quận 1,Hồ Chí Minh,4.8,79,Cà Phê/Trà,189,10.78617000579834,106.69889831542969,33000
22959,The Black Tea - Nguyễn Thị Minh Khai ,Caramel Cheese,"Hoà quyện tinh tế giữa trà đen, sốt caramel và phô mai thơm béo.",45000,57,1,0,Quận 1,Hồ Chí Minh,4.8,79,Cà Phê/Trà,189,10.78617000579834,106.69889831542969,33000
22959,The Black Tea - Nguyễn Thị Minh Khai ,Chocolate Sữa / Milk Chocolate,Sô cô la đậm đà hoà quyện tinh tế cùng vị sữa. Ngon hơn khi dùng kèm trân châu đen.,33000,9,0,0,Quận 1,Hồ Chí Minh,4.8,79,Cà Phê/Trà,189,10.78617000579834,106.69889831542969,33000
22959,The Black Tea - Nguyễn Thị Minh Khai ,Trà Sữa Thái Đỏ / Thailand Milk Tea,"Trà sữa Thái Lan truyền thống, vị sen",27000,16,0,0,Quận 1,Hồ Chí Minh,4.8,79,Cà Phê/Trà,189,10.78617000579834,106.69889831542969,33000
22959,The Black Tea - Nguyễn Thị Minh Khai ,Ô-long Nhài Sữa / Oolong Jasmine Tea,Trà xanh hoa nhài kết hợp cùng trà ô-long tạo nên vị thơm đầy mê hoặc,33000,6,0,0,Quận 1,Hồ Chí Minh,4.8,79,Cà Phê/Trà,189,10.78617000579834,106.69889831542969,33000
22959,The Black Tea - Nguyễn Thị Minh Khai ,Matcha Sữa Yến Mạch / Oatmilk Matcha Latte,Matcha thơm lừng kết hợp cùng sữa hạt yến mạch béo bùi.,45000,4,1,0,Quận 1,Hồ Chí Minh,4.8,79,Cà Phê/Trà,189,10.78617000579834,106.69889831542969,33000
22959,The Black Tea - Nguyễn Thị Minh Khai ,Sữa Tươi / Whole Milk,Sữa tươi thanh trùng nguyên chất. Có lựa chọn thay sữa yến mạch.,30000,1,0,0,Quận 1,Hồ Chí Minh,4.8,79,Cà Phê/Trà,189,10.78617000579834,106.69889831542969,33000
22959,The Black Tea - Nguyễn Thị Minh Khai ,Nước chanh đá viên / Iced Lemonade,"Nước chanh chua ngọt, sảng khoái mát lạnh.",24000,5,0,0,Quận 1,Hồ Chí Minh,4.8,79,Cà Phê/Trà,189,10.78617000579834,106.69889831542969,33000
22959,The Black Tea - Nguyễn Thị Minh Khai ,Khoai môn sữa phô mai / Cheese Taro Latte,Khoai môn sữa thơm lừng kết hợp cùng kem sữa béo ngậy,36000,7,0,0,Quận 1,Hồ Chí Minh,4.8,79,Cà Phê/Trà,189,10.78617000579834,106.69889831542969,33000
22959,The Black Tea - Nguyễn Thị Minh Khai ,Nước vải chanh - Lychee lemonade,"Nước chanh chua ngọt cùng hương vải thơm lừng; không chứa trà, chưa gồm trái vải.",27000,1,0,0,Quận 1,Hồ Chí Minh,4.8,79,Cà Phê/Trà,189,10.78617000579834,106.69889831542969,33000
7631, Nước ép Mi Mi - Hùng Vương,Cà phê đá,,15000,2,0,0,Quận 10,Hồ Chí Minh,4.9,152,Sinh tố/Nước ép/Sữa,189,10.764010429382324,106.67684936523438,27000
7631, Nước ép Mi Mi - Hùng Vương,Cà phê sữa,,20000,16,0,0,Quận 10,Hồ Chí Minh,4.9,152,Sinh tố/Nước ép/Sữa,189,10.764010429382324,106.67684936523438,27000
7631, Nước ép Mi Mi - Hùng Vương,Bạc xỉu,,20000,11,0,0,Quận 10,Hồ Chí Minh,4.9,152,Sinh tố/Nước ép/Sữa,189,10.764010429382324,106.67684936523438,27000
7631, Nước ép Mi Mi - Hùng Vương,Ép cà rốt,nguyên chất 100%,27000,84,1,1,Quận 10,Hồ Chí Minh,4.9,152,Sinh tố/Nước ép/Sữa,189,10.764010429382324,106.67684936523438,27000
7631, Nước ép Mi Mi - Hùng Vương,Ép ổi,Nguyên chất 100%,25000,135,2,0,Quận 10,Hồ Chí Minh,4.9,152,Sinh tố/Nước ép/Sữa,189,10.764010429382324,106.67684936523438,27000
7631, Nước ép Mi Mi - Hùng Vương,Ép thơm,,27000,333,1,2,Quận 10,Hồ Chí Minh,4.9,152,Sinh tố/Nước ép/Sữa,189,10.764010429382324,106.67684936523438,27000
7631, Nước ép Mi Mi - Hùng Vương,Ép cam,,28000,102,0,1,Quận 10,Hồ Chí Minh,4.9,152,Sinh tố/Nước ép/Sữa,189,10.764010429382324,106.67684936523438,27000
7631, Nước ép Mi Mi - Hùng Vương,Ép cóc,,25000,83,1,1,Quận 10,Hồ Chí Minh,4.9,152,Sinh tố/Nước ép/Sữa,189,10.764010429382324,106.67684936523438,27000
7631, Nước ép Mi Mi - Hùng Vương,Ép táo,,40000,31,0,0,Quận 10,Hồ Chí Minh,4.9,152,Sinh tố/Nước ép/Sữa,189,10.764010429382324,106.67684936523438,27000
7631, Nước ép Mi Mi - Hùng Vương,Ép dưa hấu,,27000,216,1,0,Quận 10,Hồ Chí Minh,4.9,152,Sinh tố/Nước ép/Sữa,189,10.764010429382324,106.67684936523438,27000
7631, Nước ép Mi Mi - Hùng Vương,Chanh dây,,25000,10,0,0,Quận 10,Hồ Chí Minh,4.9,152,Sinh tố/Nước ép/Sữa,189,10.764010429382324,106.67684936523438,27000
7631, Nước ép Mi Mi - Hùng Vương,Rau má,nguyên chất 100%,20000,59,1,0,Quận 10,Hồ Chí Minh,4.9,152,Sinh tố/Nước ép/Sữa,189,10.764010429382324,106.67684936523438,27000
7631, Nước ép Mi Mi - Hùng Vương,rau má đậu xanh,,25000,52,0,0,Quận 10,Hồ Chí Minh,4.9,152,Sinh tố/Nước ép/Sữa,189,10.764010429382324,106.67684936523438,27000
7631, Nước ép Mi Mi - Hùng Vương,Cam mật ong,,28000,73,0,0,Quận 10,Hồ Chí Minh,4.9,152,Sinh tố/Nước ép/Sữa,189,10.764010429382324,106.67684936523438,27000
7631, Nước ép Mi Mi - Hùng Vương,Cà cải,,30000,11,0,0,Quận 10,Hồ Chí Minh,4.9,152,Sinh tố/Nước ép/Sữa,189,10.764010429382324,106.67684936523438,27000
7631, Nước ép Mi Mi - Hùng Vương,Dừa tắc,"nguyên chất , giải nhiệt",25000,44,1,0,Quận 10,Hồ Chí Minh,4.9,152,Sinh tố/Nước ép/Sữa,189,10.764010429382324,106.67684936523438,27000
7631, Nước ép Mi Mi - Hùng Vương,Sữa tươi sương sáo cafe,"Gồm: sữa tươi, sương sáo, cafe",25000,28,0,0,Quận 10,Hồ Chí Minh,4.9,152,Sinh tố/Nước ép/Sữa,189,10.764010429382324,106.67684936523438,27000
7631, Nước ép Mi Mi - Hùng Vương,Nước ép Sơri,Nguyên chất 100%,27000,46,0,0,Quận 10,Hồ Chí Minh,4.9,152,Sinh tố/Nước ép/Sữa,189,10.764010429382324,106.67684936523438,27000
7631, Nước ép Mi Mi - Hùng Vương,Sương sâm sương sáo,"Gồm: sương sâm, sương sáo, hạt é, mủ gòn",25000,197,0,0,Quận 10,Hồ Chí Minh,4.9,152,Sinh tố/Nước ép/Sữa,189,10.764010429382324,106.67684936523438,27000
7631, Nước ép Mi Mi - Hùng Vương,Ép Dưa Lưới,Nguyên chất 100%,30000,48,0,0,Quận 10,Hồ Chí Minh,4.9,152,Sinh tố/Nước ép/Sữa,189,10.764010429382324,106.67684936523438,27000
7631, Nước ép Mi Mi - Hùng Vương,Ép Bưởi,Nguyên chất 100%,30000,24,0,0,Quận 10,Hồ Chí Minh,4.9,152,Sinh tố/Nước ép/Sữa,189,10.764010429382324,106.67684936523438,27000
7631, Nước ép Mi Mi - Hùng Vương,Đá Me Hạt Me Dẻo(700ml),"Giải nhiêt, thanh mát",25000,6,0,0,Quận 10,Hồ Chí Minh,4.9,152,Sinh tố/Nước ép/Sữa,189,10.764010429382324,106.67684936523438,27000
7631, Nước ép Mi Mi - Hùng Vương,Đá Me Hạt Đác(700ml),,33000,1,0,0,Quận 10,Hồ Chí Minh,4.9,152,Sinh tố/Nước ép/Sữa,189,10.764010429382324,106.67684936523438,27000
7631, Nước ép Mi Mi - Hùng Vương,Ép Lựu,,35000,77,0,0,Quận 10,Hồ Chí Minh,4.9,152,Sinh tố/Nước ép/Sữa,189,10.764010429382324,106.67684936523438,27000
7631, Nước ép Mi Mi - Hùng Vương,Trà đào( ly khổng lồ),"Gồm đào dầm, đào miếng",35000,12,0,0,Quận 10,Hồ Chí Minh,4.9,152,Sinh tố/Nước ép/Sữa,189,10.764010429382324,106.67684936523438,27000
7631, Nước ép Mi Mi - Hùng Vương,Trà đào (700ml),"đào dầm, đào miếng",25000,15,0,0,Quận 10,Hồ Chí Minh,4.9,152,Sinh tố/Nước ép/Sữa,189,10.764010429382324,106.67684936523438,27000
7631, Nước ép Mi Mi - Hùng Vương,Trà tắc,nguyên chất 100%,15000,168,0,0,Quận 10,Hồ Chí Minh,4.9,152,Sinh tố/Nước ép/Sữa,189,10.764010429382324,106.67684936523438,27000
7631, Nước ép Mi Mi - Hùng Vương,Trà tắc xí muội,,25000,95,0,1,Quận 10,Hồ Chí Minh,4.9,152,Sinh tố/Nước ép/Sữa,189,10.764010429382324,106.67684936523438,27000
7631, Nước ép Mi Mi - Hùng Vương,Trà sữa truyền thống(700ml),"Gồm: thạch củ năng, thạch phô mai, trân châu trắng",28000,14,0,0,Quận 10,Hồ Chí Minh,4.9,152,Sinh tố/Nước ép/Sữa,189,10.764010429382324,106.67684936523438,27000
7631, Nước ép Mi Mi - Hùng Vương,Trà sữa truyền thống (ly khổng lồ),"Gồm: trân châu trắng, thạch phô mai, thạch củ năng..",35000,9,0,0,Quận 10,Hồ Chí Minh,4.9,152,Sinh tố/Nước ép/Sữa,189,10.764010429382324,106.67684936523438,27000
7631, Nước ép Mi Mi - Hùng Vương,Bánh Plant,,10000,7,0,0,Quận 10,Hồ Chí Minh,4.9,152,Sinh tố/Nước ép/Sữa,189,10.764010429382324,106.67684936523438,27000
7631, Nước ép Mi Mi - Hùng Vương,"Bánh plant, rau câu","Gồm: 2 bánh plant, 4 rau câu phô mai, thạch cafe, trân châu",25000,13,0,0,Quận 10,Hồ Chí Minh,4.9,152,Sinh tố/Nước ép/Sữa,189,10.764010429382324,106.67684936523438,27000
7631, Nước ép Mi Mi - Hùng Vương,Thơm táo,Tùy chọn trái cây,30000,178,2,0,Quận 10,Hồ Chí Minh,4.9,152,Sinh tố/Nước ép/Sữa,189,10.764010429382324,106.67684936523438,27000
7631, Nước ép Mi Mi - Hùng Vương,Mix( cóc ổi),nguyên chất 100%,30000,52,2,0,Quận 10,Hồ Chí Minh,4.9,152,Sinh tố/Nước ép/Sữa,189,10.764010429382324,106.67684936523438,27000
7631, Nước ép Mi Mi - Hùng Vương,"Ép Mix( táo,cần,carot)",nguyên chất 100%,35000,21,1,0,Quận 10,Hồ Chí Minh,4.9,152,Sinh tố/Nước ép/Sữa,189,10.764010429382324,106.67684936523438,27000
7631, Nước ép Mi Mi - Hùng Vương,Thơm cam,Nguyên chất 100%,30000,49,0,0,Quận 10,Hồ Chí Minh,4.9,152,Sinh tố/Nước ép/Sữa,189,10.764010429382324,106.67684936523438,27000
7631, Nước ép Mi Mi - Hùng Vương,Thơm cà rốt,Nguyên chất 100%,30000,43,0,0,Quận 10,Hồ Chí Minh,4.9,152,Sinh tố/Nước ép/Sữa,189,10.764010429382324,106.67684936523438,27000
7631, Nước ép Mi Mi - Hùng Vương,Lê thơm cần ,"Nguyên chất 100%, đẹp da, giữ dáng",35000,27,1,0,Quận 10,Hồ Chí Minh,4.9,152,Sinh tố/Nước ép/Sữa,189,10.764010429382324,106.67684936523438,27000
7631, Nước ép Mi Mi - Hùng Vương,Dâu Mix Cà Rốt,,35000,0,0,0,Quận 10,Hồ Chí Minh,4.9,152,Sinh tố/Nước ép/Sữa,189,10.764010429382324,106.67684936523438,27000
7631, Nước ép Mi Mi - Hùng Vương,Bánh Plant,,10000,0,0,0,Quận 10,Hồ Chí Minh,4.9,152,Sinh tố/Nước ép/Sữa,189,10.764010429382324,106.67684936523438,27000
13087,Nước Mía Giàu,Nước Mía Siêu Bọt Khổng Lồ - 1 Ly,,15000,552,5,1,Quận 10,Hồ Chí Minh,4.9,103,Sinh tố/Nước ép/Sữa,189,10.763099670410156,106.67756652832031,25000
13087,Nước Mía Giàu,Nước Mía Sầu Riêng Tươi Khổng Lồ,,25000,95,3,0,Quận 10,Hồ Chí Minh,4.9,103,Sinh tố/Nước ép/Sữa,189,10.763099670410156,106.67756652832031,25000
13087,Nước Mía Giàu,Nước Mía Cam Khổng Lồ,,25000,62,0,0,Quận 10,Hồ Chí Minh,4.9,103,Sinh tố/Nước ép/Sữa,189,10.763099670410156,106.67756652832031,25000
13087,Nước Mía Giàu,Nước Mía Chanh Dây Khổng Lồ,,22000,20,0,0,Quận 10,Hồ Chí Minh,4.9,103,Sinh tố/Nước ép/Sữa,189,10.763099670410156,106.67756652832031,25000
13087,Nước Mía Giàu,Nước Mía Chanh Muối Khổng Lồ,,22000,35,0,0,Quận 10,Hồ Chí Minh,4.9,103,Sinh tố/Nước ép/Sữa,189,10.763099670410156,106.67756652832031,25000
13087,Nước Mía Giàu,Cam Vắt Nguyên Chất Khổng Lồ,,25000,85,1,0,Quận 10,Hồ Chí Minh,4.9,103,Sinh tố/Nước ép/Sữa,189,10.763099670410156,106.67756652832031,25000
13087,Nước Mía Giàu,Cam Sữa Khổng Lồ,,28000,14,0,0,Quận 10,Hồ Chí Minh,4.9,103,Sinh tố/Nước ép/Sữa,189,10.763099670410156,106.67756652832031,25000
13087,Nước Mía Giàu,Cam Vắt Mật Ông Nguyên Chất Khổng Lồ,,30000,2,0,0,Quận 10,Hồ Chí Minh,4.9,103,Sinh tố/Nước ép/Sữa,189,10.763099670410156,106.67756652832031,25000
13087,Nước Mía Giàu,Sâm Dứa Sữa Khổng Lồ,,25000,29,0,0,Quận 10,Hồ Chí Minh,4.9,103,Sinh tố/Nước ép/Sữa,189,10.763099670410156,106.67756652832031,25000
13087,Nước Mía Giàu,Bạc Hà Sữa Khổng Lồ,,25000,5,0,0,Quận 10,Hồ Chí Minh,4.9,103,Sinh tố/Nước ép/Sữa,189,10.763099670410156,106.67756652832031,25000
13087,Nước Mía Giàu,Chanh Dây Khổng Lồ,,22000,16,0,0,Quận 10,Hồ Chí Minh,4.9,103,Sinh tố/Nước ép/Sữa,189,10.763099670410156,106.67756652832031,25000
13087,Nước Mía Giàu,Chanh Muối Khổng Lồ,,22000,16,0,0,Quận 10,Hồ Chí Minh,4.9,103,Sinh tố/Nước ép/Sữa,189,10.763099670410156,106.67756652832031,25000
13087,Nước Mía Giàu,Đá Me Khổng Lồ,,25000,15,0,0,Quận 10,Hồ Chí Minh,4.9,103,Sinh tố/Nước ép/Sữa,189,10.763099670410156,106.67756652832031,25000
13087,Nước Mía Giàu,Dừa Tắc Khổng Lồ,,25000,105,1,1,Quận 10,Hồ Chí Minh,4.9,103,Sinh tố/Nước ép/Sữa,189,10.763099670410156,106.67756652832031,25000
13087,Nước Mía Giàu,Hồng Trà Tắt Khổng Lồ,,17000,35,0,0,Quận 10,Hồ Chí Minh,4.9,103,Sinh tố/Nước ép/Sữa,189,10.763099670410156,106.67756652832031,25000
13087,Nước Mía Giàu,Xí Muội Muối Đỏ Khổng Lồ,,22000,3,0,0,Quận 10,Hồ Chí Minh,4.9,103,Sinh tố/Nước ép/Sữa,189,10.763099670410156,106.67756652832031,25000
13087,Nước Mía Giàu,Tắc Xí Muội Sợi Khổng Lồ,,22000,6,0,1,Quận 10,Hồ Chí Minh,4.9,103,Sinh tố/Nước ép/Sữa,189,10.763099670410156,106.67756652832031,25000
13087,Nước Mía Giàu,Trà Đào Sữa Khổng Lồ,,25000,14,1,0,Quận 10,Hồ Chí Minh,4.9,103,Sinh tố/Nước ép/Sữa,189,10.763099670410156,106.67756652832031,25000
13087,Nước Mía Giàu,Trà Đào Dầm Khổng Lồ,,22000,24,0,1,Quận 10,Hồ Chí Minh,4.9,103,Sinh tố/Nước ép/Sữa,189,10.763099670410156,106.67756652832031,25000
13087,Nước Mía Giàu,Trà Tắc Khổng Lồ,,15000,63,0,0,Quận 10,Hồ Chí Minh,4.9,103,Sinh tố/Nước ép/Sữa,189,10.763099670410156,106.67756652832031,25000
13087,Nước Mía Giàu,Rau Má Nước Dừa Đậu Xanh Khổng Lồ,,25000,54,0,1,Quận 10,Hồ Chí Minh,4.9,103,Sinh tố/Nước ép/Sữa,189,10.763099670410156,106.67756652832031,25000
13087,Nước Mía Giàu,Rau Má Sữa Khổng Lồ,,25000,26,0,2,Quận 10,Hồ Chí Minh,4.9,103,Sinh tố/Nước ép/Sữa,189,10.763099670410156,106.67756652832031,25000
13087,Nước Mía Giàu,Rau Má Đậu Xanh Khổng Lồ,,15000,125,0,0,Quận 10,Hồ Chí Minh,4.9,103,Sinh tố/Nước ép/Sữa,189,10.763099670410156,106.67756652832031,25000
13087,Nước Mía Giàu,Cà Phê Sữa - 1 Ly,,20000,33,1,0,Quận 10,Hồ Chí Minh,4.9,103,Sinh tố/Nước ép/Sữa,189,10.763099670410156,106.67756652832031,25000
13087,Nước Mía Giàu,Cà Phê Đá - 1 Ly,,15000,7,0,0,Quận 10,Hồ Chí Minh,4.9,103,Sinh tố/Nước ép/Sữa,189,10.763099670410156,106.67756652832031,25000
13087,Nước Mía Giàu,Đá Bào Si Rô Sữa Bạc Hà Khổng Lồ ,Đá Bào Si Rô Sữa Bạc Hà ,25000,4,0,0,Quận 10,Hồ Chí Minh,4.9,103,Sinh tố/Nước ép/Sữa,189,10.763099670410156,106.67756652832031,25000
13087,Nước Mía Giàu,Đá Bào Si Rô Sữa Dưa Lưới Khổng Lồ ,Đá Bào Si Rô Dưa Lưới ,25000,0,0,0,Quận 10,Hồ Chí Minh,4.9,103,Sinh tố/Nước ép/Sữa,189,10.763099670410156,106.67756652832031,25000
13087,Nước Mía Giàu,Đá Bào Si Rô Sữa Đào Khổng Lồ ,Đá Bào Si Rô Sữa Đào ,25000,0,0,0,Quận 10,Hồ Chí Minh,4.9,103,Sinh tố/Nước ép/Sữa,189,10.763099670410156,106.67756652832031,25000
13087,Nước Mía Giàu,Đá Bào Si Rô Sữa Táo Xanh Khổng Lồ ,Đá Bào Si Rô Sữa Táo Xanh ,25000,0,0,0,Quận 10,Hồ Chí Minh,4.9,103,Sinh tố/Nước ép/Sữa,189,10.763099670410156,106.67756652832031,25000
13087,Nước Mía Giàu,Đá Bào Si Rô Sữa Dâu Khổng Lồ ,Đá Bào Si Rô Sữa Dâu,25000,2,0,0,Quận 10,Hồ Chí Minh,4.9,103,Sinh tố/Nước ép/Sữa,189,10.763099670410156,106.67756652832031,25000
13087,Nước Mía Giàu,Đá Bào Si Rô Sữa Sâm Dứa Khổng Lồ ,Đá Bào Si Rô Sữa Sâm Dứa ,25000,0,0,0,Quận 10,Hồ Chí Minh,4.9,103,Sinh tố/Nước ép/Sữa,189,10.763099670410156,106.67756652832031,25000
16183,Sâm Dừa Bà Năm - Hoàng Sa,Sâm dừa truyền thống,Cái dừa,32000,281,3,0,Quận 3,Hồ Chí Minh,4.9,28,Sinh tố/Nước ép/Sữa,189,10.783860206604004,106.6789779663086,34000
16183,Sâm Dừa Bà Năm - Hoàng Sa,Sâm dừa - chai,"Sâm chai 330ml chỉ gồm sâm, không có cái dừa",33000,94,1,0,Quận 3,Hồ Chí Minh,4.9,28,Sinh tố/Nước ép/Sữa,189,10.783860206604004,106.6789779663086,34000
16183,Sâm Dừa Bà Năm - Hoàng Sa,Sâm dừa đác sen,Sâm size lớn + cái dừa + hạt đác + hạt sen,40000,30,0,0,Quận 3,Hồ Chí Minh,4.9,28,Sinh tố/Nước ép/Sữa,189,10.783860206604004,106.6789779663086,34000
16183,Sâm Dừa Bà Năm - Hoàng Sa,Sâm dừa đác (Size lớn),Sân dừa với hạt đác rim giòn giòn,36000,29,2,0,Quận 3,Hồ Chí Minh,4.9,28,Sinh tố/Nước ép/Sữa,189,10.783860206604004,106.6789779663086,34000
16183,Sâm Dừa Bà Năm - Hoàng Sa,Sâm dừa sương sáo (Size lớn),Sâm dừa với thạch sương sáo giải nhiệt ,36000,3,0,0,Quận 3,Hồ Chí Minh,4.9,28,Sinh tố/Nước ép/Sữa,189,10.783860206604004,106.6789779663086,34000
16183,Sâm Dừa Bà Năm - Hoàng Sa,Dừa xiêm hạt đác,Size lớn + cái dừa + hạt đác,26000,15,3,0,Quận 3,Hồ Chí Minh,4.9,28,Sinh tố/Nước ép/Sữa,189,10.783860206604004,106.6789779663086,34000
16183,Sâm Dừa Bà Năm - Hoàng Sa,Dừa xiêm hạt sen,Size lớn + cái dừa + hạt sen,26000,7,0,0,Quận 3,Hồ Chí Minh,4.9,28,Sinh tố/Nước ép/Sữa,189,10.783860206604004,106.6789779663086,34000
16183,Sâm Dừa Bà Năm - Hoàng Sa,Combo 5 sâm dừa truyền thống,5 ly truyền thống size vừa. Tiết kiệm 12K,148000,5,0,0,Quận 3,Hồ Chí Minh,4.9,28,Sinh tố/Nước ép/Sữa,189,10.783860206604004,106.6789779663086,34000
16183,Sâm Dừa Bà Năm - Hoàng Sa,Combo 10 sâm dừa truyền thống,10 ly sâm truyền thống size vừa. Tiết kiệm 22K,299000,0,0,0,Quận 3,Hồ Chí Minh,4.9,28,Sinh tố/Nước ép/Sữa,189,10.783860206604004,106.6789779663086,34000
13853,Núp Coffee & Tea - Trường Sa,Cà Phê Kem Muối - Ly 700ml,,39000,23,0,0,Quận 3,Thành phố Hồ Chí Minh,4.9,2699,Cà Phê/Trà,189,10.785189628601074,106.68038177490234,39000
13853,Núp Coffee & Tea - Trường Sa,Cà Phê Kem Muối - Ly 1 Lít,,49000,16,1,0,Quận 3,Thành phố Hồ Chí Minh,4.9,2699,Cà Phê/Trà,189,10.785189628601074,106.68038177490234,39000
13853,Núp Coffee & Tea - Trường Sa,Sữa Tươi Sốt Cacao - Ly 1300ml,Món này không thể thay đổi được độ ngọt.,59000,9,0,0,Quận 3,Thành phố Hồ Chí Minh,4.9,2699,Cà Phê/Trà,189,10.785189628601074,106.68038177490234,39000
13853,Núp Coffee & Tea - Trường Sa,Sữa Tươi Sốt Cacao - Ly 1 Lít,Món này không thể thay đổi được độ ngọt.,49000,22,0,0,Quận 3,Thành phố Hồ Chí Minh,4.9,2699,Cà Phê/Trà,189,10.785189628601074,106.68038177490234,39000
13853,Núp Coffee & Tea - Trường Sa,Cà Phê Sữa Tươi - Ly 1300ml,Ly 1300ml dành cho 2 người uống. Giá chưa bao gồm topping (có thể mua thêm),45000,1635,26,0,Quận 3,Thành phố Hồ Chí Minh,4.9,2699,Cà Phê/Trà,189,10.785189628601074,106.68038177490234,39000
13853,Núp Coffee & Tea - Trường Sa,Trà Sữa Thái Đỏ Trân Châu Hoàng Kim - Ly 1300ml,,59000,523,13,0,Quận 3,Thành phố Hồ Chí Minh,4.9,2699,Cà Phê/Trà,189,10.785189628601074,106.68038177490234,39000
13853,Núp Coffee & Tea - Trường Sa,Trà Sữa Jasmine SIÊU Cacao - Ly 1300ml,Món này không thể điều chỉnh được mức đường. Ngon hơn khi dùng kèm thạch jelly choco.,49000,215,1,0,Quận 3,Thành phố Hồ Chí Minh,4.9,2699,Cà Phê/Trà,189,10.785189628601074,106.68038177490234,39000
13853,Núp Coffee & Tea - Trường Sa,Hồng/Lục Trà Sữa Khổng Lồ - Ly 1300ml,,39000,807,18,2,Quận 3,Thành phố Hồ Chí Minh,4.9,2699,Cà Phê/Trà,189,10.785189628601074,106.68038177490234,39000
13853,Núp Coffee & Tea - Trường Sa,Trà Sữa Đậu Biếc Bạc Hà - Ly 1300ml,,49000,244,5,0,Quận 3,Thành phố Hồ Chí Minh,4.9,2699,Cà Phê/Trà,189,10.785189628601074,106.68038177490234,39000
13853,Núp Coffee & Tea - Trường Sa,Matcha Sữa Tươi - Ly 700ml,,39000,837,17,1,Quận 3,Thành phố Hồ Chí Minh,4.9,2699,Cà Phê/Trà,189,10.785189628601074,106.68038177490234,39000
13853,Núp Coffee & Tea - Trường Sa,Matcha Sữa Tươi - Ly 1 Lít,,49000,401,6,0,Quận 3,Thành phố Hồ Chí Minh,4.9,2699,Cà Phê/Trà,189,10.785189628601074,106.68038177490234,39000
13853,Núp Coffee & Tea - Trường Sa,Matcha Sữa Yến Mạch - Ly 700ml,,45000,275,2,0,Quận 3,Thành phố Hồ Chí Minh,4.9,2699,Cà Phê/Trà,189,10.785189628601074,106.68038177490234,39000
13853,Núp Coffee & Tea - Trường Sa,Matcha Sữa Yến Mạch - Ly 1 Lít,,55000,164,2,0,Quận 3,Thành phố Hồ Chí Minh,4.9,2699,Cà Phê/Trà,189,10.785189628601074,106.68038177490234,39000
13853,Núp Coffee & Tea - Trường Sa,Matcha Sữa Tươi - Ly 1300ml,,59000,225,4,1,Quận 3,Thành phố Hồ Chí Minh,4.9,2699,Cà Phê/Trà,189,10.785189628601074,106.68038177490234,39000
13853,Núp Coffee & Tea - Trường Sa,Matcha Sữa Yến Mạch - Ly 1300ml,,65000,104,1,0,Quận 3,Thành phố Hồ Chí Minh,4.9,2699,Cà Phê/Trà,189,10.785189628601074,106.68038177490234,39000
13853,Núp Coffee & Tea - Trường Sa,Latte Khoai Môn (Sữa Tươi) - Ly 700ml,,35000,255,4,0,Quận 3,Thành phố Hồ Chí Minh,4.9,2699,Cà Phê/Trà,189,10.785189628601074,106.68038177490234,39000
13853,Núp Coffee & Tea - Trường Sa,Latte Khoai Môn (Sữa Yến Mạch) - Ly 700ml,,39000,96,1,0,Quận 3,Thành phố Hồ Chí Minh,4.9,2699,Cà Phê/Trà,189,10.785189628601074,106.68038177490234,39000
13853,Núp Coffee & Tea - Trường Sa,Latte Khoai Môn (Sữa Gấu) - Ly 700ml,,45000,77,1,0,Quận 3,Thành phố Hồ Chí Minh,4.9,2699,Cà Phê/Trà,189,10.785189628601074,106.68038177490234,39000
13853,Núp Coffee & Tea - Trường Sa,Latte Khoai Môn (Sữa Tươi) - Ly 1 Lít,,45000,47,1,0,Quận 3,Thành phố Hồ Chí Minh,4.9,2699,Cà Phê/Trà,189,10.785189628601074,106.68038177490234,39000
13853,Núp Coffee & Tea - Trường Sa,Latte Khoai Môn (Sữa Yến Mạch) - Ly 1 Lít,,49000,40,0,0,Quận 3,Thành phố Hồ Chí Minh,4.9,2699,Cà Phê/Trà,189,10.785189628601074,106.68038177490234,39000
13853,Núp Coffee & Tea - Trường Sa,Latte Khoai Môn (Sữa Tươi) - Ly 1300ml,,49000,55,0,0,Quận 3,Thành phố Hồ Chí Minh,4.9,2699,Cà Phê/Trà,189,10.785189628601074,106.68038177490234,39000
13853,Núp Coffee & Tea - Trường Sa,Latte Khoai Môn (Sữa Yến Mạch) - Ly 1300ml,,55000,41,3,0,Quận 3,Thành phố Hồ Chí Minh,4.9,2699,Cà Phê/Trà,189,10.785189628601074,106.68038177490234,39000
13853,Núp Coffee & Tea - Trường Sa,Nước Dừa Tắc Thơm Tươi - Ly 1 Lít,,39000,1146,11,0,Quận 3,Thành phố Hồ Chí Minh,4.9,2699,Cà Phê/Trà,189,10.785189628601074,106.68038177490234,39000
13853,Núp Coffee & Tea - Trường Sa,Trà Mãng Cầu Xiêm Núp,,39000,910,11,1,Quận 3,Thành phố Hồ Chí Minh,4.9,2699,Cà Phê/Trà,189,10.785189628601074,106.68038177490234,39000
13853,Núp Coffee & Tea - Trường Sa,Trà Mãng Cầu Xiêm Núp - Ly 1 Lít,,49000,507,5,1,Quận 3,Thành phố Hồ Chí Minh,4.9,2699,Cà Phê/Trà,189,10.785189628601074,106.68038177490234,39000
13853,Núp Coffee & Tea - Trường Sa,Trà Mãng Cầu Xiêm Thái Đỏ - Ly 1 Lít,,49000,248,3,1,Quận 3,Thành phố Hồ Chí Minh,4.9,2699,Cà Phê/Trà,189,10.785189628601074,106.68038177490234,39000
13853,Núp Coffee & Tea - Trường Sa,Trà Mãng Cầu Xiêm Thái Đỏ - Ly 700ml,,39000,355,3,0,Quận 3,Thành phố Hồ Chí Minh,4.9,2699,Cà Phê/Trà,189,10.785189628601074,106.68038177490234,39000
13853,Núp Coffee & Tea - Trường Sa,Lục Trà Nhài SIÊU VẢI - Ly 1 Lít,Ly trà vải siêu to siêu nhiều vải (10 trái) của Núp sẽ giúp thỏa mãn cơn thèm cho các tín đồ của trà vải lài.,69000,140,1,0,Quận 3,Thành phố Hồ Chí Minh,4.9,2699,Cà Phê/Trà,189,10.785189628601074,106.68038177490234,39000
13853,Núp Coffee & Tea - Trường Sa,Gấu Phê Sữa Nhà Núp,Cà phê nhà Núp kết hợp với sữa gấu Thái Lan với hương vị thơm béo đặc biệt.,45000,778,13,1,Quận 3,Thành phố Hồ Chí Minh,4.9,2699,Cà Phê/Trà,189,10.785189628601074,106.68038177490234,39000
13853,Núp Coffee & Tea - Trường Sa,Trà Sữa Đậu Biếc Bạc Hà - Ly 700ml,,45000,154,1,0,Quận 3,Thành phố Hồ Chí Minh,4.9,2699,Cà Phê/Trà,189,10.785189628601074,106.68038177490234,39000
13853,Núp Coffee & Tea - Trường Sa,Matcha Sữa Gấu Thái,,45000,831,13,0,Quận 3,Thành phố Hồ Chí Minh,4.9,2699,Cà Phê/Trà,189,10.785189628601074,106.68038177490234,39000
13853,Núp Coffee & Tea - Trường Sa,Sữa Yến Mạch Siêu Sương Sáo,,45000,31,1,0,Quận 3,Thành phố Hồ Chí Minh,4.9,2699,Cà Phê/Trà,189,10.785189628601074,106.68038177490234,39000
13853,Núp Coffee & Tea - Trường Sa,Matcha Sữa Chuối - Ly 700ml,,39000,163,0,0,Quận 3,Thành phố Hồ Chí Minh,4.9,2699,Cà Phê/Trà,189,10.785189628601074,106.68038177490234,39000
13853,Núp Coffee & Tea - Trường Sa,Cà Phê Sữa Chuối - Ly 700ml,,35000,82,1,0,Quận 3,Thành phố Hồ Chí Minh,4.9,2699,Cà Phê/Trà,189,10.785189628601074,106.68038177490234,39000
13853,Núp Coffee & Tea - Trường Sa,Nước dừa trân châu hoàng kim hạt chia,,35000,393,4,3,Quận 3,Thành phố Hồ Chí Minh,4.9,2699,Cà Phê/Trà,189,10.785189628601074,106.68038177490234,39000
13853,Núp Coffee & Tea - Trường Sa,Nước dừa thạch dừa sợi Đài Loan - ly 700ml,,35000,426,3,2,Quận 3,Thành phố Hồ Chí Minh,4.9,2699,Cà Phê/Trà,189,10.785189628601074,106.68038177490234,39000
13853,Núp Coffee & Tea - Trường Sa,Nước dừa tắc thơm tươi - ly 700ml,,35000,349,3,0,Quận 3,Thành phố Hồ Chí Minh,4.9,2699,Cà Phê/Trà,189,10.785189628601074,106.68038177490234,39000
13853,Núp Coffee & Tea - Trường Sa,Nước Dừa Nha Đam Bạc Hà - Ly 700ml,,35000,172,5,0,Quận 3,Thành phố Hồ Chí Minh,4.9,2699,Cà Phê/Trà,189,10.785189628601074,106.68038177490234,39000
13853,Núp Coffee & Tea - Trường Sa,Trà Sữa Thái Đỏ Trân Châu Hoàng Kim - Ly 700ml,,39000,2161,25,1,Quận 3,Thành phố Hồ Chí Minh,4.9,2699,Cà Phê/Trà,189,10.785189628601074,106.68038177490234,39000
13853,Núp Coffee & Tea - Trường Sa,Trà Sữa Thái Đỏ Trân Châu Hoàng Kim - Ly 1 Lít,,49000,538,14,0,Quận 3,Thành phố Hồ Chí Minh,4.9,2699,Cà Phê/Trà,189,10.785189628601074,106.68038177490234,39000
13853,Núp Coffee & Tea - Trường Sa,Trà Chanh Thái Đỏ Nha Đam - Ly 700ml,,45000,199,5,0,Quận 3,Thành phố Hồ Chí Minh,4.9,2699,Cà Phê/Trà,189,10.785189628601074,106.68038177490234,39000
13853,Núp Coffee & Tea - Trường Sa,Trà Thái Đỏ Latte - Ly 700ml,"Trà thái đỏ kết hợp với sữa tươi, vị béo thanh nhẹ nhưng vẫn đậm vị trà, giá bán chưa bao gồm topping.",35000,132,5,0,Quận 3,Thành phố Hồ Chí Minh,4.9,2699,Cà Phê/Trà,189,10.785189628601074,106.68038177490234,39000
13853,Núp Coffee & Tea - Trường Sa,Cà Phê Sữa Tươi,,30000,2831,42,0,Quận 3,Thành phố Hồ Chí Minh,4.9,2699,Cà Phê/Trà,189,10.785189628601074,106.68038177490234,39000
13853,Núp Coffee & Tea - Trường Sa,Cà Phê Sữa Tươi Hạnh Nhân Nướng,,35000,1057,4,0,Quận 3,Thành phố Hồ Chí Minh,4.9,2699,Cà Phê/Trà,189,10.785189628601074,106.68038177490234,39000
13853,Núp Coffee & Tea - Trường Sa,Cà Phê Sữa Tươi Caramel,,35000,345,2,0,Quận 3,Thành phố Hồ Chí Minh,4.9,2699,Cà Phê/Trà,189,10.785189628601074,106.68038177490234,39000
13853,Núp Coffee & Tea - Trường Sa,Cà Phê Sữa Tươi 3 Tầng,,35000,148,1,0,Quận 3,Thành phố Hồ Chí Minh,4.9,2699,Cà Phê/Trà,189,10.785189628601074,106.68038177490234,39000
13853,Núp Coffee & Tea - Trường Sa,Cà Phê Chanh Tươi Thạch Agar,,35000,40,1,1,Quận 3,Thành phố Hồ Chí Minh,4.9,2699,Cà Phê/Trà,189,10.785189628601074,106.68038177490234,39000
13853,Núp Coffee & Tea - Trường Sa,Cà Phê Sữa Tươi Bạc Hà,,45000,166,9,0,Quận 3,Thành phố Hồ Chí Minh,4.9,2699,Cà Phê/Trà,189,10.785189628601074,106.68038177490234,39000
13853,Núp Coffee & Tea - Trường Sa,Cà Phê Sữa Dừa Bến Tre,,35000,208,4,0,Quận 3,Thành phố Hồ Chí Minh,4.9,2699,Cà Phê/Trà,189,10.785189628601074,106.68038177490234,39000
13853,Núp Coffee & Tea - Trường Sa,Cà Phê Sữa Yến Mạch Oatside,,35000,236,0,0,Quận 3,Thành phố Hồ Chí Minh,4.9,2699,Cà Phê/Trà,189,10.785189628601074,106.68038177490234,39000
13853,Núp Coffee & Tea - Trường Sa,Cà Phê Sữa Tươi Sương Sáo,,35000,137,1,0,Quận 3,Thành phố Hồ Chí Minh,4.9,2699,Cà Phê/Trà,189,10.785189628601074,106.68038177490234,39000
13853,Núp Coffee & Tea - Trường Sa,Cà Phê Sữa Tươi Đặc Biệt - Ly 1 Lít,Ly 1 lít thêm đầy thạch cà phê và bánh flan,49000,593,18,1,Quận 3,Thành phố Hồ Chí Minh,4.9,2699,Cà Phê/Trà,189,10.785189628601074,106.68038177490234,39000
13853,Núp Coffee & Tea - Trường Sa,Cà Phê Sữa Tươi - Ly 1 Lít,,35000,2148,31,1,Quận 3,Thành phố Hồ Chí Minh,4.9,2699,Cà Phê/Trà,189,10.785189628601074,106.68038177490234,39000
13853,Núp Coffee & Tea - Trường Sa,Sữa Tươi TCHK Đường Đen - Ly 1 Lít,,45000,149,2,0,Quận 3,Thành phố Hồ Chí Minh,4.9,2699,Cà Phê/Trà,189,10.785189628601074,106.68038177490234,39000
13853,Núp Coffee & Tea - Trường Sa,Cà Phê Sữa Tươi Sương Sáo - Ly 1 Lít,,39000,405,7,0,Quận 3,Thành phố Hồ Chí Minh,4.9,2699,Cà Phê/Trà,189,10.785189628601074,106.68038177490234,39000
13853,Núp Coffee & Tea - Trường Sa,Cà Phê Sữa Tươi SIÊU Bánh Flan - Ly 1 Lít,Ly 1 lít kèm 3 chiếc bánh bánh flan caramel cực thơm béo nhà Núp,59000,295,6,0,Quận 3,Thành phố Hồ Chí Minh,4.9,2699,Cà Phê/Trà,189,10.785189628601074,106.68038177490234,39000
13853,Núp Coffee & Tea - Trường Sa,Cà Phê Sữa Tươi SIÊU Trân Châu Hoàng Kim - Ly 1 Lít,Ly 1 lít kèm 3 phần trân châu hoàng kim cực ngon nhà Núp,59000,129,0,0,Quận 3,Thành phố Hồ Chí Minh,4.9,2699,Cà Phê/Trà,189,10.785189628601074,106.68038177490234,39000
13853,Núp Coffee & Tea - Trường Sa,Cà Phê Sữa Tươi Hạnh Nhân - Ly 1 Lít,,45000,477,7,2,Quận 3,Thành phố Hồ Chí Minh,4.9,2699,Cà Phê/Trà,189,10.785189628601074,106.68038177490234,39000
13853,Núp Coffee & Tea - Trường Sa,Cà Phê Sữa Gạo Hàn Quốc - Ly 1 Lít,,45000,152,2,0,Quận 3,Thành phố Hồ Chí Minh,4.9,2699,Cà Phê/Trà,189,10.785189628601074,106.68038177490234,39000
13853,Núp Coffee & Tea - Trường Sa,Sữa Tươi Sương Sáo Đường Đen - Ly 1 Lít,,45000,75,1,0,Quận 3,Thành phố Hồ Chí Minh,4.9,2699,Cà Phê/Trà,189,10.785189628601074,106.68038177490234,39000
13853,Núp Coffee & Tea - Trường Sa,Cà Phê Sữa Tươi Caramel - Ly 1 Lít,,45000,142,0,0,Quận 3,Thành phố Hồ Chí Minh,4.9,2699,Cà Phê/Trà,189,10.785189628601074,106.68038177490234,39000
13853,Núp Coffee & Tea - Trường Sa,Bánh Gấu Nhân Kem Sữa 200g,,39000,347,8,0,Quận 3,Thành phố Hồ Chí Minh,4.9,2699,Cà Phê/Trà,189,10.785189628601074,106.68038177490234,39000
13853,Núp Coffee & Tea - Trường Sa,2 Hủ Bánh Flan Caramel Nhà Làm,,20000,190,2,0,Quận 3,Thành phố Hồ Chí Minh,4.9,2699,Cà Phê/Trà,189,10.785189628601074,106.68038177490234,39000
13853,Núp Coffee & Tea - Trường Sa,Bắp Rang Vị Phô Mai,,35000,67,0,0,Quận 3,Thành phố Hồ Chí Minh,4.9,2699,Cà Phê/Trà,189,10.785189628601074,106.68038177490234,39000
13853,Núp Coffee & Tea - Trường Sa,Khô Heo Cháy Tỏi 50g,,19000,108,1,0,Quận 3,Thành phố Hồ Chí Minh,4.9,2699,Cà Phê/Trà,189,10.785189628601074,106.68038177490234,39000
13853,Núp Coffee & Tea - Trường Sa,Khô Bò Sợi 50g,,19000,123,1,0,Quận 3,Thành phố Hồ Chí Minh,4.9,2699,Cà Phê/Trà,189,10.785189628601074,106.68038177490234,39000
13853,Núp Coffee & Tea - Trường Sa,Khô Mực Xé Sợi 50g,,29000,61,0,0,Quận 3,Thành phố Hồ Chí Minh,4.9,2699,Cà Phê/Trà,189,10.785189628601074,106.68038177490234,39000
13853,Núp Coffee & Tea - Trường Sa,Trà Vải Hạt Chia,,39000,376,2,0,Quận 3,Thành phố Hồ Chí Minh,4.9,2699,Cà Phê/Trà,189,10.785189628601074,106.68038177490234,39000
13853,Núp Coffee & Tea - Trường Sa,Lục Trà Quýt Đặc Biệt,,45000,352,4,0,Quận 3,Thành phố Hồ Chí Minh,4.9,2699,Cà Phê/Trà,189,10.785189628601074,106.68038177490234,39000
13853,Núp Coffee & Tea - Trường Sa,Lục Trà Mật Ong,,35000,271,3,1,Quận 3,Thành phố Hồ Chí Minh,4.9,2699,Cà Phê/Trà,189,10.785189628601074,106.68038177490234,39000
13853,Núp Coffee & Tea - Trường Sa,Lục Trà Chanh Tươi,,35000,177,3,1,Quận 3,Thành phố Hồ Chí Minh,4.9,2699,Cà Phê/Trà,189,10.785189628601074,106.68038177490234,39000
13853,Núp Coffee & Tea - Trường Sa,Hồng Trà Sương Sáo,,35000,113,2,0,Quận 3,Thành phố Hồ Chí Minh,4.9,2699,Cà Phê/Trà,189,10.785189628601074,106.68038177490234,39000
13853,Núp Coffee & Tea - Trường Sa,Trà Tắc Xí Muội Thạch Trà,,39000,208,1,0,Quận 3,Thành phố Hồ Chí Minh,4.9,2699,Cà Phê/Trà,189,10.785189628601074,106.68038177490234,39000
13853,Núp Coffee & Tea - Trường Sa,Trà Assam Bí Đao,,30000,136,1,0,Quận 3,Thành phố Hồ Chí Minh,4.9,2699,Cà Phê/Trà,189,10.785189628601074,106.68038177490234,39000
13853,Núp Coffee & Tea - Trường Sa,Trà Chanh Bí Đao Đặc Biệt,,45000,54,0,0,Quận 3,Thành phố Hồ Chí Minh,4.9,2699,Cà Phê/Trà,189,10.785189628601074,106.68038177490234,39000
13853,Núp Coffee & Tea - Trường Sa,Trà Chanh Mật Ong Đặc Biệt,,45000,131,1,0,Quận 3,Thành phố Hồ Chí Minh,4.9,2699,Cà Phê/Trà,189,10.785189628601074,106.68038177490234,39000
13853,Núp Coffee & Tea - Trường Sa,Trà May Mắn (Lucky Tea),,35000,142,1,0,Quận 3,Thành phố Hồ Chí Minh,4.9,2699,Cà Phê/Trà,189,10.785189628601074,106.68038177490234,39000
13853,Núp Coffee & Tea - Trường Sa,Hồng Trà Assam,,28000,70,1,0,Quận 3,Thành phố Hồ Chí Minh,4.9,2699,Cà Phê/Trà,189,10.785189628601074,106.68038177490234,39000
13853,Núp Coffee & Tea - Trường Sa,Hồng Trà Chanh Tươi,,35000,23,1,1,Quận 3,Thành phố Hồ Chí Minh,4.9,2699,Cà Phê/Trà,189,10.785189628601074,106.68038177490234,39000
13853,Núp Coffee & Tea - Trường Sa,Lục Trà Sương Sáo,,35000,15,0,0,Quận 3,Thành phố Hồ Chí Minh,4.9,2699,Cà Phê/Trà,189,10.785189628601074,106.68038177490234,39000
13853,Núp Coffee & Tea - Trường Sa,Lục Trà Jasmine,,28000,45,0,0,Quận 3,Thành phố Hồ Chí Minh,4.9,2699,Cà Phê/Trà,189,10.785189628601074,106.68038177490234,39000
13853,Núp Coffee & Tea - Trường Sa,Trà Sữa Kem Trứng Dừa Nướng,,45000,107,1,0,Quận 3,Thành phố Hồ Chí Minh,4.9,2699,Cà Phê/Trà,189,10.785189628601074,106.68038177490234,39000
13853,Núp Coffee & Tea - Trường Sa,Lục Trà Sữa Dâu Thạch Agar,,45000,45,1,0,Quận 3,Thành phố Hồ Chí Minh,4.9,2699,Cà Phê/Trà,189,10.785189628601074,106.68038177490234,39000
13853,Núp Coffee & Tea - Trường Sa,Trà Sữa Khoai Môn Thạch Dừa Sợi,,45000,123,2,1,Quận 3,Thành phố Hồ Chí Minh,4.9,2699,Cà Phê/Trà,189,10.785189628601074,106.68038177490234,39000
13853,Núp Coffee & Tea - Trường Sa,Lục Trà Sữa Mật Ong,,39000,155,1,0,Quận 3,Thành phố Hồ Chí Minh,4.9,2699,Cà Phê/Trà,189,10.785189628601074,106.68038177490234,39000
13853,Núp Coffee & Tea - Trường Sa,Hồng Trà Sữa,,30000,298,3,0,Quận 3,Thành phố Hồ Chí Minh,4.9,2699,Cà Phê/Trà,189,10.785189628601074,106.68038177490234,39000
13853,Núp Coffee & Tea - Trường Sa,Hồng Trà Sữa Trân Châu Hoàng Kim,,37000,1439,13,1,Quận 3,Thành phố Hồ Chí Minh,4.9,2699,Cà Phê/Trà,189,10.785189628601074,106.68038177490234,39000
13853,Núp Coffee & Tea - Trường Sa,Trà Xanh Sữa Đài Loan,,35000,75,1,0,Quận 3,Thành phố Hồ Chí Minh,4.9,2699,Cà Phê/Trà,189,10.785189628601074,106.68038177490234,39000
13853,Núp Coffee & Tea - Trường Sa,Hồng Trà Sữa Sương Sáo,,37000,113,3,1,Quận 3,Thành phố Hồ Chí Minh,4.9,2699,Cà Phê/Trà,189,10.785189628601074,106.68038177490234,39000
13853,Núp Coffee & Tea - Trường Sa,Trà Sữa Caramel,,35000,61,0,0,Quận 3,Thành phố Hồ Chí Minh,4.9,2699,Cà Phê/Trà,189,10.785189628601074,106.68038177490234,39000
13853,Núp Coffee & Tea - Trường Sa,Trà Sữa Hạt Phỉ,,35000,107,2,0,Quận 3,Thành phố Hồ Chí Minh,4.9,2699,Cà Phê/Trà,189,10.785189628601074,106.68038177490234,39000
13853,Núp Coffee & Tea - Trường Sa,Trà Sữa Bí Đao,,35000,40,1,0,Quận 3,Thành phố Hồ Chí Minh,4.9,2699,Cà Phê/Trà,189,10.785189628601074,106.68038177490234,39000
13853,Núp Coffee & Tea - Trường Sa,Trà Sữa Jasmine Cacao,,35000,210,6,1,Quận 3,Thành phố Hồ Chí Minh,4.9,2699,Cà Phê/Trà,189,10.785189628601074,106.68038177490234,39000
13853,Núp Coffee & Tea - Trường Sa,Hồng Trà Sữa Tươi (latte),,35000,54,1,0,Quận 3,Thành phố Hồ Chí Minh,4.9,2699,Cà Phê/Trà,189,10.785189628601074,106.68038177490234,39000
13853,Núp Coffee & Tea - Trường Sa,Lục Trà Sữa Tươi (latte),,35000,33,0,0,Quận 3,Thành phố Hồ Chí Minh,4.9,2699,Cà Phê/Trà,189,10.785189628601074,106.68038177490234,39000
13853,Núp Coffee & Tea - Trường Sa,Lục Trà Sữa,,30000,36,2,0,Quận 3,Thành phố Hồ Chí Minh,4.9,2699,Cà Phê/Trà,189,10.785189628601074,106.68038177490234,39000
13853,Núp Coffee & Tea - Trường Sa,Lục Trà Sữa Sương Sáo,,37000,14,0,0,Quận 3,Thành phố Hồ Chí Minh,4.9,2699,Cà Phê/Trà,189,10.785189628601074,106.68038177490234,39000
13853,Núp Coffee & Tea - Trường Sa,Lục Trà Sữa Trân Châu Hoàng Kim,,37000,114,1,0,Quận 3,Thành phố Hồ Chí Minh,4.9,2699,Cà Phê/Trà,189,10.785189628601074,106.68038177490234,39000
13853,Núp Coffee & Tea - Trường Sa,Hồng Trà Sữa Mật Ong,,39000,11,0,0,Quận 3,Thành phố Hồ Chí Minh,4.9,2699,Cà Phê/Trà,189,10.785189628601074,106.68038177490234,39000
13853,Núp Coffee & Tea - Trường Sa,Sữa Tươi Trân Châu Hoàng Kim Đường Đen,,35000,385,6,1,Quận 3,Thành phố Hồ Chí Minh,4.9,2699,Cà Phê/Trà,189,10.785189628601074,106.68038177490234,39000
13853,Núp Coffee & Tea - Trường Sa,Trà Sữa Đường Đen Trân Châu Hoàng Kim,,45000,50,0,0,Quận 3,Thành phố Hồ Chí Minh,4.9,2699,Cà Phê/Trà,189,10.785189628601074,106.68038177490234,39000
13853,Núp Coffee & Tea - Trường Sa,Cacao Đường Đen Trân Châu Hoàng Kim,,45000,97,3,0,Quận 3,Thành phố Hồ Chí Minh,4.9,2699,Cà Phê/Trà,189,10.785189628601074,106.68038177490234,39000
13853,Núp Coffee & Tea - Trường Sa,Sữa Tươi Đường Đen Sương Sáo,,35000,54,4,0,Quận 3,Thành phố Hồ Chí Minh,4.9,2699,Cà Phê/Trà,189,10.785189628601074,106.68038177490234,39000
13853,Núp Coffee & Tea - Trường Sa,Sữa Gạo Hàn Quốc,,30000,295,3,0,Quận 3,Thành phố Hồ Chí Minh,4.9,2699,Cà Phê/Trà,189,10.785189628601074,106.68038177490234,39000
13853,Núp Coffee & Tea - Trường Sa,Sữa Gạo Mứt Dâu,,39000,50,0,1,Quận 3,Thành phố Hồ Chí Minh,4.9,2699,Cà Phê/Trà,189,10.785189628601074,106.68038177490234,39000
13853,Núp Coffee & Tea - Trường Sa,Cà Phê Sữa Gạo,,35000,109,1,0,Quận 3,Thành phố Hồ Chí Minh,4.9,2699,Cà Phê/Trà,189,10.785189628601074,106.68038177490234,39000
13853,Núp Coffee & Tea - Trường Sa,Hồng Trà Sữa SIÊU Trân Châu Hoàng Kim,,59000,37,1,0,Quận 3,Thành phố Hồ Chí Minh,4.9,2699,Cà Phê/Trà,189,10.785189628601074,106.68038177490234,39000
13853,Núp Coffee & Tea - Trường Sa,Dừa Tươi Trân Châu Hoàng Kim,,35000,95,4,0,Quận 3,Thành phố Hồ Chí Minh,4.9,2699,Cà Phê/Trà,189,10.785189628601074,106.68038177490234,39000
13853,Núp Coffee & Tea - Trường Sa,Lục Trà Sữa SIÊU Trân Châu Hoàng Kim,,59000,6,0,0,Quận 3,Thành phố Hồ Chí Minh,4.9,2699,Cà Phê/Trà,189,10.785189628601074,106.68038177490234,39000
13853,Núp Coffee & Tea - Trường Sa,Matcha Latte Dâu,,45000,54,1,0,Quận 3,Thành phố Hồ Chí Minh,4.9,2699,Cà Phê/Trà,189,10.785189628601074,106.68038177490234,39000
13853,Núp Coffee & Tea - Trường Sa,Hồng Trà Milkfoam,,35000,99,0,1,Quận 3,Thành phố Hồ Chí Minh,4.9,2699,Cà Phê/Trà,189,10.785189628601074,106.68038177490234,39000
13853,Núp Coffee & Tea - Trường Sa,Cacao Milkfoam,,40000,154,1,0,Quận 3,Thành phố Hồ Chí Minh,4.9,2699,Cà Phê/Trà,189,10.785189628601074,106.68038177490234,39000
13853,Núp Coffee & Tea - Trường Sa,Matcha Milkfoam,,45000,115,2,0,Quận 3,Thành phố Hồ Chí Minh,4.9,2699,Cà Phê/Trà,189,10.785189628601074,106.68038177490234,39000
13853,Núp Coffee & Tea - Trường Sa,Lục Trà Milkfoam,,35000,15,3,0,Quận 3,Thành phố Hồ Chí Minh,4.9,2699,Cà Phê/Trà,189,10.785189628601074,106.68038177490234,39000
13853,Núp Coffee & Tea - Trường Sa,Sữa Tươi Sốt Cacao - Ly 700ml,Món này không thể thay đổi độ ngọt.,39000,62,1,0,Quận 3,Thành phố Hồ Chí Minh,4.9,2699,Cà Phê/Trà,189,10.785189628601074,106.68038177490234,39000
13853,Núp Coffee & Tea - Trường Sa,Sữa Yến Mạch Sốt Cacao - Ly 700ml,Món này không thề thay đổi độ ngọt.,45000,13,0,0,Quận 3,Thành phố Hồ Chí Minh,4.9,2699,Cà Phê/Trà,189,10.785189628601074,106.68038177490234,39000
13853,Núp Coffee & Tea - Trường Sa,Sữa Gấu Sốt Cacao - Ly 700ml,Món này không thề thay đổi độ ngọt.,45000,40,0,0,Quận 3,Thành phố Hồ Chí Minh,4.9,2699,Cà Phê/Trà,189,10.785189628601074,106.68038177490234,39000
13853,Núp Coffee & Tea - Trường Sa,Sữa Chuối Sốt Cacao - Ly 700ml,Món này không thề thay đổi độ ngọt.,45000,26,0,0,Quận 3,Thành phố Hồ Chí Minh,4.9,2699,Cà Phê/Trà,189,10.785189628601074,106.68038177490234,39000
10005,123 Juicy - Nước Ép Trái Cây Tươi - Nam Kỳ Khởi Nghĩa,Nước ép Táo - Ổi 250ml,"Táo, Ổi ép chậm. Không đường, không đá",44000,40,0,0,Quận 3,Hồ Chí Minh,4.9,215,Sinh tố/Nước ép/Sữa,189,10.788979530334473,106.68473052978516,54000
10005,123 Juicy - Nước Ép Trái Cây Tươi - Nam Kỳ Khởi Nghĩa,Nước ép Táo - Ổi 330ml,"Táo, Ổi ép chậm. Không đường, không đá",54000,46,3,0,Quận 3,Hồ Chí Minh,4.9,215,Sinh tố/Nước ép/Sữa,189,10.788979530334473,106.68473052978516,54000
10005,123 Juicy - Nước Ép Trái Cây Tươi - Nam Kỳ Khởi Nghĩa,Nước ép Táo - Ổi 330ml (thủy tinh),"Táo, Ổi ép chậm. Không đường, không đá (10 vỏ chai thủy tinh -> đổi 1 chai nước ép  bất kì tại cửa hàng)",64000,9,0,0,Quận 3,Hồ Chí Minh,4.9,215,Sinh tố/Nước ép/Sữa,189,10.788979530334473,106.68473052978516,54000
10005,123 Juicy - Nước Ép Trái Cây Tươi - Nam Kỳ Khởi Nghĩa,Nước ép Táo - Thơm 250ml,"Táo, Thơm ép chậm. Không đường, không đá",44000,47,0,0,Quận 3,Hồ Chí Minh,4.9,215,Sinh tố/Nước ép/Sữa,189,10.788979530334473,106.68473052978516,54000
10005,123 Juicy - Nước Ép Trái Cây Tươi - Nam Kỳ Khởi Nghĩa,Nước ép Táo - Thơm 330ml,"Táo, Thơm ép chậm. Không đường, không đá",54000,138,1,0,Quận 3,Hồ Chí Minh,4.9,215,Sinh tố/Nước ép/Sữa,189,10.788979530334473,106.68473052978516,54000
10005,123 Juicy - Nước Ép Trái Cây Tươi - Nam Kỳ Khởi Nghĩa,Nước ép Táo - Thơm 330ml (thủy tinh),"Táo, Thơm ép chậm. Không đường, không đá. (10 vỏ chai thủy tinh -> đổi 1 chai nước ép  bất kì tại cửa hàng)",64000,13,0,0,Quận 3,Hồ Chí Minh,4.9,215,Sinh tố/Nước ép/Sữa,189,10.788979530334473,106.68473052978516,54000
10005,123 Juicy - Nước Ép Trái Cây Tươi - Nam Kỳ Khởi Nghĩa,Nước ép Táo - Thơm - Chanh dây 250ml,"Táo, Thơm và chanh dây ép chậm. Không đường, không đá (10 vỏ chai thủy tinh -> đổi 1 chai nước ép  bất kì tại cửa hàng)",44000,26,0,0,Quận 3,Hồ Chí Minh,4.9,215,Sinh tố/Nước ép/Sữa,189,10.788979530334473,106.68473052978516,54000
10005,123 Juicy - Nước Ép Trái Cây Tươi - Nam Kỳ Khởi Nghĩa,Nước ép Táo - Thơm - Chanh dây 330ml,"Táo, Thơm và chanh dây ép chậm. Không đường, không đá",54000,35,3,0,Quận 3,Hồ Chí Minh,4.9,215,Sinh tố/Nước ép/Sữa,189,10.788979530334473,106.68473052978516,54000
10005,123 Juicy - Nước Ép Trái Cây Tươi - Nam Kỳ Khởi Nghĩa,Nước ép Táo - Thơm - Chanh dây 330ml (thủy tinh),"Táo, Thơm và chanh dây ép chậm. Không đường, không đá.(10 vỏ chai thủy tinh -> đổi 1 chai nước ép  bất kì tại cửa hàng)",64000,4,0,0,Quận 3,Hồ Chí Minh,4.9,215,Sinh tố/Nước ép/Sữa,189,10.788979530334473,106.68473052978516,54000
10005,123 Juicy - Nước Ép Trái Cây Tươi - Nam Kỳ Khởi Nghĩa,Nước ép Cam - Mật ong - Hạt chia 250ml,"Cam, Mật ong, Hạt chia. Không đường, không đá",44000,44,0,0,Quận 3,Hồ Chí Minh,4.9,215,Sinh tố/Nước ép/Sữa,189,10.788979530334473,106.68473052978516,54000
10005,123 Juicy - Nước Ép Trái Cây Tươi - Nam Kỳ Khởi Nghĩa,Nước ép Cam - mật ong - Hạt chia 330ml,"Cam, Mật ong, Hạt chia. Không đường, không đá",54000,66,0,0,Quận 3,Hồ Chí Minh,4.9,215,Sinh tố/Nước ép/Sữa,189,10.788979530334473,106.68473052978516,54000
10005,123 Juicy - Nước Ép Trái Cây Tươi - Nam Kỳ Khởi Nghĩa,Nước ép Cam - Mật ong - Hạt chia 330ml  (thủy tinh),"Cam, Mật ong, Hạt chia. Không đường, không đá (10 vỏ chai thủy tinh -> đổi 1 chai nước ép  bất kì tại cửa hàng)",64000,11,0,0,Quận 3,Hồ Chí Minh,4.9,215,Sinh tố/Nước ép/Sữa,189,10.788979530334473,106.68473052978516,54000
10005,123 Juicy - Nước Ép Trái Cây Tươi - Nam Kỳ Khởi Nghĩa,Nước ép Cam - thơm - cà rốt 250ml,"Cam, Thơm, Cà rốt Đà Lạt ép chậm. Không đường, không đá",44000,33,0,0,Quận 3,Hồ Chí Minh,4.9,215,Sinh tố/Nước ép/Sữa,189,10.788979530334473,106.68473052978516,54000
10005,123 Juicy - Nước Ép Trái Cây Tươi - Nam Kỳ Khởi Nghĩa,Nước ép Cam thơm cà rốt 330ml,"Cam, Thơm, Cà rốt Đà Lạt ép chậm. Không đường, không đá",54000,74,0,1,Quận 3,Hồ Chí Minh,4.9,215,Sinh tố/Nước ép/Sữa,189,10.788979530334473,106.68473052978516,54000
10005,123 Juicy - Nước Ép Trái Cây Tươi - Nam Kỳ Khởi Nghĩa,Nước ép Cam thơm cà rốt 330ml (thủy tinh),"Cam, Thơm, Cà rốt Đà Lạt ép chậm. Không đường, không đá. (10 vỏ chai thủy tinh -> đổi 1 chai nước ép  bất kì tại cửa hàng)",64000,12,1,0,Quận 3,Hồ Chí Minh,4.9,215,Sinh tố/Nước ép/Sữa,189,10.788979530334473,106.68473052978516,54000
10005,123 Juicy - Nước Ép Trái Cây Tươi - Nam Kỳ Khởi Nghĩa,Nước ép cóc táo mật ong 250ml,"Cóc, Táo, Mật ong ép chậm. Không đường, không đá",44000,14,0,0,Quận 3,Hồ Chí Minh,4.9,215,Sinh tố/Nước ép/Sữa,189,10.788979530334473,106.68473052978516,54000
10005,123 Juicy - Nước Ép Trái Cây Tươi - Nam Kỳ Khởi Nghĩa,Nước ép cóc táo mật ong 330ml,"Cóc, Táo, Mật ong ép chậm. Không đường, không đá",54000,15,0,0,Quận 3,Hồ Chí Minh,4.9,215,Sinh tố/Nước ép/Sữa,189,10.788979530334473,106.68473052978516,54000
10005,123 Juicy - Nước Ép Trái Cây Tươi - Nam Kỳ Khởi Nghĩa,Nước ép cóc táo mật ong 330ml (thủy tinh),"Cóc, Táo, Mật ong ép chậm. Không đường, không đá (10 vỏ chai thủy tinh -> đổi 1 chai nước ép  bất kì tại cửa hàng)",64000,7,0,0,Quận 3,Hồ Chí Minh,4.9,215,Sinh tố/Nước ép/Sữa,189,10.788979530334473,106.68473052978516,54000
10005,123 Juicy - Nước Ép Trái Cây Tươi - Nam Kỳ Khởi Nghĩa,Nước ép cóc táo ổi 250ml,"Cóc, Táo, Ổi ép chậm. Không đường, không đá",44000,29,0,0,Quận 3,Hồ Chí Minh,4.9,215,Sinh tố/Nước ép/Sữa,189,10.788979530334473,106.68473052978516,54000
10005,123 Juicy - Nước Ép Trái Cây Tươi - Nam Kỳ Khởi Nghĩa,Nước ép cóc táo ổi 330ml,"Cóc, Táo, Ổi ép chậm. Không đường, không đá",54000,25,1,0,Quận 3,Hồ Chí Minh,4.9,215,Sinh tố/Nước ép/Sữa,189,10.788979530334473,106.68473052978516,54000
10005,123 Juicy - Nước Ép Trái Cây Tươi - Nam Kỳ Khởi Nghĩa,Nước ép cóc táo ổi 330ml (thủy tinh),"Cóc, Táo, Ổi ép chậm. Không đường, không đá (10 vỏ chai thủy tinh -> đổi 1 chai nước ép  bất kì tại cửa hàng)",64000,3,0,0,Quận 3,Hồ Chí Minh,4.9,215,Sinh tố/Nước ép/Sữa,189,10.788979530334473,106.68473052978516,54000
10005,123 Juicy - Nước Ép Trái Cây Tươi - Nam Kỳ Khởi Nghĩa,Nước ép dền táo thơm gừng 250ml,"Dền, Táo, Thơm, Gừng ép chậm. Không đường, không đá",44000,23,0,0,Quận 3,Hồ Chí Minh,4.9,215,Sinh tố/Nước ép/Sữa,189,10.788979530334473,106.68473052978516,54000
10005,123 Juicy - Nước Ép Trái Cây Tươi - Nam Kỳ Khởi Nghĩa,Nước ép dền táo thơm gừng 330ml,"Dền, Táo, Thơm, Gừng ép chậm. Không đường, không đá",54000,27,0,0,Quận 3,Hồ Chí Minh,4.9,215,Sinh tố/Nước ép/Sữa,189,10.788979530334473,106.68473052978516,54000
10005,123 Juicy - Nước Ép Trái Cây Tươi - Nam Kỳ Khởi Nghĩa,Nước ép dền táo thơm gừng 330ml (thủy tinh),"Dền, Táo, Thơm, Gừng ép chậm. Không đường, không đá",64000,4,0,1,Quận 3,Hồ Chí Minh,4.9,215,Sinh tố/Nước ép/Sữa,189,10.788979530334473,106.68473052978516,54000
10005,123 Juicy - Nước Ép Trái Cây Tươi - Nam Kỳ Khởi Nghĩa,Nước ép dền táo thơm chanh dây 250ml,"Dền, Táo, Thơm, Chanh dây ép chậm. Không đường, không đá",44000,10,0,0,Quận 3,Hồ Chí Minh,4.9,215,Sinh tố/Nước ép/Sữa,189,10.788979530334473,106.68473052978516,54000
10005,123 Juicy - Nước Ép Trái Cây Tươi - Nam Kỳ Khởi Nghĩa,Nước ép dền táo thơm chanh dây 330ml,"Dền, Táo, Thơm, Chanh dây ép chậm. Không đường, không đá",54000,20,0,0,Quận 3,Hồ Chí Minh,4.9,215,Sinh tố/Nước ép/Sữa,189,10.788979530334473,106.68473052978516,54000
10005,123 Juicy - Nước Ép Trái Cây Tươi - Nam Kỳ Khởi Nghĩa,Nước ép dền táo thơm chanh dây 330ml (thủy tinh),"Dền, Táo, Thơm, Chanh dây ép chậm. Không đường, không đá",64000,2,0,0,Quận 3,Hồ Chí Minh,4.9,215,Sinh tố/Nước ép/Sữa,189,10.788979530334473,106.68473052978516,54000
10005,123 Juicy - Nước Ép Trái Cây Tươi - Nam Kỳ Khởi Nghĩa,Nước ép cần táo thơm gừng chanh 250ml,"Cần tây, Táo, Thơm, Gừng, Chanh ép chậm. Không đường, không đá",44000,48,0,0,Quận 3,Hồ Chí Minh,4.9,215,Sinh tố/Nước ép/Sữa,189,10.788979530334473,106.68473052978516,54000
10005,123 Juicy - Nước Ép Trái Cây Tươi - Nam Kỳ Khởi Nghĩa,Nước ép cần táo thơm gừng chanh 330ml,"Cần tây, Táo, Thơm, Gừng, Chanh ép chậm. Không đường, không đá",54000,156,0,0,Quận 3,Hồ Chí Minh,4.9,215,Sinh tố/Nước ép/Sữa,189,10.788979530334473,106.68473052978516,54000
10005,123 Juicy - Nước Ép Trái Cây Tươi - Nam Kỳ Khởi Nghĩa,Nước ép cần táo thơm gừng chanh 330ml (thủy tinh),"Cần tây, Táo, Thơm, Gừng, Chanh ép chậm. Không đường, không đá (10 vỏ chai thủy tinh -> đổi 1 chai nước ép  bất kì tại cửa hàng)",64000,18,0,0,Quận 3,Hồ Chí Minh,4.9,215,Sinh tố/Nước ép/Sữa,189,10.788979530334473,106.68473052978516,54000
10005,123 Juicy - Nước Ép Trái Cây Tươi - Nam Kỳ Khởi Nghĩa,Nước ép dền táo cà rốt chanh gừng 250ml,"Củ dền, táo và cà rốt ép chậm kết hợp cùng với chanh và gừng. Không đường, không đá",44000,14,0,0,Quận 3,Hồ Chí Minh,4.9,215,Sinh tố/Nước ép/Sữa,189,10.788979530334473,106.68473052978516,54000
10005,123 Juicy - Nước Ép Trái Cây Tươi - Nam Kỳ Khởi Nghĩa,Nước ép dền táo cà rốt chanh gừng 330ml,"Củ dền, táo và cà rốt ép chậm kết hợp cùng với chanh và gừng. Không đường, không đá",54000,19,0,0,Quận 3,Hồ Chí Minh,4.9,215,Sinh tố/Nước ép/Sữa,189,10.788979530334473,106.68473052978516,54000
10005,123 Juicy - Nước Ép Trái Cây Tươi - Nam Kỳ Khởi Nghĩa,Nước ép dền táo cà rốt chanh gừng 330ml (thủy tinh),"Củ dền, táo và cà rốt ép chậm kết hợp cùng với chanh và gừng. Không đường, không đá",64000,0,0,0,Quận 3,Hồ Chí Minh,4.9,215,Sinh tố/Nước ép/Sữa,189,10.788979530334473,106.68473052978516,54000
10005,123 Juicy - Nước Ép Trái Cây Tươi - Nam Kỳ Khởi Nghĩa,Nước ép Cam - Thơm - Dâu 330ml,"Cam sành miền Tây, Thơm, Dâu tây Đà Lạt ép chậm. KHÔNG ĐƯỜNG, KHÔNG ĐÁ",54000,18,0,0,Quận 3,Hồ Chí Minh,4.9,215,Sinh tố/Nước ép/Sữa,189,10.788979530334473,106.68473052978516,54000
10005,123 Juicy - Nước Ép Trái Cây Tươi - Nam Kỳ Khởi Nghĩa,Nước ép Cam - Thơm - Dâu 250ml,"Cam sành miền Tây, Thơm, Dâu tây Đà Lạt ép chậm. KHÔNG ĐƯỜNG, KHÔNG ĐÁ",44000,13,0,0,Quận 3,Hồ Chí Minh,4.9,215,Sinh tố/Nước ép/Sữa,189,10.788979530334473,106.68473052978516,54000
10005,123 Juicy - Nước Ép Trái Cây Tươi - Nam Kỳ Khởi Nghĩa,Nước ép Cam - Thơm - Dâu 330ml (thủy tinh),"Cam sành miền Tây, Thơm, Dâu tây Đà Lạt ép chậm. KHÔNG ĐƯỜNG, KHÔNG ĐÁ
(10 vỏ chai thủy tinh --> đổi 1 chai ép bất kì tại cửa hàng)",64000,12,0,0,Quận 3,Hồ Chí Minh,4.9,215,Sinh tố/Nước ép/Sữa,189,10.788979530334473,106.68473052978516,54000
10005,123 Juicy - Nước Ép Trái Cây Tươi - Nam Kỳ Khởi Nghĩa,Nước ép lựu dưa hấu 250ml,"Lựu, Dưa hấu ép chậm. Không đường, không đá",44000,28,0,0,Quận 3,Hồ Chí Minh,4.9,215,Sinh tố/Nước ép/Sữa,189,10.788979530334473,106.68473052978516,54000
10005,123 Juicy - Nước Ép Trái Cây Tươi - Nam Kỳ Khởi Nghĩa,Nước ép lựu dưa hấu 330ml,"Lựu, Dưa hấu ép chậm. Không đường, không đá",54000,85,2,0,Quận 3,Hồ Chí Minh,4.9,215,Sinh tố/Nước ép/Sữa,189,10.788979530334473,106.68473052978516,54000
10005,123 Juicy - Nước Ép Trái Cây Tươi - Nam Kỳ Khởi Nghĩa,Nước ép lựu dưa hấu 330ml (thủy tinh),"Lựu, Dưa hấu ép chậm. Không đường, không đá (10 vỏ chai thủy tinh -> đổi 1 chai nước ép  bất kì tại cửa hàng)",64000,13,0,0,Quận 3,Hồ Chí Minh,4.9,215,Sinh tố/Nước ép/Sữa,189,10.788979530334473,106.68473052978516,54000
10005,123 Juicy - Nước Ép Trái Cây Tươi - Nam Kỳ Khởi Nghĩa,Nước ép ổi 250ml,"Ổi ép chậm. Không đường, không đá",39000,34,0,0,Quận 3,Hồ Chí Minh,4.9,215,Sinh tố/Nước ép/Sữa,189,10.788979530334473,106.68473052978516,54000
10005,123 Juicy - Nước Ép Trái Cây Tươi - Nam Kỳ Khởi Nghĩa,Nước ép ổi 330ml,"Ổi ép chậm. Không đường, không đá",49000,28,0,0,Quận 3,Hồ Chí Minh,4.9,215,Sinh tố/Nước ép/Sữa,189,10.788979530334473,106.68473052978516,54000
10005,123 Juicy - Nước Ép Trái Cây Tươi - Nam Kỳ Khởi Nghĩa,Nước ép ổi 330ml (thủy tinh),"Ổi ép chậm. Không đường, không đá (10 vỏ chai thủy tinh -> đổi 1 chai nước ép  bất kì tại cửa hàng)",59000,2,0,0,Quận 3,Hồ Chí Minh,4.9,215,Sinh tố/Nước ép/Sữa,189,10.788979530334473,106.68473052978516,54000
10005,123 Juicy - Nước Ép Trái Cây Tươi - Nam Kỳ Khởi Nghĩa,Nước ép thơm 250ml,"Thơm ép chậm. Không đường, không đá",39000,39,0,0,Quận 3,Hồ Chí Minh,4.9,215,Sinh tố/Nước ép/Sữa,189,10.788979530334473,106.68473052978516,54000
10005,123 Juicy - Nước Ép Trái Cây Tươi - Nam Kỳ Khởi Nghĩa,Nước ép thơm 330ml,"Thơm ép chậm. Không đường, không đá",49000,45,0,0,Quận 3,Hồ Chí Minh,4.9,215,Sinh tố/Nước ép/Sữa,189,10.788979530334473,106.68473052978516,54000
10005,123 Juicy - Nước Ép Trái Cây Tươi - Nam Kỳ Khởi Nghĩa,Nước ép thơm 330ml (thủy tinh),"Thơm ép chậm. Không đường, không đá (10 vỏ chai thủy tinh -> đổi 1 chai nước ép  bất kì tại cửa hàng)",59000,22,0,0,Quận 3,Hồ Chí Minh,4.9,215,Sinh tố/Nước ép/Sữa,189,10.788979530334473,106.68473052978516,54000
10005,123 Juicy - Nước Ép Trái Cây Tươi - Nam Kỳ Khởi Nghĩa,Nước ép dưa hấu 250ml,"Dưa hấu ép chậm. Không đường, không đá",39000,82,0,0,Quận 3,Hồ Chí Minh,4.9,215,Sinh tố/Nước ép/Sữa,189,10.788979530334473,106.68473052978516,54000
10005,123 Juicy - Nước Ép Trái Cây Tươi - Nam Kỳ Khởi Nghĩa,Nước ép dưa hấu 330ml,"Dưa hấu ép chậm. Không đường, không đá",49000,32,0,0,Quận 3,Hồ Chí Minh,4.9,215,Sinh tố/Nước ép/Sữa,189,10.788979530334473,106.68473052978516,54000
10005,123 Juicy - Nước Ép Trái Cây Tươi - Nam Kỳ Khởi Nghĩa,Nước ép dưa hấu 330ml (thủy tinh),"Dưa hấu ép chậm. Không đường, không đá (10 vỏ chai thủy tinh -> đổi 1 chai nước ép  bất kì tại cửa hàng)",59000,12,0,0,Quận 3,Hồ Chí Minh,4.9,215,Sinh tố/Nước ép/Sữa,189,10.788979530334473,106.68473052978516,54000
10005,123 Juicy - Nước Ép Trái Cây Tươi - Nam Kỳ Khởi Nghĩa,Nước ép Táo 250ml,"Táo nhập khẩu, ép chậm. Không đường, không đá.",49000,9,0,0,Quận 3,Hồ Chí Minh,4.9,215,Sinh tố/Nước ép/Sữa,189,10.788979530334473,106.68473052978516,54000
10005,123 Juicy - Nước Ép Trái Cây Tươi - Nam Kỳ Khởi Nghĩa,Nước ép Táo 330ml,"Táo nhập khẩu, ép chậm. Không đường, không đá.",59000,18,0,0,Quận 3,Hồ Chí Minh,4.9,215,Sinh tố/Nước ép/Sữa,189,10.788979530334473,106.68473052978516,54000
10005,123 Juicy - Nước Ép Trái Cây Tươi - Nam Kỳ Khởi Nghĩa,Nước ép Táo 330ml (thủy tinh),"Táo nhập khẩu, ép chậm. Không đường, không đá. (10 vỏ chai thủy tinh -> đổi 1 chai nước ép  bất kì tại cửa hàng)",69000,3,0,0,Quận 3,Hồ Chí Minh,4.9,215,Sinh tố/Nước ép/Sữa,189,10.788979530334473,106.68473052978516,54000
10005,123 Juicy - Nước Ép Trái Cây Tươi - Nam Kỳ Khởi Nghĩa,Nước ép bưởi 250ml,"Bưởi ép chậm. Không đường, không đá",39000,17,0,0,Quận 3,Hồ Chí Minh,4.9,215,Sinh tố/Nước ép/Sữa,189,10.788979530334473,106.68473052978516,54000
10005,123 Juicy - Nước Ép Trái Cây Tươi - Nam Kỳ Khởi Nghĩa,Nước ép bưởi 330ml,"Bưởi ép chậm. Không đường, không đá",49000,41,0,0,Quận 3,Hồ Chí Minh,4.9,215,Sinh tố/Nước ép/Sữa,189,10.788979530334473,106.68473052978516,54000
10005,123 Juicy - Nước Ép Trái Cây Tươi - Nam Kỳ Khởi Nghĩa,Nước ép bưởi 330ml (thủy tinh),"Bưởi ép chậm. Không đường, không đá (10 vỏ chai thủy tinh -> đổi 1 chai nước ép  bất kì tại cửa hàng)",59000,10,1,0,Quận 3,Hồ Chí Minh,4.9,215,Sinh tố/Nước ép/Sữa,189,10.788979530334473,106.68473052978516,54000
10005,123 Juicy - Nước Ép Trái Cây Tươi - Nam Kỳ Khởi Nghĩa,Nước ép Dưa lưới 250ml,"Dưa lưới kiwami ép chậm. Không đường, không đá",44000,4,0,0,Quận 3,Hồ Chí Minh,4.9,215,Sinh tố/Nước ép/Sữa,189,10.788979530334473,106.68473052978516,54000
10005,123 Juicy - Nước Ép Trái Cây Tươi - Nam Kỳ Khởi Nghĩa,Nước ép Dưa lưới 330ml,"Dưa lưới kiwami ép chậm. Không đường, không đá",54000,23,0,0,Quận 3,Hồ Chí Minh,4.9,215,Sinh tố/Nước ép/Sữa,189,10.788979530334473,106.68473052978516,54000
10005,123 Juicy - Nước Ép Trái Cây Tươi - Nam Kỳ Khởi Nghĩa,Nước ép Dưa lưới 330ml (thủy tinh),"Dưa lưới kiwami ép chậm. Không đường, không đá (10 vỏ chai thủy tinh -> đổi 1 chai nước ép  bất kì tại cửa hàng)",64000,2,0,1,Quận 3,Hồ Chí Minh,4.9,215,Sinh tố/Nước ép/Sữa,189,10.788979530334473,106.68473052978516,54000
10005,123 Juicy - Nước Ép Trái Cây Tươi - Nam Kỳ Khởi Nghĩa,Trái cây dầm,"Hơn 10 loại trái cây theo mùa, mứt handmade, sốt kem sữa, sirô. Không đường.",50000,46,0,0,Quận 3,Hồ Chí Minh,4.9,215,Sinh tố/Nước ép/Sữa,189,10.788979530334473,106.68473052978516,54000
10005,123 Juicy - Nước Ép Trái Cây Tươi - Nam Kỳ Khởi Nghĩa,Trái cây dầm + sầu riêng,"Hơn 10 loại trái cây theo mùa, mứt handmade, sốt kem sữa, sirô + Sầu riêng. Không đường.",58000,6,0,0,Quận 3,Hồ Chí Minh,4.9,215,Sinh tố/Nước ép/Sữa,189,10.788979530334473,106.68473052978516,54000
10005,123 Juicy - Nước Ép Trái Cây Tươi - Nam Kỳ Khởi Nghĩa,Trái cây dầm + yogurt,"Hơn 10 loại trái cây theo mùa, mứt handmade, sốt kem sữa, sirô + yaourt lên men tự nhiên ÍT ĐƯỜNG Vinamilk. Không sử dụng đường.",58000,59,0,0,Quận 3,Hồ Chí Minh,4.9,215,Sinh tố/Nước ép/Sữa,189,10.788979530334473,106.68473052978516,54000
10005,123 Juicy - Nước Ép Trái Cây Tươi - Nam Kỳ Khởi Nghĩa,Trái cây dầm + yogurt và sầu riêng,"Hơn 10 loại trái cây theo mùa, mứt handmade, sốt kem sữa, sirô + Sầu riêng + Yaourt lên men tự nhiên ÍT ĐƯỜNG Vinamilk. Không sử dụng đường.",66000,7,0,0,Quận 3,Hồ Chí Minh,4.9,215,Sinh tố/Nước ép/Sữa,189,10.788979530334473,106.68473052978516,54000
10005,123 Juicy - Nước Ép Trái Cây Tươi - Nam Kỳ Khởi Nghĩa,Trái cây hộp thập cẩm chấm muối 400gr,Trái cây chọn lọc theo mùa 400gr + Muối Tây Ninh,45000,50,0,0,Quận 3,Hồ Chí Minh,4.9,215,Sinh tố/Nước ép/Sữa,189,10.788979530334473,106.68473052978516,54000
10005,123 Juicy - Nước Ép Trái Cây Tươi - Nam Kỳ Khởi Nghĩa,Trái cây hộp thập cẩm chấm muối 600gr,Trái cây chọn lọc theo mùa 600gr + Muối Tây Ninh,65000,41,0,0,Quận 3,Hồ Chí Minh,4.9,215,Sinh tố/Nước ép/Sữa,189,10.788979530334473,106.68473052978516,54000
10005,123 Juicy - Nước Ép Trái Cây Tươi - Nam Kỳ Khởi Nghĩa,Trái cây thập cẩm hộp chấm muối 800gr,Trái cây chọn lọc theo mùa 800gr + Muối Tây Ninh,85000,82,1,0,Quận 3,Hồ Chí Minh,4.9,215,Sinh tố/Nước ép/Sữa,189,10.788979530334473,106.68473052978516,54000
10005,123 Juicy - Nước Ép Trái Cây Tươi - Nam Kỳ Khởi Nghĩa,Xoài xanh cắt miếng chấm muối 400gr,"Xoài xanh (xoài keo, hoặc xoài Đài Loan, hoặc xoài miên, ...) chọn lọc kèm muối Tây Ninh, muối ớt.",35000,56,0,0,Quận 3,Hồ Chí Minh,4.9,215,Sinh tố/Nước ép/Sữa,189,10.788979530334473,106.68473052978516,54000
10005,123 Juicy - Nước Ép Trái Cây Tươi - Nam Kỳ Khởi Nghĩa,Xoài xanh và ổi  cắt miếng chấm muối 400gr,"Xoài xanh (xoài keo, hoặc xoài Đài Loan, hoặc xoài miên, ...) và ổi chọn lọc cắt miếng kèm muối Tây Ninh, muối ớt.",35000,42,0,0,Quận 3,Hồ Chí Minh,4.9,215,Sinh tố/Nước ép/Sữa,189,10.788979530334473,106.68473052978516,54000
10005,123 Juicy - Nước Ép Trái Cây Tươi - Nam Kỳ Khởi Nghĩa,Ổi ruột hồng cắt miếng chấm muối 400gr,Ổi ruột hồng chọn lọc + Muối Tây Ninh,35000,0,0,0,Quận 3,Hồ Chí Minh,4.9,215,Sinh tố/Nước ép/Sữa,189,10.788979530334473,106.68473052978516,54000
10005,123 Juicy - Nước Ép Trái Cây Tươi - Nam Kỳ Khởi Nghĩa,Dưa lưới cắt miếng chấm muối 400gr,Dưa lưới + Muối Tây Ninh,55000,11,0,0,Quận 3,Hồ Chí Minh,4.9,215,Sinh tố/Nước ép/Sữa,189,10.788979530334473,106.68473052978516,54000
10005,123 Juicy - Nước Ép Trái Cây Tươi - Nam Kỳ Khởi Nghĩa,Cafe đá,,27000,2,0,0,Quận 3,Hồ Chí Minh,4.9,215,Sinh tố/Nước ép/Sữa,189,10.788979530334473,106.68473052978516,54000
10005,123 Juicy - Nước Ép Trái Cây Tươi - Nam Kỳ Khởi Nghĩa,Cafe sữa đá,,30000,7,0,0,Quận 3,Hồ Chí Minh,4.9,215,Sinh tố/Nước ép/Sữa,189,10.788979530334473,106.68473052978516,54000
10005,123 Juicy - Nước Ép Trái Cây Tươi - Nam Kỳ Khởi Nghĩa,Bạc sỉu đá,,35000,3,0,0,Quận 3,Hồ Chí Minh,4.9,215,Sinh tố/Nước ép/Sữa,189,10.788979530334473,106.68473052978516,54000
10005,123 Juicy - Nước Ép Trái Cây Tươi - Nam Kỳ Khởi Nghĩa,Cacao sữa đá,,35000,6,0,0,Quận 3,Hồ Chí Minh,4.9,215,Sinh tố/Nước ép/Sữa,189,10.788979530334473,106.68473052978516,54000
10005,123 Juicy - Nước Ép Trái Cây Tươi - Nam Kỳ Khởi Nghĩa,Nước mơ ngâm,,35000,13,0,0,Quận 3,Hồ Chí Minh,4.9,215,Sinh tố/Nước ép/Sữa,189,10.788979530334473,106.68473052978516,54000
10005,123 Juicy - Nước Ép Trái Cây Tươi - Nam Kỳ Khởi Nghĩa,Nước 5 loại đậu rang,"Đậu đen, đậu xanh, đậu trắng, đậu đỏ, đậu nành. Không đường",20000,77,1,0,Quận 3,Hồ Chí Minh,4.9,215,Sinh tố/Nước ép/Sữa,189,10.788979530334473,106.68473052978516,54000
13598,Mướp Fruit - Trái Cây Cắt Sẵn - Điện Biên Phủ,Ổi Hộp ( 350G),Ổi cắt sẵn + muối tây ninh,39000,580,4,0,Quận 3,Hồ Chí Minh,4.9,872,Sinh tố/Nước ép/Sữa,189,10.771220207214355,106.67749786376953,36000
13598,Mướp Fruit - Trái Cây Cắt Sẵn - Điện Biên Phủ,Cóc Thái Non Hộp ( 350G),cóc cắt sẵn + muối tây ninh,39000,363,3,1,Quận 3,Hồ Chí Minh,4.9,872,Sinh tố/Nước ép/Sữa,189,10.771220207214355,106.67749786376953,36000
13598,Mướp Fruit - Trái Cây Cắt Sẵn - Điện Biên Phủ,Xoài non giòn rụm hộp (350G),xoài non cắt sẵn + mắm ruốc,51000,545,3,2,Quận 3,Hồ Chí Minh,4.9,872,Sinh tố/Nước ép/Sữa,189,10.771220207214355,106.67749786376953,36000
13598,Mướp Fruit - Trái Cây Cắt Sẵn - Điện Biên Phủ,Bưởi Da Xanh Hộp (350G),"Bưởi gọt sẵn, tách múi, tươi ngon chua ngọt + muối tây ninh",51000,700,2,1,Quận 3,Hồ Chí Minh,4.9,872,Sinh tố/Nước ép/Sữa,189,10.771220207214355,106.67749786376953,36000
13598,Mướp Fruit - Trái Cây Cắt Sẵn - Điện Biên Phủ,Mít Thái Hộp ( 350G),Mít Thái cắt sẵn ,51000,485,3,1,Quận 3,Hồ Chí Minh,4.9,872,Sinh tố/Nước ép/Sữa,189,10.771220207214355,106.67749786376953,36000
13598,Mướp Fruit - Trái Cây Cắt Sẵn - Điện Biên Phủ,Dưa Hấu Long An Hộp (350G),Dưa Hấu Cắt Sẵn + muối tây ninh,39000,513,7,0,Quận 3,Hồ Chí Minh,4.9,872,Sinh tố/Nước ép/Sữa,189,10.771220207214355,106.67749786376953,36000
13598,Mướp Fruit - Trái Cây Cắt Sẵn - Điện Biên Phủ,Thơm Nhà Mướp (350Gr),thơm nhà Mướp  gọt sẵn chua ngọt mọng nước kèm muối  tây ninh,45000,646,7,1,Quận 3,Hồ Chí Minh,4.9,872,Sinh tố/Nước ép/Sữa,189,10.771220207214355,106.67749786376953,36000
13598,Mướp Fruit - Trái Cây Cắt Sẵn - Điện Biên Phủ,Vải Thiều (Hộp 350g),"vải tươi ngon, cơm dày thơm lừng, ngọt thanh, mọng nước ",42000,106,0,0,Quận 3,Hồ Chí Minh,4.9,872,Sinh tố/Nước ép/Sữa,189,10.771220207214355,106.67749786376953,36000
13598,Mướp Fruit - Trái Cây Cắt Sẵn - Điện Biên Phủ,Củ sắn (củ đậu) ( 350G), Củ sắn cắt sẵn + muối tây ninh,37000,324,7,0,Quận 3,Hồ Chí Minh,4.9,872,Sinh tố/Nước ép/Sữa,189,10.771220207214355,106.67749786376953,36000
13598,Mướp Fruit - Trái Cây Cắt Sẵn - Điện Biên Phủ,Măng Cụt Thái (hộp 500g),"măng cụt Thái tươi ngon, chua nhẹ ngọt thanh thơm ngon",58000,117,3,0,Quận 3,Hồ Chí Minh,4.9,872,Sinh tố/Nước ép/Sữa,189,10.771220207214355,106.67749786376953,36000
13598,Mướp Fruit - Trái Cây Cắt Sẵn - Điện Biên Phủ,Hủ Muối Tây Ninh (150g),,20000,59,1,0,Quận 3,Hồ Chí Minh,4.9,872,Sinh tố/Nước ép/Sữa,189,10.771220207214355,106.67749786376953,36000
13598,Mướp Fruit - Trái Cây Cắt Sẵn - Điện Biên Phủ,Cam Xoàn hộp (350G),"cam xoàn cắt sẵn , ngọt  thanh thơm ngon, có chút chua nhẹ chắc múi ,mọng nước  muối tây ninh",47000,132,0,0,Quận 3,Hồ Chí Minh,4.9,872,Sinh tố/Nước ép/Sữa,189,10.771220207214355,106.67749786376953,36000
13598,Mướp Fruit - Trái Cây Cắt Sẵn - Điện Biên Phủ,Sơ Ri hộp (350G),sơ ri + muối tây ninh,39000,130,0,0,Quận 3,Hồ Chí Minh,4.9,872,Sinh tố/Nước ép/Sữa,189,10.771220207214355,106.67749786376953,36000
13598,Mướp Fruit - Trái Cây Cắt Sẵn - Điện Biên Phủ,Dưa Lưới Ruột Vàng hộp (350G),dứa lưới ruột vàng thơm ngon,57000,466,1,1,Quận 3,Hồ Chí Minh,4.9,872,Sinh tố/Nước ép/Sữa,189,10.771220207214355,106.67749786376953,36000
13598,Mướp Fruit - Trái Cây Cắt Sẵn - Điện Biên Phủ,Mận Đỏ An Phước (Hộp 350g),mận đỏ cắt sẵn kèm muối tây ninh ,42000,762,9,0,Quận 3,Hồ Chí Minh,4.9,872,Sinh tố/Nước ép/Sữa,189,10.771220207214355,106.67749786376953,36000
13598,Mướp Fruit - Trái Cây Cắt Sẵn - Điện Biên Phủ,Cam Xoàn (hộp 350g),"Cam Xoàn cắt sẵn, tươi ngon , có vị chua nhẹ ngọt chắc múi kèm muối chấm,siêu ngon",39000,96,1,0,Quận 3,Hồ Chí Minh,4.9,872,Sinh tố/Nước ép/Sữa,189,10.771220207214355,106.67749786376953,36000
13598,Mướp Fruit - Trái Cây Cắt Sẵn - Điện Biên Phủ,Mận Bắc (mận hà hội)(Hộp 350g),"mận tươi ngon, chắc thịt , mềm nhẹ, ngọt thanh chua nhẹ chấm với muối Tây Ninh",45000,116,1,1,Quận 3,Hồ Chí Minh,4.9,872,Sinh tố/Nước ép/Sữa,189,10.771220207214355,106.67749786376953,36000
13598,Mướp Fruit - Trái Cây Cắt Sẵn - Điện Biên Phủ,Táo Xanh Phan Rang (Hộp 350g),táo tươi ngon chua ngọt mọng nước kèm muối chấm,39000,119,1,0,Quận 3,Hồ Chí Minh,4.9,872,Sinh tố/Nước ép/Sữa,189,10.771220207214355,106.67749786376953,36000
13598,Mướp Fruit - Trái Cây Cắt Sẵn - Điện Biên Phủ,Nhãn Xuồng Hộp 350g,"Nhãn tươi giòn ngọt đậm đà, thơm phức ",39000,89,0,0,Quận 3,Hồ Chí Minh,4.9,872,Sinh tố/Nước ép/Sữa,189,10.771220207214355,106.67749786376953,36000
13598,Mướp Fruit - Trái Cây Cắt Sẵn - Điện Biên Phủ,Dưa Lưới Hạ Uyển Hộp 350g,,54000,382,4,0,Quận 3,Hồ Chí Minh,4.9,872,Sinh tố/Nước ép/Sữa,189,10.771220207214355,106.67749786376953,36000
13598,Mướp Fruit - Trái Cây Cắt Sẵn - Điện Biên Phủ,Mận Cherry (Hộp 350g),mận cherry tươi ngon chua ngọt kèm muối rất ngon ,45000,96,0,0,Quận 3,Hồ Chí Minh,4.9,872,Sinh tố/Nước ép/Sữa,189,10.771220207214355,106.67749786376953,36000
13598,Mướp Fruit - Trái Cây Cắt Sẵn - Điện Biên Phủ,Cóc Cày Gọt Sẵn Hộp (350g),"Cóc Cày tách sẵn, tươi ngon, cứng trái, chua chua ngọt kèm muối tây ninh ",39000,144,0,1,Quận 3,Hồ Chí Minh,4.9,872,Sinh tố/Nước ép/Sữa,189,10.771220207214355,106.67749786376953,36000
13598,Mướp Fruit - Trái Cây Cắt Sẵn - Điện Biên Phủ,Đu Đủ Chín (Hộp 350g),,39000,178,1,2,Quận 3,Hồ Chí Minh,4.9,872,Sinh tố/Nước ép/Sữa,189,10.771220207214355,106.67749786376953,36000
13598,Mướp Fruit - Trái Cây Cắt Sẵn - Điện Biên Phủ,Bòn Bon Thái (hộp 350g),Bòn bon thái  tươi ngon chua ngọt mọng nước,55000,37,0,0,Quận 3,Hồ Chí Minh,4.9,872,Sinh tố/Nước ép/Sữa,189,10.771220207214355,106.67749786376953,36000
13598,Mướp Fruit - Trái Cây Cắt Sẵn - Điện Biên Phủ,Mận Đào Đá (hộp 350g),"mận gọt sẵn, giòn , chua ngọt kèm muối chấm",39000,23,0,0,Quận 3,Hồ Chí Minh,4.9,872,Sinh tố/Nước ép/Sữa,189,10.771220207214355,106.67749786376953,36000
13598,Mướp Fruit - Trái Cây Cắt Sẵn - Điện Biên Phủ,Xoài Keo Vàng (hộp 350g),xoài keo sống cắt sẵn + muối tây ninh,39000,838,12,2,Quận 3,Hồ Chí Minh,4.9,872,Sinh tố/Nước ép/Sữa,189,10.771220207214355,106.67749786376953,36000
13598,Mướp Fruit - Trái Cây Cắt Sẵn - Điện Biên Phủ,Xoài Thái (hộp 350g),xoài cắt sẵn kèm muối chấm,39000,219,2,1,Quận 3,Hồ Chí Minh,4.9,872,Sinh tố/Nước ép/Sữa,189,10.771220207214355,106.67749786376953,36000
13598,Mướp Fruit - Trái Cây Cắt Sẵn - Điện Biên Phủ,Dâu Tây (Hộp 250g),Dâu Tây tươi ngon nguyên trái vị ngọt chua nhẹ kèm muối.,57000,128,4,0,Quận 3,Hồ Chí Minh,4.9,872,Sinh tố/Nước ép/Sữa,189,10.771220207214355,106.67749786376953,36000
13598,Mướp Fruit - Trái Cây Cắt Sẵn - Điện Biên Phủ,Xoài Chua Mắm Ruốc Hộp (350g),xoài cắt sẵn giòn siêu chua kèm mắm ruốc ,39000,210,2,0,Quận 3,Hồ Chí Minh,4.9,872,Sinh tố/Nước ép/Sữa,189,10.771220207214355,106.67749786376953,36000
13598,Mướp Fruit - Trái Cây Cắt Sẵn - Điện Biên Phủ,Nho Xanh ( hộp 350g),Nho Xanh nguyên chùm tươi ngon ngọt thanh chua nhẹ,55000,17,0,0,Quận 3,Hồ Chí Minh,4.9,872,Sinh tố/Nước ép/Sữa,189,10.771220207214355,106.67749786376953,36000
13598,Mướp Fruit - Trái Cây Cắt Sẵn - Điện Biên Phủ,Nho Đỏ (hộp 350g),"Nho đỏ nguyên chùm, tươi ngon, giòn ngọt thanh, chua nhẹ .trái to mọng nước.",55000,4,0,0,Quận 3,Hồ Chí Minh,4.9,872,Sinh tố/Nước ép/Sữa,189,10.771220207214355,106.67749786376953,36000
13598,Mướp Fruit - Trái Cây Cắt Sẵn - Điện Biên Phủ, Trái Cây Thập Cẩm (Hộp 600g),trái cây cắt sẵn từ 4-6 loại trái cây tùy theo mùa kèm muối tây ninh ,67000,1124,19,0,Quận 3,Hồ Chí Minh,4.9,872,Sinh tố/Nước ép/Sữa,189,10.771220207214355,106.67749786376953,36000
13598,Mướp Fruit - Trái Cây Cắt Sẵn - Điện Biên Phủ, Trái Cây Thập Cẩm Lớn (Hộp 800g),trái cây cắt sẵn từ 7-9 loại trái cây tùy theo mùa kèm muối tây ninh ,97000,1423,10,4,Quận 3,Hồ Chí Minh,4.9,872,Sinh tố/Nước ép/Sữa,189,10.771220207214355,106.67749786376953,36000
13598,Mướp Fruit - Trái Cây Cắt Sẵn - Điện Biên Phủ,Nước Ép Ổi (700ml),"nước ép ổi, thơm ngon tốt cho sức khỏe ",30000,145,5,0,Quận 3,Hồ Chí Minh,4.9,872,Sinh tố/Nước ép/Sữa,189,10.771220207214355,106.67749786376953,36000
13598,Mướp Fruit - Trái Cây Cắt Sẵn - Điện Biên Phủ,Nước Ép Dưa Hấu (ly 700ml),nước ép thơm ngon mát lạnh ,30000,157,5,0,Quận 3,Hồ Chí Minh,4.9,872,Sinh tố/Nước ép/Sữa,189,10.771220207214355,106.67749786376953,36000
13598,Mướp Fruit - Trái Cây Cắt Sẵn - Điện Biên Phủ,Trà Chanh Dây (700ml),"trà thơm ngon , đậm vị mát lạnh ",25000,103,0,0,Quận 3,Hồ Chí Minh,4.9,872,Sinh tố/Nước ép/Sữa,189,10.771220207214355,106.67749786376953,36000
13598,Mướp Fruit - Trái Cây Cắt Sẵn - Điện Biên Phủ,Trà Đào (700ml),trà kết hợp với vị đào thơm ngon ngọt ngọt chua chua ,25000,70,2,1,Quận 3,Hồ Chí Minh,4.9,872,Sinh tố/Nước ép/Sữa,189,10.771220207214355,106.67749786376953,36000
13598,Mướp Fruit - Trái Cây Cắt Sẵn - Điện Biên Phủ,Trà Dâu Tầm (700ml),hình ảnh mang tính chất minh họa ,25000,75,1,0,Quận 3,Hồ Chí Minh,4.9,872,Sinh tố/Nước ép/Sữa,189,10.771220207214355,106.67749786376953,36000
13598,Mướp Fruit - Trái Cây Cắt Sẵn - Điện Biên Phủ,Trà Dâu Tây (700ml),trà dâu tây chua chua ngọt ngọt thơm ngon ,25000,48,1,0,Quận 3,Hồ Chí Minh,4.9,872,Sinh tố/Nước ép/Sữa,189,10.771220207214355,106.67749786376953,36000
13598,Mướp Fruit - Trái Cây Cắt Sẵn - Điện Biên Phủ,Nước Ép Dưa Lưới (ly 700ml),nước ép tươi mát tốt cho sức khoẻ ,37000,56,0,0,Quận 3,Hồ Chí Minh,4.9,872,Sinh tố/Nước ép/Sữa,189,10.771220207214355,106.67749786376953,36000
13598,Mướp Fruit - Trái Cây Cắt Sẵn - Điện Biên Phủ,Nước Ép Bưởi (ly 700ml),nước ép tươi ngon mát lạnh tốt cho sức khoẻ ,37000,87,1,0,Quận 3,Hồ Chí Minh,4.9,872,Sinh tố/Nước ép/Sữa,189,10.771220207214355,106.67749786376953,36000
13598,Mướp Fruit - Trái Cây Cắt Sẵn - Điện Biên Phủ,Nước Ép Thơm (700ml),nước ép thơm tươi mát thơm ngon,30000,56,0,0,Quận 3,Hồ Chí Minh,4.9,872,Sinh tố/Nước ép/Sữa,189,10.771220207214355,106.67749786376953,36000
13598,Mướp Fruit - Trái Cây Cắt Sẵn - Điện Biên Phủ,Cà na ngâm  đường 1 ly ( 200 Gam),Cà na ngâm đường ăn siêu bắt miệng,27000,182,2,0,Quận 3,Hồ Chí Minh,4.9,872,Sinh tố/Nước ép/Sữa,189,10.771220207214355,106.67749786376953,36000
13598,Mướp Fruit - Trái Cây Cắt Sẵn - Điện Biên Phủ,Chuối Sấy Mè Gừng,,27000,97,2,0,Quận 3,Hồ Chí Minh,4.9,872,Sinh tố/Nước ép/Sữa,189,10.771220207214355,106.67749786376953,36000
13598,Mướp Fruit - Trái Cây Cắt Sẵn - Điện Biên Phủ,Đậu Hà Lan Sấy (túi zip 150g),,29000,17,0,0,Quận 3,Hồ Chí Minh,4.9,872,Sinh tố/Nước ép/Sữa,189,10.771220207214355,106.67749786376953,36000
13598,Mướp Fruit - Trái Cây Cắt Sẵn - Điện Biên Phủ,Cơm Cháy Full Chà Bông ,,37000,92,2,0,Quận 3,Hồ Chí Minh,4.9,872,Sinh tố/Nước ép/Sữa,189,10.771220207214355,106.67749786376953,36000
13598,Mướp Fruit - Trái Cây Cắt Sẵn - Điện Biên Phủ,Cà Na đập muối ớt  1 ly ( 200 G),Cà Na đập muối ớt siêu cayyy,27000,380,4,2,Quận 3,Hồ Chí Minh,4.9,872,Sinh tố/Nước ép/Sữa,189,10.771220207214355,106.67749786376953,36000
13598,Mướp Fruit - Trái Cây Cắt Sẵn - Điện Biên Phủ,Xí Muội Mặn (hủ 100g),"Xí Muội mặn, có hạt chua chua, mặn mặn, thơm phức ",32000,65,0,0,Quận 3,Hồ Chí Minh,4.9,872,Sinh tố/Nước ép/Sữa,189,10.771220207214355,106.67749786376953,36000
13598,Mướp Fruit - Trái Cây Cắt Sẵn - Điện Biên Phủ,Xí Muội Thịt (hủ 100g),"xí muội thịt không hạt dẻo thơm, chua mặn ngọt rất ngon ",29000,88,0,0,Quận 3,Hồ Chí Minh,4.9,872,Sinh tố/Nước ép/Sữa,189,10.771220207214355,106.67749786376953,36000
13598,Mướp Fruit - Trái Cây Cắt Sẵn - Điện Biên Phủ,Nui Sấy tẩm gia vị (túi zip 150g),"NUI SẤY giòn, mặn mặn, cay cay, ngọt ngọt ăn cực kì ngon. 
",27000,80,0,0,Quận 3,Hồ Chí Minh,4.9,872,Sinh tố/Nước ép/Sữa,189,10.771220207214355,106.67749786376953,36000
13598,Mướp Fruit - Trái Cây Cắt Sẵn - Điện Biên Phủ,Bim Bìm Que (túi zip 150g),,27000,53,0,0,Quận 3,Hồ Chí Minh,4.9,872,Sinh tố/Nước ép/Sữa,189,10.771220207214355,106.67749786376953,36000
13598,Mướp Fruit - Trái Cây Cắt Sẵn - Điện Biên Phủ,Bánh Tráng Tẩm Gia Vị ,bánh tráng tẩm ướp gia vị sẵn ăn siêu ngon ,15000,64,1,0,Quận 3,Hồ Chí Minh,4.9,872,Sinh tố/Nước ép/Sữa,189,10.771220207214355,106.67749786376953,36000
13598,Mướp Fruit - Trái Cây Cắt Sẵn - Điện Biên Phủ,Xí Muội Núi Hồng (hủ 100g),,29000,63,1,1,Quận 3,Hồ Chí Minh,4.9,872,Sinh tố/Nước ép/Sữa,189,10.771220207214355,106.67749786376953,36000
13598,Mướp Fruit - Trái Cây Cắt Sẵn - Điện Biên Phủ,Sinh Tố Dâu Tây (500ml),sinh tố thơm ngon sánh mịn mát lạnh,43000,23,1,0,Quận 3,Hồ Chí Minh,4.9,872,Sinh tố/Nước ép/Sữa,189,10.771220207214355,106.67749786376953,36000
13598,Mướp Fruit - Trái Cây Cắt Sẵn - Điện Biên Phủ,Sinh Tố Mít (500ml),sinh tố thơm ngon sánh mịn mát lạnh,35000,11,0,0,Quận 3,Hồ Chí Minh,4.9,872,Sinh tố/Nước ép/Sữa,189,10.771220207214355,106.67749786376953,36000
13598,Mướp Fruit - Trái Cây Cắt Sẵn - Điện Biên Phủ,Sinh Tố Đu Đủ (500ml),sinh tố thơm ngon sánh mịn mát lạnh,35000,11,0,0,Quận 3,Hồ Chí Minh,4.9,872,Sinh tố/Nước ép/Sữa,189,10.771220207214355,106.67749786376953,36000
13598,Mướp Fruit - Trái Cây Cắt Sẵn - Điện Biên Phủ,Sinh Tố Xoài (500ml),sinh tố thơm ngon sánh mịn mát lạnh,35000,13,0,0,Quận 3,Hồ Chí Minh,4.9,872,Sinh tố/Nước ép/Sữa,189,10.771220207214355,106.67749786376953,36000
9340,Th'not - Thốt Nốt Sốt Trái Cây,Bánh Bò Thốt Nốt Chính Gốc,"Bánh bò thốt nốt được làm từ nguyên liệu tự nhiên, màu và mùi chắt lọc từ cơm trái thốt nốt già chín cây. Bánh có vị thơm đậm từ thốt nốt, béo ngọt từ đường tự nhiên. Phần 1 cái.",15000,234,3,1,Quận 3,Hồ Chí Minh,4.8,99,Sinh tố/Nước ép/Sữa,189,10.774689674377441,106.68232727050781,55000
9340,Th'not - Thốt Nốt Sốt Trái Cây,Bánh Bò Thốt Nốt Nướng,"Bánh bò nhà làm, nguyên liệu hoàn toàn tự nhiên. Bánh thơm dai độ ngọt vừa phải. Ăn kèm nước cốt dừa thơm béo.",25000,136,2,2,Quận 3,Hồ Chí Minh,4.8,99,Sinh tố/Nước ép/Sữa,189,10.774689674377441,106.68232727050781,55000
9340,Th'not - Thốt Nốt Sốt Trái Cây,Bánh Bò Thốt Nốt Tân Châu,"Bánh bò thốt nốt đặc sản Tân Châu An Giang, bánh dẻo, dai, thơm béo. Bánh có ăn kèm nước cốt dừa, để riêng. Bánh ăn chay được.",30000,5,1,0,Quận 3,Hồ Chí Minh,4.8,99,Sinh tố/Nước ép/Sữa,189,10.774689674377441,106.68232727050781,55000
9340,Th'not - Thốt Nốt Sốt Trái Cây,Ổ Bánh Bò Thốt Nốt Tân Châu,"Bánh bò thốt nốt đặc sản Tân Châu An Giang. Bánh làm hoàn toàn tự nhiên, không chất bảo quản. Bánh ăn kèm nước cốt dừa để riêng. Trọng lượng ~300g.",55000,4,0,0,Quận 3,Hồ Chí Minh,4.8,99,Sinh tố/Nước ép/Sữa,189,10.774689674377441,106.68232727050781,55000
9340,Th'not - Thốt Nốt Sốt Trái Cây,BÁNH BÒ THỐT NỐT NƯỚNG NGUYÊN Ổ,"Bánh bò thốt nốt nướng nguyên ổ (400g - 500g) tương đương 5 phần bánh lẻ. Bánh được tặng kèm 5 phần nước cốt dừa để riêng. Bánh nóng, mới mỗi ngày.",119000,23,1,0,Quận 3,Hồ Chí Minh,4.8,99,Sinh tố/Nước ép/Sữa,189,10.774689674377441,106.68232727050781,55000
9340,Th'not - Thốt Nốt Sốt Trái Cây,Sữa Tươi Thốt Nốt Rim - Size L,"[Thông báo: Từ 01/05/2024 quán chỉ bán duy nhất ly lớn]Sữa tươi kết hợp cùng thốt nốt rim đường chảy nguyên chất. Sản phẩm có vị thơm béo từ sữa, ngọt thanh từ đường thốt nốt. Múi trái thốt nốt dẻo dai nhai đã răng.",52000,53,0,0,Quận 3,Hồ Chí Minh,4.8,99,Sinh tố/Nước ép/Sữa,189,10.774689674377441,106.68232727050781,55000
9340,Th'not - Thốt Nốt Sốt Trái Cây,Sữa Tươi Thốt Nốt Tươi - Size L,"[Thông báo: Từ 01/05/2024 quán chỉ bán duy nhất ly lớn] Sữa TH kết hợp cùng trái thốt nốt tươi và thạch hoa đậu biếc.Vị ngọt thanh thơm ngon từ đường thốt nốt, tốt cho sức khoẻ.",52000,5,0,0,Quận 3,Hồ Chí Minh,4.8,99,Sinh tố/Nước ép/Sữa,189,10.774689674377441,106.68232727050781,55000
9340,Th'not - Thốt Nốt Sốt Trái Cây,Sữa Tươi Trân Châu Đường Thốt Nốt - Size L,"[Thông báo: Từ 01/05/2024 quán chỉ bán duy nhất ly lớn]Sữa tươi nguyên chất kết hợp cùng trân châu rim đường thốt nốt. Sản phẩm có vị béo từ sữa, ngọt thanh thơm đậm vị đường thốt nốt.",52000,9,0,0,Quận 3,Hồ Chí Minh,4.8,99,Sinh tố/Nước ép/Sữa,189,10.774689674377441,106.68232727050781,55000
9340,Th'not - Thốt Nốt Sốt Trái Cây,Sữa Chua Thốt Nốt Rim - Size L,[Thông báo: Từ 01/05/2024 quán chỉ bán duy nhất ly lớn] Sữa chua kết hợp cùng trái thốt nốt rim dẻo ngọt thanh mát. Hủ đường rim kèm theo có thể tùy chỉnh độ ngọt theo sở thích.,58000,20,0,0,Quận 3,Hồ Chí Minh,4.8,99,Sinh tố/Nước ép/Sữa,189,10.774689674377441,106.68232727050781,55000
9340,Th'not - Thốt Nốt Sốt Trái Cây,Sữa Chua Dầm Thốt Nốt Tươi - Size L,[Thông báo: Từ 01/05/2024 quán chỉ bán duy nhất ly lớn] Sữa chua kết hợp cùng trái thốt nốt dẻo ngọt thanh mát. Hủ đường rim ăn kèm có thể tùy chỉnh độ ngọt theo sở thích.,58000,17,0,0,Quận 3,Hồ Chí Minh,4.8,99,Sinh tố/Nước ép/Sữa,189,10.774689674377441,106.68232727050781,55000
9340,Th'not - Thốt Nốt Sốt Trái Cây,Nước Thốt Nốt Tươi - Size L,"[Thông báo: Từ 01/05/2024 quán chỉ bán duy nhất ly lớn]Nước thốt nốt tươi nguyên chất, không phẩm màu, không dùng đường hoá học. Sản phẩm có vị chua nhè nhẹ, ngọt thanh mát tự nhiên.",38000,59,1,1,Quận 3,Hồ Chí Minh,4.8,99,Sinh tố/Nước ép/Sữa,189,10.774689674377441,106.68232727050781,55000
9340,Th'not - Thốt Nốt Sốt Trái Cây,Thốt Nốt Tươi Truyền Thống - Size L,"[Thông báo: Từ 01/05/2024 quán chỉ bán duy nhất ly lớn] Nước thốt nốt tươi nguyên chất kết hợp múi trái thốt nốt tự nhiên, cùng thạch thốt nốt dẻo dai, không phẩm màu, không dùng đường hoá học. Sản phẩm có vị chua nhè nhẹ, ngọt thanh mát tự nhiên.",48000,121,5,0,Quận 3,Hồ Chí Minh,4.8,99,Sinh tố/Nước ép/Sữa,189,10.774689674377441,106.68232727050781,55000
9340,Th'not - Thốt Nốt Sốt Trái Cây,Thốt Nốt Hoa Đậu Biếc - Size L,"[Thông báo: Từ 01/05/2024 quán chỉ bán duy nhất ly lớn] Nước thốt nốt tươi nguyên chất kết hợp nước cốt hoa đậu biếc và múi trái thốt nốt tự nhiên, cùng thạch thốt nốt dẻo dai. Sản phẩm có vị chua nhè nhẹ, ngọt thanh mát tự nhiên.",48000,12,0,0,Quận 3,Hồ Chí Minh,4.8,99,Sinh tố/Nước ép/Sữa,189,10.774689674377441,106.68232727050781,55000
9340,Th'not - Thốt Nốt Sốt Trái Cây,Trà Đào Thốt Nốt Tươi - Size L,"[Thông báo: Từ 01/05/2024 quán chỉ bán duy nhất ly lớn] Trà đào thốt nốt tươi, món giải khát siêu bán chạy và không bao giờ hết hot. Nay kết hợp thêm topping thạch hoa đậu biếc thanh mát tốt cho sức khoẻ và trái thốt nốt tươi thơm ngon.",55000,6,0,0,Quận 3,Hồ Chí Minh,4.8,99,Sinh tố/Nước ép/Sữa,189,10.774689674377441,106.68232727050781,55000
9340,Th'not - Thốt Nốt Sốt Trái Cây,Hạt Sen Đá Xay Thốt Nốt Rim - Size L,[Thông báo: Từ 01/05/2024 quán chỉ bán duy nhất ly lớn]Hạt sen tươi tự nhiên kết hợp cùng topping thốt nốt rim dẻo dai thơm nồng mùi đường thốt nốt và thạch hoa đậu biếc thanh mát tốt cho sức khoẻ.,55000,5,0,0,Quận 3,Hồ Chí Minh,4.8,99,Sinh tố/Nước ép/Sữa,189,10.774689674377441,106.68232727050781,55000
9340,Th'not - Thốt Nốt Sốt Trái Cây,Trà Sen Thốt Nốt Tươi - Size L,"[Thông báo: Từ 01/05/2024 quán chỉ bán duy nhất ly lớn] Trà sen tươi quán tự nấu, thơm đặc trưng của trà lài cao cấp. Trà sen ở Thnot hướng tới sự thanh mát và tốt cho sức khoẻ của khách hàng nên sẽ KHÔNG có lớp kem béo. Trà thơm, sen bùi, củ sen mềm dẻo kết hợp cùng thốt nốt tươi và thạch hoa đậu biếc.",55000,13,0,0,Quận 3,Hồ Chí Minh,4.8,99,Sinh tố/Nước ép/Sữa,189,10.774689674377441,106.68232727050781,55000
9340,Th'not - Thốt Nốt Sốt Trái Cây,Trà Tắc Xí Muội Xay Thốt Nốt Tươi - Size L,"[Thông báo: Từ 01/05/2024 quán chỉ bán duy nhất ly lớn]Trà tắc xí muội xay món quen được làm mới khi mix cùng topping thốt nốt tươi. Trà thơm, xí muội mặn mặn đặc trưng, được xay nhuyễn cùng vỏ tắc tươi.",55000,4,1,0,Quận 3,Hồ Chí Minh,4.8,99,Sinh tố/Nước ép/Sữa,189,10.774689674377441,106.68232727050781,55000
9340,Th'not - Thốt Nốt Sốt Trái Cây,Trà Cóc Thốt Nốt Tươi - Size L,"[Thông báo: Từ 01/05/2024 quán chỉ bán duy nhất ly lớn] Trà cóc bao tử kết hợp cùng thốt nốt tươi. Thơm ngon, thanh mát, vị chua chua ngọt ngọt vừa vị. Topping có thốt nốt tươi, thạch hoa đậu biếc cùng trái cóc non.",55000,6,0,0,Quận 3,Hồ Chí Minh,4.8,99,Sinh tố/Nước ép/Sữa,189,10.774689674377441,106.68232727050781,55000
9340,Th'not - Thốt Nốt Sốt Trái Cây,Đá Me Thốt Nốt Rim - Size L,"[Thông báo: Từ 01/05/2024 quán chỉ bán duy nhất ly lớn]Đá me thốt nốt rim, vị chua chua ngọt ngọt, me hạt mềm sên cùng mứt thơm. Topping ăn kèm đa dạng: hạt me mềm, thốt nốt rim, thạch hoa đậu biếc và đậu phộng rang giòn.",55000,2,1,0,Quận 3,Hồ Chí Minh,4.8,99,Sinh tố/Nước ép/Sữa,189,10.774689674377441,106.68232727050781,55000
9340,Th'not - Thốt Nốt Sốt Trái Cây,Trà Long Nhãn Táo Đỏ Thốt Nốt Tươi - Size L,"[Thông báo: Từ 01/05/2024 quán chỉ bán duy nhất ly lớn]Trà long nhãn táo đỏ, giúp ngủ ngon, bổ sung vitamin tăng đề kháng. Trà thơm, chua ngọt, topping phong phú.",55000,2,0,0,Quận 3,Hồ Chí Minh,4.8,99,Sinh tố/Nước ép/Sữa,189,10.774689674377441,106.68232727050781,55000
9340,Th'not - Thốt Nốt Sốt Trái Cây,Sữa Chua Long Nhãn Táo Đỏ - Size L,"Sữa chua dầm long nhãn táo đỏ, giúp ngủ ngon, tăng sức đề kháng, bổ sung vitamin. Topping ăn kèm phong phú. Sữa chua TH Truemilk. Quý khách nhận hàng vui lòng cho sữa chua và thêm đá tuỳ thích.",58000,2,0,0,Quận 3,Hồ Chí Minh,4.8,99,Sinh tố/Nước ép/Sữa,189,10.774689674377441,106.68232727050781,55000
9340,Th'not - Thốt Nốt Sốt Trái Cây,Sữa Tươi Long Nhãn Táo Đỏ Thốt Nốt Rim - Size L,[Thông báo: Từ 01/05/2024 quán chỉ bán duy nhất ly lớn]Sữa tươi TH Truemilk kết hợp vị ngọt tự nhiên của táo đỏ và long nhãn. Khách uống ngọt vui lòng note vào đơn. Topping ăn kèm phong phú.,52000,0,0,0,Quận 3,Hồ Chí Minh,4.8,99,Sinh tố/Nước ép/Sữa,189,10.774689674377441,106.68232727050781,55000
9340,Th'not - Thốt Nốt Sốt Trái Cây,Trà Sữa Truyền Thống Đậm Vị,"Trà sữa thốt nốt truyền thôngs kết hợp cùng nhiều loại topping như: 
- Thạch đậu biếc tự nhiên
- Trân châu rim
- Trái thốt nốt tươi
Trà sữa đậm vị trà, ngọt béo vị đường rim.",38000,13,0,0,Quận 3,Hồ Chí Minh,4.8,99,Sinh tố/Nước ép/Sữa,189,10.774689674377441,106.68232727050781,55000
9340,Th'not - Thốt Nốt Sốt Trái Cây,Trà Sữa Cacao Thốt Nốt,"Trà sữa cacao nguyên chất kết hợp cùng nhiều loại topping như: 
- Thạch đậu biếc tự nhiên
- Trân châu rim
- Trái thốt nốt tươi
Trà sữa đậm vị trà, ngọt béo vị đường rim.",45000,3,1,0,Quận 3,Hồ Chí Minh,4.8,99,Sinh tố/Nước ép/Sữa,189,10.774689674377441,106.68232727050781,55000
9340,Th'not - Thốt Nốt Sốt Trái Cây,Trà Sữa Matcha,"Trà sữa matcha nguyên chất kết hợp cùng nhiều loại topping như: 
- Thạch đậu biếc tự nhiên
- Trân châu rim
- Trái thốt nốt tươi
Trà sữa đậm vị trà, ngọt béo vị đường rim.",45000,0,0,0,Quận 3,Hồ Chí Minh,4.8,99,Sinh tố/Nước ép/Sữa,189,10.774689674377441,106.68232727050781,55000
9340,Th'not - Thốt Nốt Sốt Trái Cây,Cà Phê Đen Pha Máy,Cà phê sạch pha máy.,25000,0,0,0,Quận 3,Hồ Chí Minh,4.8,99,Sinh tố/Nước ép/Sữa,189,10.774689674377441,106.68232727050781,55000
9340,Th'not - Thốt Nốt Sốt Trái Cây,Cà Phê Sữa Pha Máy,Cà phê sạch pha máy,28000,1,0,0,Quận 3,Hồ Chí Minh,4.8,99,Sinh tố/Nước ép/Sữa,189,10.774689674377441,106.68232727050781,55000
9340,Th'not - Thốt Nốt Sốt Trái Cây,COMBO 03 LOẠI BÁNH BÒ THỐT NỐT,"Combo gồm: 1 bánh bò thốt nốt chính gốc và 1 phần bánh bò thốt nốt nướng, 01 bánh bò thốt nốt Tân Châu. Mỗi bánh có tặng kèm 1 phần nước cốt dừa.",65000,28,1,0,Quận 3,Hồ Chí Minh,4.8,99,Sinh tố/Nước ép/Sữa,189,10.774689674377441,106.68232727050781,55000
9340,Th'not - Thốt Nốt Sốt Trái Cây,COMBO NGỌT NGÀO,[Thông báo: Từ 01/05/2024 quán chỉ bán duy nhất ly lớn] Combo gồm: 01 ly sữa tươi thốt nốt và 01 bánh bò. Quý khách có thể tuỳ chọn món nước và bánh theo tuỳ thích.,65000,8,0,0,Quận 3,Hồ Chí Minh,4.8,99,Sinh tố/Nước ép/Sữa,189,10.774689674377441,106.68232727050781,55000
9340,Th'not - Thốt Nốt Sốt Trái Cây,COMBO NO CĂNG,[Thông báo: Từ 01/05/2024 quán chỉ bán duy nhất ly lớn] Combo gồm: 1 ly sữa chua dầm thốt nốt và 1 phần bánh bò thốt nốt. Quý khách có thể tuỳ chọn loại nước và bánh theo ý thích.,69000,5,0,0,Quận 3,Hồ Chí Minh,4.8,99,Sinh tố/Nước ép/Sữa,189,10.774689674377441,106.68232727050781,55000
9340,Th'not - Thốt Nốt Sốt Trái Cây,COMBO MUA 04 ĐƯỢC 05,"[Thông báo: Từ 01/05/2024 quán chỉ bán duy nhất ly lớn] Nhằm tri ân khách hàng thay lời chúc mừng năm mới, khi mua 04 ly Thốt Nốt Tươi Truyền Thống Thnot gửi tặng thêm 01 ly cùng loại.",192000,1,0,0,Quận 3,Hồ Chí Minh,4.8,99,Sinh tố/Nước ép/Sữa,189,10.774689674377441,106.68232727050781,55000
9340,Th'not - Thốt Nốt Sốt Trái Cây,COMBO MUA 02 TẶNG 01,[Thông báo: Từ 01/05/2024 quán chỉ bán duy nhất ly lớn] Vào mỗi cuối tuần (T7-CN) áp dụng chương trình ưu đãi đặc biệt khi khách mua 2 ly Thốt Nốt Tươi Truyền Thống TẶNG 01 Nước Thốt Nốt Nguyên Chất (Chai 330ml),96000,8,0,0,Quận 3,Hồ Chí Minh,4.8,99,Sinh tố/Nước ép/Sữa,189,10.774689674377441,106.68232727050781,55000
9340,Th'not - Thốt Nốt Sốt Trái Cây,COMBO ĐẶC SẢN,[Thông báo: Từ 01/05/2024 quán chỉ bán duy nhất ly lớn]Combo gồm: 01 ly nước thốt nốt và một phần bánh bò thốt nốt. Quý khách có thể tuỳ chọn nước và bánh theo ý thích.,49000,10,0,0,Quận 3,Hồ Chí Minh,4.8,99,Sinh tố/Nước ép/Sữa,189,10.774689674377441,106.68232727050781,55000
9340,Th'not - Thốt Nốt Sốt Trái Cây,Đường Thốt Nốt Viên (Tán Nhỏ),"500g đường thốt nốt tán nhỏ. Dùng để nấu chè, làm bánh, kho cá...thay đường cát cho người ăn kiêng. Tốt cho sức khoẻ.",48000,4,0,0,Quận 3,Hồ Chí Minh,4.8,99,Sinh tố/Nước ép/Sữa,189,10.774689674377441,106.68232727050781,55000
9340,Th'not - Thốt Nốt Sốt Trái Cây,Đường Thốt Nốt Viên (Tán Lớn),"1kg Đường thốt nốt loại tán viên, dễ bảo quản, dễ sử dụng, dùng thay đường cát trong chế biến, tốt cho sức khỏe.",90000,1,0,0,Quận 3,Hồ Chí Minh,4.8,99,Sinh tố/Nước ép/Sữa,189,10.774689674377441,106.68232727050781,55000
9340,Th'not - Thốt Nốt Sốt Trái Cây,Đường Thốt Nốt Nguyên Chất (Đường Chảy),"Đường thốt nốt nguyên chất, không phẩm màu, không chất hoá học. Sản phẩm thơm đậm vị của đường thốt nốt sản phẩm. Có thể nấu chè, kho cá, làm nước màu,...hoặc thay thế cho đường cát. Tốt cho sức khoẻ!",90000,1,0,0,Quận 3,Hồ Chí Minh,4.8,99,Sinh tố/Nước ép/Sữa,189,10.774689674377441,106.68232727050781,55000
9340,Th'not - Thốt Nốt Sốt Trái Cây,500G Trái Thốt Nốt Đã Chế Biến,"Trái thốt nốt tươi đã gọt sẵn, ướp đường (500g cơm thốt nốt và 100g nước đường).",138000,6,0,1,Quận 3,Hồ Chí Minh,4.8,99,Sinh tố/Nước ép/Sữa,189,10.774689674377441,106.68232727050781,55000
9340,Th'not - Thốt Nốt Sốt Trái Cây,500g Thạch Thốt Nốt,Thạch thốt nốt dẻo dai thơm mát. Vị ngọt tự nhiên từ thốt nốt.,55000,0,0,0,Quận 3,Hồ Chí Minh,4.8,99,Sinh tố/Nước ép/Sữa,189,10.774689674377441,106.68232727050781,55000
9340,Th'not - Thốt Nốt Sốt Trái Cây,500g Thốt Nốt Rim,"Thốt nốt rim hoàn toàn không dùng phẩm màu hay hóa chất. Dùng để pha sữa tươi, làm bánh hay một số thức uống khác. Vị ngọt thanh, cơm thốt nốt dẻo mềm (500g cơm thốt nốt rim và 100g nước đường rim)",195000,2,0,0,Quận 3,Hồ Chí Minh,4.8,99,Sinh tố/Nước ép/Sữa,189,10.774689674377441,106.68232727050781,55000
9340,Th'not - Thốt Nốt Sốt Trái Cây,Nước Màu Thốt Nốt,"Nước màu làm từ đường thốt nốt, tốt cho sức khoẻ, vị thơm đặc trưng.",32000,0,0,0,Quận 3,Hồ Chí Minh,4.8,99,Sinh tố/Nước ép/Sữa,189,10.774689674377441,106.68232727050781,55000
9340,Th'not - Thốt Nốt Sốt Trái Cây,Nước Thốt Nốt Nguyên Chất (Chai 330ml),"Nước thốt nốt nguyên chất đóng chai (không đá), không pha thêm nước, không đường hoá học, không chất tạo mùi.",35000,13,0,0,Quận 3,Hồ Chí Minh,4.8,99,Sinh tố/Nước ép/Sữa,189,10.774689674377441,106.68232727050781,55000
9340,Th'not - Thốt Nốt Sốt Trái Cây,Nước Thốt Nốt Nguyên Chất (Chai 500ml),"Nước thốt nốt nguyên chất đóng chai (không đá), không pha thêm nước, không đường hoá học, không chất tạo mùi. ",45000,21,0,0,Quận 3,Hồ Chí Minh,4.8,99,Sinh tố/Nước ép/Sữa,189,10.774689674377441,106.68232727050781,55000
9340,Th'not - Thốt Nốt Sốt Trái Cây,Bánh Tráng muối tỏi,"Bánh tráng xì ke tỏi cay. Đóng hộp giấy, tặng kèm tắc và rau răm.",15000,13,0,0,Quận 3,Hồ Chí Minh,4.8,99,Sinh tố/Nước ép/Sữa,189,10.774689674377441,106.68232727050781,55000
9340,Th'not - Thốt Nốt Sốt Trái Cây,Hạt Hướng Dương Vị Dừa,Túi 40g,18000,13,0,1,Quận 3,Hồ Chí Minh,4.8,99,Sinh tố/Nước ép/Sữa,189,10.774689674377441,106.68232727050781,55000
9340,Th'not - Thốt Nốt Sốt Trái Cây,Bánh Quy Chấm Sữa,"Món ăn vặt tuổi thơ, bánh quy chấm sữa, hủ 300g.",70000,1,0,0,Quận 3,Hồ Chí Minh,4.8,99,Sinh tố/Nước ép/Sữa,189,10.774689674377441,106.68232727050781,55000
9340,Th'not - Thốt Nốt Sốt Trái Cây,Cơm Cháy Chà Bông,"Cơm cháy chà bông nhà làm, thủ công nên giòn xốp toàn phần. ",42000,3,0,0,Quận 3,Hồ Chí Minh,4.8,99,Sinh tố/Nước ép/Sữa,189,10.774689674377441,106.68232727050781,55000
9340,Th'not - Thốt Nốt Sốt Trái Cây,Me Dốt Chấm Muối,"Me dốt chấm muối ớt, hủ 500g",98000,1,0,0,Quận 3,Hồ Chí Minh,4.8,99,Sinh tố/Nước ép/Sữa,189,10.774689674377441,106.68232727050781,55000
9340,Th'not - Thốt Nốt Sốt Trái Cây,Nui Lắc Khô Bò Lá Chanh,"Nui sấy lắc khô bof lá chanh sản xuất từ nguyên liệu sạch, không chất bảo quản. Tặng kèm tắc tươi. ",25000,0,0,0,Quận 3,Hồ Chí Minh,4.8,99,Sinh tố/Nước ép/Sữa,189,10.774689674377441,106.68232727050781,55000
9340,Th'not - Thốt Nốt Sốt Trái Cây,Nui Sấy Bơ Tỏi Chà Bông,"Bịt 140g, Nui Sấy Thơm Tỏi Cay, Béo Vị Bơ Và Siêu Chà Bông. Sản Phẩm Nhà Làm, Có Nguyên Liệu Tươi Sạch Chất Lượng.",38000,2,0,0,Quận 3,Hồ Chí Minh,4.8,99,Sinh tố/Nước ép/Sữa,189,10.774689674377441,106.68232727050781,55000
9340,Th'not - Thốt Nốt Sốt Trái Cây,"Bánh Tráng Tỏi Cay ""Xì Ke""","Có rất nhiều loại muối ngoài thị trường, bên em cam kết dùng loại muối ngon nhất, độc quyền lò nhà làm. 
Bánh tráng , kèm muối tôm ngon cùng với tỏi phi thơm phức.
Ăn 1 lần là nhớ mãi, ăn rồi muốn ăn nữa, ghiền như ""xì ke"".",15000,5,0,0,Quận 3,Hồ Chí Minh,4.8,99,Sinh tố/Nước ép/Sữa,189,10.774689674377441,106.68232727050781,55000
9340,Th'not - Thốt Nốt Sốt Trái Cây,Chùm Ruột Muối Ớt,"Chùm ruột rim cay cay, chua chua, hơi mằn mặn và ngọt vừa phải để giữ lấy hương vị hấp dẫn tự nhiên của loại quả tuổi thơ dữ dội này! 
Tứ vị chua cay mặn ngọt này đã làm điên đảo bao nhiêu thế hệ, chần chừ gì mà bạn không thử.
 Hủ Pet 400g.",98000,1,0,0,Quận 3,Hồ Chí Minh,4.8,99,Sinh tố/Nước ép/Sữa,189,10.774689674377441,106.68232727050781,55000
9340,Th'not - Thốt Nốt Sốt Trái Cây,Me Cay Xí Muội,"Me cay xí muột ớt, chua chua cay cay. Hủ Pet 300g.",55000,0,0,0,Quận 3,Hồ Chí Minh,4.8,99,Sinh tố/Nước ép/Sữa,189,10.774689674377441,106.68232727050781,55000
9340,Th'not - Thốt Nốt Sốt Trái Cây,Đậu Hà Lan Tỏi Ớt,"Đậu hà lan bùi trong, giòn ngoài thích hợp để lai rai cho những ngày mưa, ăn vặt buổi xế tại văn phòng và nhâm nhi uống bia. Hủ pet 250g.",55000,1,0,0,Quận 3,Hồ Chí Minh,4.8,99,Sinh tố/Nước ép/Sữa,189,10.774689674377441,106.68232727050781,55000
9340,Th'not - Thốt Nốt Sốt Trái Cây,Muối Tôm Như Ý,"Muối tôm,bây giờ gọi là muối ghiền rồi mọi người ơi,1 loại muối ko trùng với bất kỳ 1 loại nào khác. Mặn vừa ăn hạt muối to,đặc biệt rất giòn thơm. 
Hủ 60g.",22000,6,0,0,Quận 3,Hồ Chí Minh,4.8,99,Sinh tố/Nước ép/Sữa,189,10.774689674377441,106.68232727050781,55000
9340,Th'not - Thốt Nốt Sốt Trái Cây,Khô Heo Cháy Tỏi,"Khách lưu ý sản phẩm là gà giả heo, thị trường vẫn gọi là khô heo cháy tỏi. 
Tẩm ướp công thức riêng không giống bất cứ loại heo khô nào trên thị trường. Ăn đậm đà thơm ngon. Hủ pet 180g.",75000,2,0,0,Quận 3,Hồ Chí Minh,4.8,99,Sinh tố/Nước ép/Sữa,189,10.774689674377441,106.68232727050781,55000
9340,Th'not - Thốt Nốt Sốt Trái Cây,Kiwi Sấy Dẻo,"Những miếng mứt kiwi dẻo, thơm, có vị chua chua, ngọt ngọt ...được xem là món tráng miệng và ăn chơi lý tưởng 
Trái kiwi không chỉ trông hấp dẫn bởi màu xanh bắt mắt và mùi vị ngon lành mà còn rất tốt cho sức khỏe.
Hủ pet 300g.",98000,0,0,0,Quận 3,Hồ Chí Minh,4.8,99,Sinh tố/Nước ép/Sữa,189,10.774689674377441,106.68232727050781,55000
9340,Th'not - Thốt Nốt Sốt Trái Cây,Táo Đỏ,"Táo đỏ loại ngon, cùi dày, thịt mềm ngọt, dẻo thơm dùng ăn vặt, hãm trà, chưng yến, nấu chè, làm nguyên liệu chè dưỡng nhan...
Hủ pet 350g.",75000,1,0,0,Quận 3,Hồ Chí Minh,4.8,99,Sinh tố/Nước ép/Sữa,189,10.774689674377441,106.68232727050781,55000
9340,Th'not - Thốt Nốt Sốt Trái Cây,Vỏ Bưởi Sấy Dẻo,"Công dụng mứt vỏ bưởi không chỉ thơm ngon mà phần vỏ với vị cay nồng, đắng nhưng rất thơm, chứa nhiều tinh dầu còn được xem là thực phẩm hỗ trợ giảm cân rất tốt, ngừa viêm họng hiệu quả. 
Hủ pet 200g.",98000,0,0,0,Quận 3,Hồ Chí Minh,4.8,99,Sinh tố/Nước ép/Sữa,189,10.774689674377441,106.68232727050781,55000
9340,Th'not - Thốt Nốt Sốt Trái Cây,Xí Muội Đào Ô Liu,"Hộp ô mai 400gr bao gồm từ 3 loại ô mai (Xí muội oliu; Đào bổ đôi; Mận cơm đỏ) khác nhau vị ngọt tự nhiên, không chất bảo quản.",88000,2,0,0,Quận 3,Hồ Chí Minh,4.8,99,Sinh tố/Nước ép/Sữa,189,10.774689674377441,106.68232727050781,55000
9340,Th'not - Thốt Nốt Sốt Trái Cây,Đậu Phộng Cốt Dừa Tỏi Ớt,"Nghe cái tên thôi cũng đủ biết nguyên liệu chính là đậu phộng rồi. Độ giòn đậu phộng thì khỏi bàn rồi
Áo ngoài 1 lớp da cá cốt dừa tạo độ ngậy, ngon nhưng không béo. 
Hủ pet 300g",55000,0,0,0,Quận 3,Hồ Chí Minh,4.8,99,Sinh tố/Nước ép/Sữa,189,10.774689674377441,106.68232727050781,55000
9340,Th'not - Thốt Nốt Sốt Trái Cây,Hạt Điều Rang Muối,"Điều cồ A là loại điều to nhất trong giới hạt điều, thủ lĩnh của làng điều. Độ thơm, giòn, béo, ngậy thì không có loại điều nào sánh bằng
Chưa kể có chứa chất chống oxy hóa như vitamin E, K, B6,.. Đặc biệt tốt cho sức khỏe!
Hủ pet 330g",125000,2,0,0,Quận 3,Hồ Chí Minh,4.8,99,Sinh tố/Nước ép/Sữa,189,10.774689674377441,106.68232727050781,55000
9340,Th'not - Thốt Nốt Sốt Trái Cây,Hạt Đác Sấy Dẻo,"Được sấy từ hạt đác tươi, sấy nguyên chất không tẩm đường
Cho vào tủ lạnh ăn vừa giòn vừa mát cực ngon, ăn không hay ăn kèm sữa chua, nấu chè rất ngon, tốt cho những người ăn kiêng và kiêng đường, vị ngọt nhẹ thanh mát.  
Hủ pet 400g",145000,2,0,0,Quận 3,Hồ Chí Minh,4.8,99,Sinh tố/Nước ép/Sữa,189,10.774689674377441,106.68232727050781,55000
9340,Th'not - Thốt Nốt Sốt Trái Cây,Bắp Bò Lá Chanh,"Giòn tan vị bắp,mặn mà vị khô bò.
Bắp giòn rụp rụp, thấm đẫm gia vị của khô bò tỏi cay cay, mặn mặn, nó dậy vị, bắt mồi dã man luôn.
Hủ pet 220g",48000,2,0,0,Quận 3,Hồ Chí Minh,4.8,99,Sinh tố/Nước ép/Sữa,189,10.774689674377441,106.68232727050781,55000
9340,Th'not - Thốt Nốt Sốt Trái Cây,Bánh Tráng Xì Ke Miếng Lớn,"Phiên bản miếng bánh tráng lớn, muối tỏi siêu cay gây nghiện. Cay cay hít hà, càng ăn càng nghiện.",22000,1,0,0,Quận 3,Hồ Chí Minh,4.8,99,Sinh tố/Nước ép/Sữa,189,10.774689674377441,106.68232727050781,55000
9340,Th'not - Thốt Nốt Sốt Trái Cây,Bánh Tráng Siêu Cay,"Bánh tráng cắt miếng vừa ăn, được phủ muối tỏi chất lượng. Bao phê nha khách ơi. Ăn ghiền.",22000,4,0,0,Quận 3,Hồ Chí Minh,4.8,99,Sinh tố/Nước ép/Sữa,189,10.774689674377441,106.68232727050781,55000
9340,Th'not - Thốt Nốt Sốt Trái Cây,Mứt Gừng Thái Sấy Dẻo,"Giúp Giải cảm, trợ tiêu hoá, giảm ho 
Mứt gừng viên mềm dẻo, không quá ngọt, hoàn toàn giữ được hương vị tự nhiên của gừng.
Cái thời tiết se se lạnh làm mình nhớ cái cảm giác nhâm nhi.
Hủ pet 350g",125000,1,0,0,Quận 3,Hồ Chí Minh,4.8,99,Sinh tố/Nước ép/Sữa,189,10.774689674377441,106.68232727050781,55000
9340,Th'not - Thốt Nốt Sốt Trái Cây,Bánh Tráng Tomyum,"Có rất nhiều loại muối ngoài thị trường, bên em cam kết dùng loại muối ngon nhất, độc quyền lò nhà làm. 
Bánh tráng , kèm muối tôm ngon cùng với tỏi phi thơm phức.
Ăn 1 lần là nhớ mãi, ăn rồi muốn ăn nữa, ghiền như ""xì ke"".",22000,2,0,0,Quận 3,Hồ Chí Minh,4.8,99,Sinh tố/Nước ép/Sữa,189,10.774689674377441,106.68232727050781,55000
9340,Th'not - Thốt Nốt Sốt Trái Cây,Mứt Cóc Muối Ớt,"Chua chua ngọt ngọt cay cay. Món này thì khi rim lên rồi sấy khô, bề mặt ngoài của miếng cóc có một lớp mỏng của đường cát trắng và ớt khô, it muối mặn nhẹ. 
Hủ pet 300g",75000,1,0,0,Quận 3,Hồ Chí Minh,4.8,99,Sinh tố/Nước ép/Sữa,189,10.774689674377441,106.68232727050781,55000
9340,Th'not - Thốt Nốt Sốt Trái Cây,Khô Gà Lá Chanh,"Gia vị vừa đủ, nhâm nhi, ăn ngon cực kỳ
Thịt gà tươi chất lượng đảm bảo, không chất bảo quản, không đường hoá học!Vệ sinh an toàn thực phẩm! 
Hủ pet 180g",55000,6,0,0,Quận 3,Hồ Chí Minh,4.8,99,Sinh tố/Nước ép/Sữa,189,10.774689674377441,106.68232727050781,55000
7503,Tui Bán Trà - Tiệm Trà Chanh Hong Kong - Nguyễn Thượng Hiền,Trà Chanh Hong Kong,Hồng trà kết hợp chanh vàng,30000,63,0,0,quận 3,thành phố Hồ Chí Minh,4.9,48,Trà sữa,189,10.774530410766602,106.68380737304688,35000
7503,Tui Bán Trà - Tiệm Trà Chanh Hong Kong - Nguyễn Thượng Hiền,Hồng Trà Tắc,,25000,25,0,0,quận 3,thành phố Hồ Chí Minh,4.9,48,Trà sữa,189,10.774530410766602,106.68380737304688,35000
7503,Tui Bán Trà - Tiệm Trà Chanh Hong Kong - Nguyễn Thượng Hiền,Hồng Trà Trân Châu,,30000,11,0,0,quận 3,thành phố Hồ Chí Minh,4.9,48,Trà sữa,189,10.774530410766602,106.68380737304688,35000
7503,Tui Bán Trà - Tiệm Trà Chanh Hong Kong - Nguyễn Thượng Hiền,Hồng Trà Vải,,35000,5,0,0,quận 3,thành phố Hồ Chí Minh,4.9,48,Trà sữa,189,10.774530410766602,106.68380737304688,35000
7503,Tui Bán Trà - Tiệm Trà Chanh Hong Kong - Nguyễn Thượng Hiền,Hồng Trà Đào,,35000,1,0,0,quận 3,thành phố Hồ Chí Minh,4.9,48,Trà sữa,189,10.774530410766602,106.68380737304688,35000
7503,Tui Bán Trà - Tiệm Trà Chanh Hong Kong - Nguyễn Thượng Hiền,Trà Sữa Hong Kong,Đã có sẵn sương sáo,30000,7,0,0,quận 3,thành phố Hồ Chí Minh,4.9,48,Trà sữa,189,10.774530410766602,106.68380737304688,35000
7503,Tui Bán Trà - Tiệm Trà Chanh Hong Kong - Nguyễn Thượng Hiền,Trà Sữa Lài,,30000,15,0,0,quận 3,thành phố Hồ Chí Minh,4.9,48,Trà sữa,189,10.774530410766602,106.68380737304688,35000
7503,Tui Bán Trà - Tiệm Trà Chanh Hong Kong - Nguyễn Thượng Hiền,Trà Sữa Phô Mai HK,Đã có sẵn thạch phô mai,40000,2,0,0,quận 3,thành phố Hồ Chí Minh,4.9,48,Trà sữa,189,10.774530410766602,106.68380737304688,35000
7503,Tui Bán Trà - Tiệm Trà Chanh Hong Kong - Nguyễn Thượng Hiền,Trà Sữa Chôm Chôm,,40000,13,0,0,quận 3,thành phố Hồ Chí Minh,4.9,48,Trà sữa,189,10.774530410766602,106.68380737304688,35000
7503,Tui Bán Trà - Tiệm Trà Chanh Hong Kong - Nguyễn Thượng Hiền,Trà Xí Muội,Đã có sẵn thạch xí muội,35000,17,0,0,quận 3,thành phố Hồ Chí Minh,4.9,48,Trà sữa,189,10.774530410766602,106.68380737304688,35000
7503,Tui Bán Trà - Tiệm Trà Chanh Hong Kong - Nguyễn Thượng Hiền,Lục Trà Chanh,Đã có sẵn nha đam,30000,9,0,0,quận 3,thành phố Hồ Chí Minh,4.9,48,Trà sữa,189,10.774530410766602,106.68380737304688,35000
7503,Tui Bán Trà - Tiệm Trà Chanh Hong Kong - Nguyễn Thượng Hiền,Lục Trà Nhãn,,35000,8,0,0,quận 3,thành phố Hồ Chí Minh,4.9,48,Trà sữa,189,10.774530410766602,106.68380737304688,35000
7503,Tui Bán Trà - Tiệm Trà Chanh Hong Kong - Nguyễn Thượng Hiền,Lục Trà Vải,,35000,5,0,0,quận 3,thành phố Hồ Chí Minh,4.9,48,Trà sữa,189,10.774530410766602,106.68380737304688,35000
7503,Tui Bán Trà - Tiệm Trà Chanh Hong Kong - Nguyễn Thượng Hiền,Lục Trà Chôm Chôm,,35000,4,0,0,quận 3,thành phố Hồ Chí Minh,4.9,48,Trà sữa,189,10.774530410766602,106.68380737304688,35000
7503,Tui Bán Trà - Tiệm Trà Chanh Hong Kong - Nguyễn Thượng Hiền,Trà Mãng Cầu ,,35000,42,0,0,quận 3,thành phố Hồ Chí Minh,4.9,48,Trà sữa,189,10.774530410766602,106.68380737304688,35000
7503,Tui Bán Trà - Tiệm Trà Chanh Hong Kong - Nguyễn Thượng Hiền,Trà Dâu Tây - Size L,chỉ có size L ,35000,19,0,0,quận 3,thành phố Hồ Chí Minh,4.9,48,Trà sữa,189,10.774530410766602,106.68380737304688,35000
7503,Tui Bán Trà - Tiệm Trà Chanh Hong Kong - Nguyễn Thượng Hiền,Trà Dâu Chôm Chôm - Size L,chỉ có size L,39000,15,0,2,quận 3,thành phố Hồ Chí Minh,4.9,48,Trà sữa,189,10.774530410766602,106.68380737304688,35000
7503,Tui Bán Trà - Tiệm Trà Chanh Hong Kong - Nguyễn Thượng Hiền,Trà Dâu Nhãn - size L,chỉ có size L,39000,3,0,0,quận 3,thành phố Hồ Chí Minh,4.9,48,Trà sữa,189,10.774530410766602,106.68380737304688,35000
7503,Tui Bán Trà - Tiệm Trà Chanh Hong Kong - Nguyễn Thượng Hiền,Trà Dâu Vải - Size L,chỉ có size L,39000,5,0,0,quận 3,thành phố Hồ Chí Minh,4.9,48,Trà sữa,189,10.774530410766602,106.68380737304688,35000
7503,Tui Bán Trà - Tiệm Trà Chanh Hong Kong - Nguyễn Thượng Hiền,Trà Chanh Giã Tay ,chỉ có size L,39000,12,0,0,quận 3,thành phố Hồ Chí Minh,4.9,48,Trà sữa,189,10.774530410766602,106.68380737304688,35000
542,Nước Ép Số 2 - Nguyễn Thượng Hiền,Trà long nhãn Thái Lan,1000ml,35000,2,0,0,Quận 3,Thành Phố Hồ Chí Minh,5.0,5,Sinh tố/Nước ép/Sữa,189,10.770560264587402,106.68636322021484,35000
542,Nước Ép Số 2 - Nguyễn Thượng Hiền,Nước dừa xiêm Bến Tre,,29900,10,0,0,Quận 3,Thành Phố Hồ Chí Minh,5.0,5,Sinh tố/Nước ép/Sữa,189,10.770560264587402,106.68636322021484,35000
542,Nước Ép Số 2 - Nguyễn Thượng Hiền,Nha đam tươi nấu đường phèn lá dứa,,20000,5,0,0,Quận 3,Thành Phố Hồ Chí Minh,5.0,5,Sinh tố/Nước ép/Sữa,189,10.770560264587402,106.68636322021484,35000
542,Nước Ép Số 2 - Nguyễn Thượng Hiền,Trà nhiệt đới,1000ml,35000,0,0,0,Quận 3,Thành Phố Hồ Chí Minh,5.0,5,Sinh tố/Nước ép/Sữa,189,10.770560264587402,106.68636322021484,35000
542,Nước Ép Số 2 - Nguyễn Thượng Hiền,Nước dừa tắc - dừa xiêm xanh,1000ml,33000,3,0,0,Quận 3,Thành Phố Hồ Chí Minh,5.0,5,Sinh tố/Nước ép/Sữa,189,10.770560264587402,106.68636322021484,35000
542,Nước Ép Số 2 - Nguyễn Thượng Hiền,Nha đam đường phèn hạt chia lá dứa,,20000,1,0,0,Quận 3,Thành Phố Hồ Chí Minh,5.0,5,Sinh tố/Nước ép/Sữa,189,10.770560264587402,106.68636322021484,35000
542,Nước Ép Số 2 - Nguyễn Thượng Hiền,Dừa tắc xí muội đường phèn,,35000,0,0,0,Quận 3,Thành Phố Hồ Chí Minh,5.0,5,Sinh tố/Nước ép/Sữa,189,10.770560264587402,106.68636322021484,35000
542,Nước Ép Số 2 - Nguyễn Thượng Hiền,Đá me tuổi thơ,Ly 1000ml có đường + có đá riêng,30000,2,0,0,Quận 3,Thành Phố Hồ Chí Minh,5.0,5,Sinh tố/Nước ép/Sữa,189,10.770560264587402,106.68636322021484,35000
542,Nước Ép Số 2 - Nguyễn Thượng Hiền,Trà dâu tằm Đà Lạt,Ly 1000ml có đường + có đá riêng,35000,0,0,0,Quận 3,Thành Phố Hồ Chí Minh,5.0,5,Sinh tố/Nước ép/Sữa,189,10.770560264587402,106.68636322021484,35000
542,Nước Ép Số 2 - Nguyễn Thượng Hiền,Nước dừa đào,Nước dừa xiêm - đào ngâm,35000,0,0,0,Quận 3,Thành Phố Hồ Chí Minh,5.0,5,Sinh tố/Nước ép/Sữa,189,10.770560264587402,106.68636322021484,35000
542,Nước Ép Số 2 - Nguyễn Thượng Hiền,Sữa bắp,,20000,0,0,0,Quận 3,Thành Phố Hồ Chí Minh,5.0,5,Sinh tố/Nước ép/Sữa,189,10.770560264587402,106.68636322021484,35000
542,Nước Ép Số 2 - Nguyễn Thượng Hiền,Nước dừa - tắc - mít Thái,,35000,0,0,0,Quận 3,Thành Phố Hồ Chí Minh,5.0,5,Sinh tố/Nước ép/Sữa,189,10.770560264587402,106.68636322021484,35000
542,Nước Ép Số 2 - Nguyễn Thượng Hiền,Sữa đậu nành - nấu lá dứa,,20000,0,0,0,Quận 3,Thành Phố Hồ Chí Minh,5.0,5,Sinh tố/Nước ép/Sữa,189,10.770560264587402,106.68636322021484,35000
542,Nước Ép Số 2 - Nguyễn Thượng Hiền,Sâm mía lau nấu đường fèn,Nấu từ cây lá thiên nhiên,20000,0,0,0,Quận 3,Thành Phố Hồ Chí Minh,5.0,5,Sinh tố/Nước ép/Sữa,189,10.770560264587402,106.68636322021484,35000
542,Nước Ép Số 2 - Nguyễn Thượng Hiền,Rau má xay tươi,,20000,1,0,0,Quận 3,Thành Phố Hồ Chí Minh,5.0,5,Sinh tố/Nước ép/Sữa,189,10.770560264587402,106.68636322021484,35000
542,Nước Ép Số 2 - Nguyễn Thượng Hiền,Sâm bông cúc nấu đường phèn,,20000,0,0,0,Quận 3,Thành Phố Hồ Chí Minh,5.0,5,Sinh tố/Nước ép/Sữa,189,10.770560264587402,106.68636322021484,35000
542,Nước Ép Số 2 - Nguyễn Thượng Hiền,Rau má xay tươi - đậu xanh,,28000,0,0,0,Quận 3,Thành Phố Hồ Chí Minh,5.0,5,Sinh tố/Nước ép/Sữa,189,10.770560264587402,106.68636322021484,35000
542,Nước Ép Số 2 - Nguyễn Thượng Hiền,Hoa atiso đỏ - nấu hoa tươi đường phèn,,35000,0,0,0,Quận 3,Thành Phố Hồ Chí Minh,5.0,5,Sinh tố/Nước ép/Sữa,189,10.770560264587402,106.68636322021484,35000
542,Nước Ép Số 2 - Nguyễn Thượng Hiền,Nước ép thập cẩm - thanh lọc cơ thể - giải độc - chống lão hoá,Chai 500ml gồm cần tây - táo xanh - thơm - hạt chia - chanh dây,45000,1,0,0,Quận 3,Thành Phố Hồ Chí Minh,5.0,5,Sinh tố/Nước ép/Sữa,189,10.770560264587402,106.68636322021484,35000
542,Nước Ép Số 2 - Nguyễn Thượng Hiền,Thanh lọc gan,"Củ dền, cà rốt, cần tây, chanh, gừng",40000,0,0,0,Quận 3,Thành Phố Hồ Chí Minh,5.0,5,Sinh tố/Nước ép/Sữa,189,10.770560264587402,106.68636322021484,35000
542,Nước Ép Số 2 - Nguyễn Thượng Hiền,Chữa giảm trí nhớ,"Lựu, củ dền, nho",40000,0,0,0,Quận 3,Thành Phố Hồ Chí Minh,5.0,5,Sinh tố/Nước ép/Sữa,189,10.770560264587402,106.68636322021484,35000
542,Nước Ép Số 2 - Nguyễn Thượng Hiền,Nước ép gừng - cần tây - táo - thơm,"Chai 500ml không đường + không đá,ép liền",40000,0,0,0,Quận 3,Thành Phố Hồ Chí Minh,5.0,5,Sinh tố/Nước ép/Sữa,189,10.770560264587402,106.68636322021484,35000
542,Nước Ép Số 2 - Nguyễn Thượng Hiền,Giảm cân thần tốc,"Cần tây, ớt chuông, táo, thơm",40000,0,0,0,Quận 3,Thành Phố Hồ Chí Minh,5.0,5,Sinh tố/Nước ép/Sữa,189,10.770560264587402,106.68636322021484,35000
542,Nước Ép Số 2 - Nguyễn Thượng Hiền,Giảm lo âu,"Cà rốt, cần tây, lựu",40000,0,0,0,Quận 3,Thành Phố Hồ Chí Minh,5.0,5,Sinh tố/Nước ép/Sữa,189,10.770560264587402,106.68636322021484,35000
542,Nước Ép Số 2 - Nguyễn Thượng Hiền,Trắng da thần tốc,"Ổi, dâu tây, cà chua, thanh long",40000,0,0,0,Quận 3,Thành Phố Hồ Chí Minh,5.0,5,Sinh tố/Nước ép/Sữa,189,10.770560264587402,106.68636322021484,35000
542,Nước Ép Số 2 - Nguyễn Thượng Hiền,Trị nám - tàng nhan,"Dưa chuột, thơm, táo",40000,0,0,0,Quận 3,Thành Phố Hồ Chí Minh,5.0,5,Sinh tố/Nước ép/Sữa,189,10.770560264587402,106.68636322021484,35000
542,Nước Ép Số 2 - Nguyễn Thượng Hiền,Trị tiểu đường,"Cần tây, cải bó xôi, cà rốt",40000,0,0,0,Quận 3,Thành Phố Hồ Chí Minh,5.0,5,Sinh tố/Nước ép/Sữa,189,10.770560264587402,106.68636322021484,35000
542,Nước Ép Số 2 - Nguyễn Thượng Hiền,Trà mít Thái chanh dây,Ly 1000ml,35000,0,0,0,Quận 3,Thành Phố Hồ Chí Minh,5.0,5,Sinh tố/Nước ép/Sữa,189,10.770560264587402,106.68636322021484,35000
542,Nước Ép Số 2 - Nguyễn Thượng Hiền,Sinh tố mít,,30000,0,0,0,Quận 3,Thành Phố Hồ Chí Minh,5.0,5,Sinh tố/Nước ép/Sữa,189,10.770560264587402,106.68636322021484,35000
542,Nước Ép Số 2 - Nguyễn Thượng Hiền,Trà tắc mật ong,Ly 1000ml. Có đá - có đường - mật ong,25000,0,0,0,Quận 3,Thành Phố Hồ Chí Minh,5.0,5,Sinh tố/Nước ép/Sữa,189,10.770560264587402,106.68636322021484,35000
542,Nước Ép Số 2 - Nguyễn Thượng Hiền,Trà mãng cầu xiêm,Ly 1000ml. Có đá - có đường,35000,0,0,0,Quận 3,Thành Phố Hồ Chí Minh,5.0,5,Sinh tố/Nước ép/Sữa,189,10.770560264587402,106.68636322021484,35000
542,Nước Ép Số 2 - Nguyễn Thượng Hiền,Cacao sữa tươi,Ly 1000ml,28000,1,0,0,Quận 3,Thành Phố Hồ Chí Minh,5.0,5,Sinh tố/Nước ép/Sữa,189,10.770560264587402,106.68636322021484,35000
542,Nước Ép Số 2 - Nguyễn Thượng Hiền,Trà tắc xí muội ngào đường phèn,Ly 1000ml,25000,0,0,0,Quận 3,Thành Phố Hồ Chí Minh,5.0,5,Sinh tố/Nước ép/Sữa,189,10.770560264587402,106.68636322021484,35000
542,Nước Ép Số 2 - Nguyễn Thượng Hiền,Trà tắc,Ly khổng lổ 1000ml,20000,0,0,0,Quận 3,Thành Phố Hồ Chí Minh,5.0,5,Sinh tố/Nước ép/Sữa,189,10.770560264587402,106.68636322021484,35000
542,Nước Ép Số 2 - Nguyễn Thượng Hiền,Trà đào cam sả,Ly 1000ml,28000,1,0,0,Quận 3,Thành Phố Hồ Chí Minh,5.0,5,Sinh tố/Nước ép/Sữa,189,10.770560264587402,106.68636322021484,35000
542,Nước Ép Số 2 - Nguyễn Thượng Hiền,Hoa atiso đỏ dầm đá bào,Ly 1000ml,30000,0,0,0,Quận 3,Thành Phố Hồ Chí Minh,5.0,5,Sinh tố/Nước ép/Sữa,189,10.770560264587402,106.68636322021484,35000
542,Nước Ép Số 2 - Nguyễn Thượng Hiền,Trà chanh,Ly 1000ml,20000,1,0,0,Quận 3,Thành Phố Hồ Chí Minh,5.0,5,Sinh tố/Nước ép/Sữa,189,10.770560264587402,106.68636322021484,35000
542,Nước Ép Số 2 - Nguyễn Thượng Hiền,Trà dâu Đông Du,Ly 1000ml. Dâu tươi Đà Lạt,35000,0,0,0,Quận 3,Thành Phố Hồ Chí Minh,5.0,5,Sinh tố/Nước ép/Sữa,189,10.770560264587402,106.68636322021484,35000
542,Nước Ép Số 2 - Nguyễn Thượng Hiền,Trà đào,Ly 1000ml,25000,0,0,0,Quận 3,Thành Phố Hồ Chí Minh,5.0,5,Sinh tố/Nước ép/Sữa,189,10.770560264587402,106.68636322021484,35000
542,Nước Ép Số 2 - Nguyễn Thượng Hiền,Trà chanh mật ong,Ly 1000ml,25000,2,0,0,Quận 3,Thành Phố Hồ Chí Minh,5.0,5,Sinh tố/Nước ép/Sữa,189,10.770560264587402,106.68636322021484,35000
542,Nước Ép Số 2 - Nguyễn Thượng Hiền,Xoài keo gọt sẵn chấm muối ớt,500gr,55000,0,0,0,Quận 3,Thành Phố Hồ Chí Minh,5.0,5,Sinh tố/Nước ép/Sữa,189,10.770560264587402,106.68636322021484,35000
542,Nước Ép Số 2 - Nguyễn Thượng Hiền,Xoài non chấm mắm ruốc - mắm đường,1 hộp 400gr,60000,1,0,0,Quận 3,Thành Phố Hồ Chí Minh,5.0,5,Sinh tố/Nước ép/Sữa,189,10.770560264587402,106.68636322021484,35000
542,Nước Ép Số 2 - Nguyễn Thượng Hiền,Thơm Tiền Giang gọt sẵn,600gr. Thơm gọt sẵn - 1 bịch muối ớt,45000,3,0,0,Quận 3,Thành Phố Hồ Chí Minh,5.0,5,Sinh tố/Nước ép/Sữa,189,10.770560264587402,106.68636322021484,35000
542,Nước Ép Số 2 - Nguyễn Thượng Hiền,Cóc cày gọt sẵn,600gr. Muối ớt,40000,0,0,0,Quận 3,Thành Phố Hồ Chí Minh,5.0,5,Sinh tố/Nước ép/Sữa,189,10.770560264587402,106.68636322021484,35000
542,Nước Ép Số 2 - Nguyễn Thượng Hiền,Ổi lê gọt sẵn - muối,500gr - gọt sẳn,38000,0,0,0,Quận 3,Thành Phố Hồ Chí Minh,5.0,5,Sinh tố/Nước ép/Sữa,189,10.770560264587402,106.68636322021484,35000
542,Nước Ép Số 2 - Nguyễn Thượng Hiền,Đu đủ Thái gọt sẵn,500gr 1 hộp,40000,3,0,0,Quận 3,Thành Phố Hồ Chí Minh,5.0,5,Sinh tố/Nước ép/Sữa,189,10.770560264587402,106.68636322021484,35000
542,Nước Ép Số 2 - Nguyễn Thượng Hiền,Sapo miền Tây gọt sẵn,1 hộp 500gr gọt sẳn,40000,0,0,0,Quận 3,Thành Phố Hồ Chí Minh,5.0,5,Sinh tố/Nước ép/Sữa,189,10.770560264587402,106.68636322021484,35000
542,Nước Ép Số 2 - Nguyễn Thượng Hiền,Cà na ngâm gọt sẵn,1 hộp 600gr - muối ớt,60000,0,0,0,Quận 3,Thành Phố Hồ Chí Minh,5.0,5,Sinh tố/Nước ép/Sữa,189,10.770560264587402,106.68636322021484,35000
542,Nước Ép Số 2 - Nguyễn Thượng Hiền,Trái cây thập cẩm gọt sẵn,"600gr gồm ổi, cóc, sơ ri, thơm",45000,1,0,0,Quận 3,Thành Phố Hồ Chí Minh,5.0,5,Sinh tố/Nước ép/Sữa,189,10.770560264587402,106.68636322021484,35000
542,Nước Ép Số 2 - Nguyễn Thượng Hiền,Bơ sáp Đà Lạt gọt sẵn,"1 hộp 300gr, gọt sẵn",40000,3,0,0,Quận 3,Thành Phố Hồ Chí Minh,5.0,5,Sinh tố/Nước ép/Sữa,189,10.770560264587402,106.68636322021484,35000
542,Nước Ép Số 2 - Nguyễn Thượng Hiền,Sơ ri miền Tây,400gr - muối ớt,35000,0,0,0,Quận 3,Thành Phố Hồ Chí Minh,5.0,5,Sinh tố/Nước ép/Sữa,189,10.770560264587402,106.68636322021484,35000
542,Nước Ép Số 2 - Nguyễn Thượng Hiền,Thanh long ruột đỏ gọt sẵn,500gr ,40000,1,0,0,Quận 3,Thành Phố Hồ Chí Minh,5.0,5,Sinh tố/Nước ép/Sữa,189,10.770560264587402,106.68636322021484,35000
542,Nước Ép Số 2 - Nguyễn Thượng Hiền,Me ngâm,300gr,60000,1,0,0,Quận 3,Thành Phố Hồ Chí Minh,5.0,5,Sinh tố/Nước ép/Sữa,189,10.770560264587402,106.68636322021484,35000
542,Nước Ép Số 2 - Nguyễn Thượng Hiền,Dưa hấu Long An gọt,1 hộp 500gr gọt sẵn,40000,4,0,0,Quận 3,Thành Phố Hồ Chí Minh,5.0,5,Sinh tố/Nước ép/Sữa,189,10.770560264587402,106.68636322021484,35000
542,Nước Ép Số 2 - Nguyễn Thượng Hiền,Lựu Thái Lan - tách hạt,Tách hạt sẳn + 1 ly 700ml,40000,0,0,0,Quận 3,Thành Phố Hồ Chí Minh,5.0,5,Sinh tố/Nước ép/Sữa,189,10.770560264587402,106.68636322021484,35000
542,Nước Ép Số 2 - Nguyễn Thượng Hiền,Bưởi tươi ép,Bưởi 5 roi Cần Thơ,35000,2,0,0,Quận 3,Thành Phố Hồ Chí Minh,5.0,5,Sinh tố/Nước ép/Sữa,189,10.770560264587402,106.68636322021484,35000
542,Nước Ép Số 2 - Nguyễn Thượng Hiền,Ổi lê Bến Tre ép,,35000,0,0,0,Quận 3,Thành Phố Hồ Chí Minh,5.0,5,Sinh tố/Nước ép/Sữa,189,10.770560264587402,106.68636322021484,35000
542,Nước Ép Số 2 - Nguyễn Thượng Hiền,Thơm Tiền Giang ép,,38000,2,0,0,Quận 3,Thành Phố Hồ Chí Minh,5.0,5,Sinh tố/Nước ép/Sữa,189,10.770560264587402,106.68636322021484,35000
542,Nước Ép Số 2 - Nguyễn Thượng Hiền,Cam tươi ép,,35000,2,0,0,Quận 3,Thành Phố Hồ Chí Minh,5.0,5,Sinh tố/Nước ép/Sữa,189,10.770560264587402,106.68636322021484,35000
542,Nước Ép Số 2 - Nguyễn Thượng Hiền,Dưa hấu Long An ép,,35000,9,0,0,Quận 3,Thành Phố Hồ Chí Minh,5.0,5,Sinh tố/Nước ép/Sữa,189,10.770560264587402,106.68636322021484,35000
542,Nước Ép Số 2 - Nguyễn Thượng Hiền,Lựu Thái Lan ép,,42000,2,0,0,Quận 3,Thành Phố Hồ Chí Minh,5.0,5,Sinh tố/Nước ép/Sữa,189,10.770560264587402,106.68636322021484,35000
542,Nước Ép Số 2 - Nguyễn Thượng Hiền,Cóc cày miền Tây ép,,40000,4,0,0,Quận 3,Thành Phố Hồ Chí Minh,5.0,5,Sinh tố/Nước ép/Sữa,189,10.770560264587402,106.68636322021484,35000
542,Nước Ép Số 2 - Nguyễn Thượng Hiền,Táo USA ép,,40000,0,0,0,Quận 3,Thành Phố Hồ Chí Minh,5.0,5,Sinh tố/Nước ép/Sữa,189,10.770560264587402,106.68636322021484,35000
542,Nước Ép Số 2 - Nguyễn Thượng Hiền,Cà rốt Đà Lạt ép,,35000,0,0,0,Quận 3,Thành Phố Hồ Chí Minh,5.0,5,Sinh tố/Nước ép/Sữa,189,10.770560264587402,106.68636322021484,35000
542,Nước Ép Số 2 - Nguyễn Thượng Hiền,Cam sành mật ong ép,,35000,0,0,0,Quận 3,Thành Phố Hồ Chí Minh,5.0,5,Sinh tố/Nước ép/Sữa,189,10.770560264587402,106.68636322021484,35000
542,Nước Ép Số 2 - Nguyễn Thượng Hiền,Sơ ri miền Tây ép,,40000,2,0,0,Quận 3,Thành Phố Hồ Chí Minh,5.0,5,Sinh tố/Nước ép/Sữa,189,10.770560264587402,106.68636322021484,35000
542,Nước Ép Số 2 - Nguyễn Thượng Hiền,Cần tây Đà Lạt ép,,49000,0,0,0,Quận 3,Thành Phố Hồ Chí Minh,5.0,5,Sinh tố/Nước ép/Sữa,189,10.770560264587402,106.68636322021484,35000
542,Nước Ép Số 2 - Nguyễn Thượng Hiền,Nước ép dưa lưới,,35000,4,0,0,Quận 3,Thành Phố Hồ Chí Minh,5.0,5,Sinh tố/Nước ép/Sữa,189,10.770560264587402,106.68636322021484,35000
542,Nước Ép Số 2 - Nguyễn Thượng Hiền,Cà chua Đà Lạt ép,,35000,1,0,0,Quận 3,Thành Phố Hồ Chí Minh,5.0,5,Sinh tố/Nước ép/Sữa,189,10.770560264587402,106.68636322021484,35000
542,Nước Ép Số 2 - Nguyễn Thượng Hiền,Bí đao ép tươi,"Rất giảm cân, không đuờng",30000,0,0,0,Quận 3,Thành Phố Hồ Chí Minh,5.0,5,Sinh tố/Nước ép/Sữa,189,10.770560264587402,106.68636322021484,35000
542,Nước Ép Số 2 - Nguyễn Thượng Hiền,Bưởi - mật ong ép,Bưởi năm roi Cần Thơ,37000,0,0,0,Quận 3,Thành Phố Hồ Chí Minh,5.0,5,Sinh tố/Nước ép/Sữa,189,10.770560264587402,106.68636322021484,35000
542,Nước Ép Số 2 - Nguyễn Thượng Hiền,Chanh dây Đà Lạt ép,Có 2 loại: không đường và có đường,40000,0,0,0,Quận 3,Thành Phố Hồ Chí Minh,5.0,5,Sinh tố/Nước ép/Sữa,189,10.770560264587402,106.68636322021484,35000
542,Nước Ép Số 2 - Nguyễn Thượng Hiền,Củ dền ép,"Dền đã luộc, rất bổ máu, không đường",35000,0,0,0,Quận 3,Thành Phố Hồ Chí Minh,5.0,5,Sinh tố/Nước ép/Sữa,189,10.770560264587402,106.68636322021484,35000
542,Nước Ép Số 2 - Nguyễn Thượng Hiền,Tuyết yến nhĩ - đông trùng hạ thảo,,35000,2,0,0,Quận 3,Thành Phố Hồ Chí Minh,5.0,5,Sinh tố/Nước ép/Sữa,189,10.770560264587402,106.68636322021484,35000
542,Nước Ép Số 2 - Nguyễn Thượng Hiền,Dâu tây Đà Lạt ép,,45000,0,0,0,Quận 3,Thành Phố Hồ Chí Minh,5.0,5,Sinh tố/Nước ép/Sữa,189,10.770560264587402,106.68636322021484,35000
542,Nước Ép Số 2 - Nguyễn Thượng Hiền,Nho USA ép,,38000,0,0,0,Quận 3,Thành Phố Hồ Chí Minh,5.0,5,Sinh tố/Nước ép/Sữa,189,10.770560264587402,106.68636322021484,35000
542,Nước Ép Số 2 - Nguyễn Thượng Hiền,Dưa gang miền Tây ép,,25000,0,0,0,Quận 3,Thành Phố Hồ Chí Minh,5.0,5,Sinh tố/Nước ép/Sữa,189,10.770560264587402,106.68636322021484,35000
542,Nước Ép Số 2 - Nguyễn Thượng Hiền,Cam sữa,,35000,0,0,0,Quận 3,Thành Phố Hồ Chí Minh,5.0,5,Sinh tố/Nước ép/Sữa,189,10.770560264587402,106.68636322021484,35000
542,Nước Ép Số 2 - Nguyễn Thượng Hiền,Lê đường ép,,38000,3,0,0,Quận 3,Thành Phố Hồ Chí Minh,5.0,5,Sinh tố/Nước ép/Sữa,189,10.770560264587402,106.68636322021484,35000
542,Nước Ép Số 2 - Nguyễn Thượng Hiền,Mãng cầu miền Tây ép,,40000,0,0,0,Quận 3,Thành Phố Hồ Chí Minh,5.0,5,Sinh tố/Nước ép/Sữa,189,10.770560264587402,106.68636322021484,35000
542,Nước Ép Số 2 - Nguyễn Thượng Hiền,Đu đủ miền Tây ép,,30000,0,0,0,Quận 3,Thành Phố Hồ Chí Minh,5.0,5,Sinh tố/Nước ép/Sữa,189,10.770560264587402,106.68636322021484,35000
542,Nước Ép Số 2 - Nguyễn Thượng Hiền,Dâu tằm Đà Lạt ép tươi,"Ép tươi nên hơi khó uống, lên men như ruợu. Uống rất đẹp da",35000,0,0,0,Quận 3,Thành Phố Hồ Chí Minh,5.0,5,Sinh tố/Nước ép/Sữa,189,10.770560264587402,106.68636322021484,35000
542,Nước Ép Số 2 - Nguyễn Thượng Hiền,Bưởi sữa ép,Buởi năm roi Cần Thơ,37000,0,0,0,Quận 3,Thành Phố Hồ Chí Minh,5.0,5,Sinh tố/Nước ép/Sữa,189,10.770560264587402,106.68636322021484,35000
542,Nước Ép Số 2 - Nguyễn Thượng Hiền,Xoài cát Hoà Lộc ép,Chai 500ml. Không đường - không đá,40000,0,0,0,Quận 3,Thành Phố Hồ Chí Minh,5.0,5,Sinh tố/Nước ép/Sữa,189,10.770560264587402,106.68636322021484,35000
542,Nước Ép Số 2 - Nguyễn Thượng Hiền,Kiwi vàng USA ép,Chai 500ml uớp lạnh.  Ly có đá,45000,0,0,0,Quận 3,Thành Phố Hồ Chí Minh,5.0,5,Sinh tố/Nước ép/Sữa,189,10.770560264587402,106.68636322021484,35000
542,Nước Ép Số 2 - Nguyễn Thượng Hiền,Dưa leo ép,,30000,0,0,0,Quận 3,Thành Phố Hồ Chí Minh,5.0,5,Sinh tố/Nước ép/Sữa,189,10.770560264587402,106.68636322021484,35000
542,Nước Ép Số 2 - Nguyễn Thượng Hiền,Sinh tố bơ Mỹ,,35000,7,0,0,Quận 3,Thành Phố Hồ Chí Minh,5.0,5,Sinh tố/Nước ép/Sữa,189,10.770560264587402,106.68636322021484,35000
542,Nước Ép Số 2 - Nguyễn Thượng Hiền,Sinh tố sapoche,Ly 700ml,35000,1,0,0,Quận 3,Thành Phố Hồ Chí Minh,5.0,5,Sinh tố/Nước ép/Sữa,189,10.770560264587402,106.68636322021484,35000
542,Nước Ép Số 2 - Nguyễn Thượng Hiền,Sinh tố dâu tây Đà Lạt,Ly 700ml,45000,3,0,0,Quận 3,Thành Phố Hồ Chí Minh,5.0,5,Sinh tố/Nước ép/Sữa,189,10.770560264587402,106.68636322021484,35000
542,Nước Ép Số 2 - Nguyễn Thượng Hiền,Sinh tố mãng cầu xiêm miền Tây,,40000,0,0,0,Quận 3,Thành Phố Hồ Chí Minh,5.0,5,Sinh tố/Nước ép/Sữa,189,10.770560264587402,106.68636322021484,35000
542,Nước Ép Số 2 - Nguyễn Thượng Hiền,Sinh tố dưa gang,,30000,0,0,0,Quận 3,Thành Phố Hồ Chí Minh,5.0,5,Sinh tố/Nước ép/Sữa,189,10.770560264587402,106.68636322021484,35000
542,Nước Ép Số 2 - Nguyễn Thượng Hiền,Sinh tố xoài cát Hoà Lộc,,40000,0,0,0,Quận 3,Thành Phố Hồ Chí Minh,5.0,5,Sinh tố/Nước ép/Sữa,189,10.770560264587402,106.68636322021484,35000
542,Nước Ép Số 2 - Nguyễn Thượng Hiền,Sinh tố dưa lưới,Dưa lưới ruột xanh giống Nhật,36000,0,0,0,Quận 3,Thành Phố Hồ Chí Minh,5.0,5,Sinh tố/Nước ép/Sữa,189,10.770560264587402,106.68636322021484,35000
542,Nước Ép Số 2 - Nguyễn Thượng Hiền,Sinh tố đu đủ,,35000,0,0,0,Quận 3,Thành Phố Hồ Chí Minh,5.0,5,Sinh tố/Nước ép/Sữa,189,10.770560264587402,106.68636322021484,35000
542,Nước Ép Số 2 - Nguyễn Thượng Hiền,Sinh tố sapo cafe,,39000,0,0,0,Quận 3,Thành Phố Hồ Chí Minh,5.0,5,Sinh tố/Nước ép/Sữa,189,10.770560264587402,106.68636322021484,35000
542,Nước Ép Số 2 - Nguyễn Thượng Hiền,Sinh tố bơ - cafe,,39000,0,0,0,Quận 3,Thành Phố Hồ Chí Minh,5.0,5,Sinh tố/Nước ép/Sữa,189,10.770560264587402,106.68636322021484,35000
542,Nước Ép Số 2 - Nguyễn Thượng Hiền,Sinh tố thơm,,39000,0,0,0,Quận 3,Thành Phố Hồ Chí Minh,5.0,5,Sinh tố/Nước ép/Sữa,189,10.770560264587402,106.68636322021484,35000
542,Nước Ép Số 2 - Nguyễn Thượng Hiền,Sinh tố cam sành,,35000,0,0,0,Quận 3,Thành Phố Hồ Chí Minh,5.0,5,Sinh tố/Nước ép/Sữa,189,10.770560264587402,106.68636322021484,35000
542,Nước Ép Số 2 - Nguyễn Thượng Hiền,Sinh tố dưa hấu,,35000,0,0,0,Quận 3,Thành Phố Hồ Chí Minh,5.0,5,Sinh tố/Nước ép/Sữa,189,10.770560264587402,106.68636322021484,35000
542,Nước Ép Số 2 - Nguyễn Thượng Hiền,Sinh tố dừa non - dừa nướng,,30000,0,0,0,Quận 3,Thành Phố Hồ Chí Minh,5.0,5,Sinh tố/Nước ép/Sữa,189,10.770560264587402,106.68636322021484,35000
542,Nước Ép Số 2 - Nguyễn Thượng Hiền,Dưa gang dầm,,30000,0,0,0,Quận 3,Thành Phố Hồ Chí Minh,5.0,5,Sinh tố/Nước ép/Sữa,189,10.770560264587402,106.68636322021484,35000
542,Nước Ép Số 2 - Nguyễn Thượng Hiền,Sinh tố cà rốt,,35000,0,0,0,Quận 3,Thành Phố Hồ Chí Minh,5.0,5,Sinh tố/Nước ép/Sữa,189,10.770560264587402,106.68636322021484,35000
542,Nước Ép Số 2 - Nguyễn Thượng Hiền,Sinh tố cacao - sữa dừa,Ly 700ml,35000,1,0,0,Quận 3,Thành Phố Hồ Chí Minh,5.0,5,Sinh tố/Nước ép/Sữa,189,10.770560264587402,106.68636322021484,35000
542,Nước Ép Số 2 - Nguyễn Thượng Hiền,Sinh tố dâu tằm Đà Lạt,,35000,0,0,0,Quận 3,Thành Phố Hồ Chí Minh,5.0,5,Sinh tố/Nước ép/Sữa,189,10.770560264587402,106.68636322021484,35000
542,Nước Ép Số 2 - Nguyễn Thượng Hiền,Sinh tố chuối,,32000,0,0,0,Quận 3,Thành Phố Hồ Chí Minh,5.0,5,Sinh tố/Nước ép/Sữa,189,10.770560264587402,106.68636322021484,35000
542,Nước Ép Số 2 - Nguyễn Thượng Hiền,Sinh tố cà chua bi Đà Lạt,,35000,0,0,0,Quận 3,Thành Phố Hồ Chí Minh,5.0,5,Sinh tố/Nước ép/Sữa,189,10.770560264587402,106.68636322021484,35000
542,Nước Ép Số 2 - Nguyễn Thượng Hiền,Sinh tố thanh long ruột đỏ,,35000,0,0,0,Quận 3,Thành Phố Hồ Chí Minh,5.0,5,Sinh tố/Nước ép/Sữa,189,10.770560264587402,106.68636322021484,35000
542,Nước Ép Số 2 - Nguyễn Thượng Hiền,Sinh tố thập cẩm,,39000,0,0,0,Quận 3,Thành Phố Hồ Chí Minh,5.0,5,Sinh tố/Nước ép/Sữa,189,10.770560264587402,106.68636322021484,35000
542,Nước Ép Số 2 - Nguyễn Thượng Hiền,Sinh tố bơ Mỹ - cacao,Ly 700ml,39000,0,0,0,Quận 3,Thành Phố Hồ Chí Minh,5.0,5,Sinh tố/Nước ép/Sữa,189,10.770560264587402,106.68636322021484,35000
542,Nước Ép Số 2 - Nguyễn Thượng Hiền,Sinh tố chanh dây,,45000,0,0,0,Quận 3,Thành Phố Hồ Chí Minh,5.0,5,Sinh tố/Nước ép/Sữa,189,10.770560264587402,106.68636322021484,35000
542,Nước Ép Số 2 - Nguyễn Thượng Hiền,Sinh tố dâu tây mix chuối,"Ly 700ml có đường, đá, sữa tươi, sữa đặc",38000,1,0,0,Quận 3,Thành Phố Hồ Chí Minh,5.0,5,Sinh tố/Nước ép/Sữa,189,10.770560264587402,106.68636322021484,35000
542,Nước Ép Số 2 - Nguyễn Thượng Hiền,Sinh tố nho USA,Nho đen và nho xanh,35000,0,0,0,Quận 3,Thành Phố Hồ Chí Minh,5.0,5,Sinh tố/Nước ép/Sữa,189,10.770560264587402,106.68636322021484,35000
542,Nước Ép Số 2 - Nguyễn Thượng Hiền,Sinh tố táo USA,Táo xanh và táo đỏ,38000,0,0,0,Quận 3,Thành Phố Hồ Chí Minh,5.0,5,Sinh tố/Nước ép/Sữa,189,10.770560264587402,106.68636322021484,35000
542,Nước Ép Số 2 - Nguyễn Thượng Hiền,Sinh tố lê đường,,35000,0,0,0,Quận 3,Thành Phố Hồ Chí Minh,5.0,5,Sinh tố/Nước ép/Sữa,189,10.770560264587402,106.68636322021484,35000
15398,Juice Me - Sinh Tố Nước Ép Trái Cây - Cống Quỳnh,Nước ép bưởi da xanh Vĩnh Long,Pomelo Juice - Nguyên Chất 100% - Không đường - Không đá - Không pha nước (No Sugar - No Ice),59000,405,1,1,Quận 1,Hồ Chí Minh,4.8,560,Sinh tố/Nước ép/Sữa,189,10.765609741210938,106.68982696533203,49000
15398,Juice Me - Sinh Tố Nước Ép Trái Cây - Cống Quỳnh,Nước ép ổi,Guava Juice. Nguyên Chất 100% - Không đường - Không đá - Không pha nước (No Sugar - No Ice),49000,341,3,2,Quận 1,Hồ Chí Minh,4.8,560,Sinh tố/Nước ép/Sữa,189,10.765609741210938,106.68982696533203,49000
15398,Juice Me - Sinh Tố Nước Ép Trái Cây - Cống Quỳnh,Nước ép dưa hấu,Water Melon Juice - Nguyên chất 100% - Không đường - Không đá - Không pha nước (No Sugar - No Ice),49000,317,10,0,Quận 1,Hồ Chí Minh,4.8,560,Sinh tố/Nước ép/Sữa,189,10.765609741210938,106.68982696533203,49000
15398,Juice Me - Sinh Tố Nước Ép Trái Cây - Cống Quỳnh,Trái Cây Thập Cẩm Lớn,Trái cây Thập Cẩm size Lớn gồm 7 loại trái cây : Tùy theo mùa. Ăn kèm với muối Tây Ninh,110000,332,1,1,Quận 1,Hồ Chí Minh,4.8,560,Sinh tố/Nước ép/Sữa,189,10.765609741210938,106.68982696533203,49000
15398,Juice Me - Sinh Tố Nước Ép Trái Cây - Cống Quỳnh,Fresh Body Juice,"Nước Ép Dưa Hấu - Dâu - Chanh (Watermelon, Strawberry, Lemon)- Nguyên chất 100% - Không đường - Không đá - Không pha nước (No Sugar - No Ice) ",49000,171,2,1,Quận 1,Hồ Chí Minh,4.8,560,Sinh tố/Nước ép/Sữa,189,10.765609741210938,106.68982696533203,49000
15398,Juice Me - Sinh Tố Nước Ép Trái Cây - Cống Quỳnh,Trái Cây Thập Cẩm Nhỏ,Trái cây Thập Cẩm size Nhỏ gồm 7 loại trái cây : Tùy theo mùa. Ăn kèm với muối Tây Ninh Ăn kèm với muối Tây Ninh,80000,159,3,0,Quận 1,Hồ Chí Minh,4.8,560,Sinh tố/Nước ép/Sữa,189,10.765609741210938,106.68982696533203,49000
15398,Juice Me - Sinh Tố Nước Ép Trái Cây - Cống Quỳnh,Rise and shine,Nước ép Cần Tây-Bó xôi-Táo-Cà Rốt-Chanh. - Nguyên chất 100% - Không đường - Không đá - Không pha nước (No Sugar - No Ice),65000,68,0,0,Quận 1,Hồ Chí Minh,4.8,560,Sinh tố/Nước ép/Sữa,189,10.765609741210938,106.68982696533203,49000
15398,Juice Me - Sinh Tố Nước Ép Trái Cây - Cống Quỳnh,Sapota Café Smoothie,Sinh tố Sapoche - Café,49000,89,1,0,Quận 1,Hồ Chí Minh,4.8,560,Sinh tố/Nước ép/Sữa,189,10.765609741210938,106.68982696533203,49000
15398,Juice Me - Sinh Tố Nước Ép Trái Cây - Cống Quỳnh,Calming pineapple celery,"Nước ép Cần Tây , Thơm (không đường, không đá)",79000,96,1,0,Quận 1,Hồ Chí Minh,4.8,560,Sinh tố/Nước ép/Sữa,189,10.765609741210938,106.68982696533203,49000
15398,Juice Me - Sinh Tố Nước Ép Trái Cây - Cống Quỳnh,Nước ép chanh dây,"Passion Fruit Juice , không đá",49000,60,0,0,Quận 1,Hồ Chí Minh,4.8,560,Sinh tố/Nước ép/Sữa,189,10.765609741210938,106.68982696533203,49000
15398,Juice Me - Sinh Tố Nước Ép Trái Cây - Cống Quỳnh,Melon Chia Seed Smoothie,Sinh Tố Dưa Gang Hạt Chia,49000,95,10,0,Quận 1,Hồ Chí Minh,4.8,560,Sinh tố/Nước ép/Sữa,189,10.765609741210938,106.68982696533203,49000
15398,Juice Me - Sinh Tố Nước Ép Trái Cây - Cống Quỳnh,Banana Honey Smoothie,Sinh Tố Chuối Mật Ong,49000,35,2,0,Quận 1,Hồ Chí Minh,4.8,560,Sinh tố/Nước ép/Sữa,189,10.765609741210938,106.68982696533203,49000
15398,Juice Me - Sinh Tố Nước Ép Trái Cây - Cống Quỳnh,Summer Drink,"Nước Ép Dưa Hấu - Chanh Dây - Bạc Hà (Watermelon, Passion Fruit, Mint).Nguyên Chất 100% - Không đường - Không đá - Không pha nước (No Sugar - No Ice)",49000,40,0,0,Quận 1,Hồ Chí Minh,4.8,560,Sinh tố/Nước ép/Sữa,189,10.765609741210938,106.68982696533203,49000
15398,Juice Me - Sinh Tố Nước Ép Trái Cây - Cống Quỳnh,Hyber_C ,"Nước Ép Bưởi - Chanh dây - Hạt chia (Pomelo,Passion fruit,Chia seeds).Nguyên Chất 100% - Không đường - Không đá - Không pha nước (No Sugar - No Ice)",49000,134,2,0,Quận 1,Hồ Chí Minh,4.8,560,Sinh tố/Nước ép/Sữa,189,10.765609741210938,106.68982696533203,49000
15398,Juice Me - Sinh Tố Nước Ép Trái Cây - Cống Quỳnh,Bưởi Da Xanh 500g,~ 500g Bưởi da xanh ăn kèm muối Tây Ninh,110000,38,0,0,Quận 1,Hồ Chí Minh,4.8,560,Sinh tố/Nước ép/Sữa,189,10.765609741210938,106.68982696533203,49000
15398,Juice Me - Sinh Tố Nước Ép Trái Cây - Cống Quỳnh,Bưởi Da Xanh 350g,~ 350g Bưởi da xanh ăn kèm muối Tây Ninh,90000,21,0,0,Quận 1,Hồ Chí Minh,4.8,560,Sinh tố/Nước ép/Sữa,189,10.765609741210938,106.68982696533203,49000
15398,Juice Me - Sinh Tố Nước Ép Trái Cây - Cống Quỳnh,"Queen_C  (Nước ép Thơm, Ổi)",(Pineapple-Guava) Nguyên Chất 100% - Không đường - Không đá - Không pha nước. (No Sugar - No Ice),49000,62,1,0,Quận 1,Hồ Chí Minh,4.8,560,Sinh tố/Nước ép/Sữa,189,10.765609741210938,106.68982696533203,49000
15398,Juice Me - Sinh Tố Nước Ép Trái Cây - Cống Quỳnh,"Sinh tố Bơ, Chuối - Banana, Avocado Smoothie","Banana, Avocado Smoothie",49000,32,0,0,Quận 1,Hồ Chí Minh,4.8,560,Sinh tố/Nước ép/Sữa,189,10.765609741210938,106.68982696533203,49000
15398,Juice Me - Sinh Tố Nước Ép Trái Cây - Cống Quỳnh,The Green Flow (Detox),"Nước ép Dưa Hấu,Củ Dền,Dưa Leo,Chanh (Watermelon,Beet,Cucumber,Lemon).Nguyên Chất 100% - Không đường - Không đá - Không pha nước (No Sugar - No Ice)",79000,13,0,0,Quận 1,Hồ Chí Minh,4.8,560,Sinh tố/Nước ép/Sữa,189,10.765609741210938,106.68982696533203,49000
15398,Juice Me - Sinh Tố Nước Ép Trái Cây - Cống Quỳnh,Coconut Smoothie,Sinh tố Dừa,45000,102,1,0,Quận 1,Hồ Chí Minh,4.8,560,Sinh tố/Nước ép/Sữa,189,10.765609741210938,106.68982696533203,49000
15398,Juice Me - Sinh Tố Nước Ép Trái Cây - Cống Quỳnh,Nước ép Lựu - Pomegranate Juice,Nguyên Chất 100% - Không đường - Không đá - Không pha nước (No Sugar - No Ice),79000,242,0,0,Quận 1,Hồ Chí Minh,4.8,560,Sinh tố/Nước ép/Sữa,189,10.765609741210938,106.68982696533203,49000
15398,Juice Me - Sinh Tố Nước Ép Trái Cây - Cống Quỳnh,Dưa Lưới, dưa lưới cắt gọt sẵn ăn kèm với muối Tây Ninh,45000,191,1,0,Quận 1,Hồ Chí Minh,4.8,560,Sinh tố/Nước ép/Sữa,189,10.765609741210938,106.68982696533203,49000
15398,Juice Me - Sinh Tố Nước Ép Trái Cây - Cống Quỳnh,Xoài,Xoài cắt gọt sẵn ăn kèm với muối Tây Ninh,45000,83,2,0,Quận 1,Hồ Chí Minh,4.8,560,Sinh tố/Nước ép/Sữa,189,10.765609741210938,106.68982696533203,49000
15398,Juice Me - Sinh Tố Nước Ép Trái Cây - Cống Quỳnh,Thơm, Thơm cắt gọt sẵn ăn kèm với muối Tây Ninh,45000,106,0,0,Quận 1,Hồ Chí Minh,4.8,560,Sinh tố/Nước ép/Sữa,189,10.765609741210938,106.68982696533203,49000
15398,Juice Me - Sinh Tố Nước Ép Trái Cây - Cống Quỳnh,Ổi Xanh, Ổi cắt gọt sẵn ăn kèm với muối Tây Ninh,45000,35,0,0,Quận 1,Hồ Chí Minh,4.8,560,Sinh tố/Nước ép/Sữa,189,10.765609741210938,106.68982696533203,49000
15398,Juice Me - Sinh Tố Nước Ép Trái Cây - Cống Quỳnh,Dưa Hấu Long An,Dưa Hấu cắt gọt sẵn ăn kèm với muối Tây Ninh,45000,52,0,0,Quận 1,Hồ Chí Minh,4.8,560,Sinh tố/Nước ép/Sữa,189,10.765609741210938,106.68982696533203,49000
15398,Juice Me - Sinh Tố Nước Ép Trái Cây - Cống Quỳnh,Mận đỏ,"Mận cắt gọt sẵn ăn kèm với muối Tây Ninh
",45000,112,2,0,Quận 1,Hồ Chí Minh,4.8,560,Sinh tố/Nước ép/Sữa,189,10.765609741210938,106.68982696533203,49000
15398,Juice Me - Sinh Tố Nước Ép Trái Cây - Cống Quỳnh,Xoài - Mận - Ổi,Trái cây ăn kèm với muối Tôm Tây Ninh,45000,105,2,0,Quận 1,Hồ Chí Minh,4.8,560,Sinh tố/Nước ép/Sữa,189,10.765609741210938,106.68982696533203,49000
15398,Juice Me - Sinh Tố Nước Ép Trái Cây - Cống Quỳnh,Trái Cây Mix tự chọn, Trái cây ăn kèm với muối Tôm Tây Ninh,70000,157,1,0,Quận 1,Hồ Chí Minh,4.8,560,Sinh tố/Nước ép/Sữa,189,10.765609741210938,106.68982696533203,49000
15398,Juice Me - Sinh Tố Nước Ép Trái Cây - Cống Quỳnh,Xoài - Cóc - Ổi, Trái cây ăn kèm với muối Tôm Tây Ninh,45000,55,0,0,Quận 1,Hồ Chí Minh,4.8,560,Sinh tố/Nước ép/Sữa,189,10.765609741210938,106.68982696533203,49000
15398,Juice Me - Sinh Tố Nước Ép Trái Cây - Cống Quỳnh,Mận - Thơm - Ổi, Trái cây ăn kèm với muối Tôm Tây Ninh,45000,65,1,0,Quận 1,Hồ Chí Minh,4.8,560,Sinh tố/Nước ép/Sữa,189,10.765609741210938,106.68982696533203,49000
15398,Juice Me - Sinh Tố Nước Ép Trái Cây - Cống Quỳnh,Dưa Hấu - Thơm, Trái cây ăn kèm với muối Tôm Tây Ninh,45000,30,0,0,Quận 1,Hồ Chí Minh,4.8,560,Sinh tố/Nước ép/Sữa,189,10.765609741210938,106.68982696533203,49000
15398,Juice Me - Sinh Tố Nước Ép Trái Cây - Cống Quỳnh,Enery Boost,"Nước ép Táo Thơm Cà rốt Bạc hà ( không đường ,không đá)",52000,121,0,0,Quận 1,Hồ Chí Minh,4.8,560,Sinh tố/Nước ép/Sữa,189,10.765609741210938,106.68982696533203,49000
15398,Juice Me - Sinh Tố Nước Ép Trái Cây - Cống Quỳnh,Lower the Beet,"Nước ép Bưởi-Cam-Cà Rốt-Củ Dền-Gừng( không đường,không đá )",55000,50,1,0,Quận 1,Hồ Chí Minh,4.8,560,Sinh tố/Nước ép/Sữa,189,10.765609741210938,106.68982696533203,49000
15398,Juice Me - Sinh Tố Nước Ép Trái Cây - Cống Quỳnh,All Clear,"Nước ép Táo,Thơm,Dưa Leo (Nguyên Chất 100% - Không Đường - không Đá)",49000,41,1,0,Quận 1,Hồ Chí Minh,4.8,560,Sinh tố/Nước ép/Sữa,189,10.765609741210938,106.68982696533203,49000
15398,Juice Me - Sinh Tố Nước Ép Trái Cây - Cống Quỳnh,Juice me delicious,"Nước ép Cà rốt - thơm - chanh - bạc hà ( không đường ,không đá )",49000,23,2,0,Quận 1,Hồ Chí Minh,4.8,560,Sinh tố/Nước ép/Sữa,189,10.765609741210938,106.68982696533203,49000
15398,Juice Me - Sinh Tố Nước Ép Trái Cây - Cống Quỳnh,Beet the sweets,"Nước ép Táo, Cà rốt, Gừng ( không đường , không đá )",52000,20,0,0,Quận 1,Hồ Chí Minh,4.8,560,Sinh tố/Nước ép/Sữa,189,10.765609741210938,106.68982696533203,49000
15398,Juice Me - Sinh Tố Nước Ép Trái Cây - Cống Quỳnh,Nước ép Táo Lê - Apple & Pear Juice,"Nước ép Táo + Lê 100% nguyên chất, không đường, không đá",49000,100,2,0,Quận 1,Hồ Chí Minh,4.8,560,Sinh tố/Nước ép/Sữa,189,10.765609741210938,106.68982696533203,49000
15398,Juice Me - Sinh Tố Nước Ép Trái Cây - Cống Quỳnh,Nước ép Lê - Pear Juice,"Nước ép Lê 100% nguyên chất, không đường, không đá",49000,35,1,0,Quận 1,Hồ Chí Minh,4.8,560,Sinh tố/Nước ép/Sữa,189,10.765609741210938,106.68982696533203,49000
15398,Juice Me - Sinh Tố Nước Ép Trái Cây - Cống Quỳnh,Cantaloupe Orange Juice,Nước ép Dưa Lưới - Cam - Bạc Hà. 100% Nguyên chất-Không đường-Không đá-Không pha nước (100% Natural - No Sugar - No Ice - No mix with water),49000,16,0,0,Quận 1,Hồ Chí Minh,4.8,560,Sinh tố/Nước ép/Sữa,189,10.765609741210938,106.68982696533203,49000
15398,Juice Me - Sinh Tố Nước Ép Trái Cây - Cống Quỳnh,Pure green,"Nước ép Cần tây, cải bó xôi , dưa leo , cam (không đường, không đá)",63000,38,0,0,Quận 1,Hồ Chí Minh,4.8,560,Sinh tố/Nước ép/Sữa,189,10.765609741210938,106.68982696533203,49000
15398,Juice Me - Sinh Tố Nước Ép Trái Cây - Cống Quỳnh,Skin clearing,"Nước ép Cần tây , cải bó xôi , táo đỏ , cà rốt (không đường, không đá)",63000,22,0,0,Quận 1,Hồ Chí Minh,4.8,560,Sinh tố/Nước ép/Sữa,189,10.765609741210938,106.68982696533203,49000
15398,Juice Me - Sinh Tố Nước Ép Trái Cây - Cống Quỳnh,Celery ginger,"Nước ép Cần Tây,Táo,Dưa Leo,Gừng (không đường, không đá)",63000,24,0,0,Quận 1,Hồ Chí Minh,4.8,560,Sinh tố/Nước ép/Sữa,189,10.765609741210938,106.68982696533203,49000
15398,Juice Me - Sinh Tố Nước Ép Trái Cây - Cống Quỳnh,Red zinger breafast,"Nước ép Táo,Củ Dền,Cà Rốt,Chanh (không đường, không đá)",63000,15,0,0,Quận 1,Hồ Chí Minh,4.8,560,Sinh tố/Nước ép/Sữa,189,10.765609741210938,106.68982696533203,49000
15398,Juice Me - Sinh Tố Nước Ép Trái Cây - Cống Quỳnh,Easy start detox,"Nước ép Cần Tây,Táo,Cà Rốt (không đường, không đá)",63000,13,0,0,Quận 1,Hồ Chí Minh,4.8,560,Sinh tố/Nước ép/Sữa,189,10.765609741210938,106.68982696533203,49000
15398,Juice Me - Sinh Tố Nước Ép Trái Cây - Cống Quỳnh,Happy Heart,"Nước Ép Detox Táo,Củ Dền,Cà Rốt,Gừng (Không đường-Không đá-Không pha nước)",63000,11,1,0,Quận 1,Hồ Chí Minh,4.8,560,Sinh tố/Nước ép/Sữa,189,10.765609741210938,106.68982696533203,49000
15398,Juice Me - Sinh Tố Nước Ép Trái Cây - Cống Quỳnh,Cucumber celery apple,"Nước ép Cần Tây,Táo,Dưa Leo (không đường, không đá)",63000,4,0,0,Quận 1,Hồ Chí Minh,4.8,560,Sinh tố/Nước ép/Sữa,189,10.765609741210938,106.68982696533203,49000
15398,Juice Me - Sinh Tố Nước Ép Trái Cây - Cống Quỳnh,"Green Shield - Cần Tây, Táo , Cà Rốt , Dưa Leo","Detox Cần Tây, Táo , Cà Rốt, Dưa Leo (Celery,Apple,Carrot,Cucumber). 100% Nguyên Chất - Không đường - Không đá - Không pha nước (100% Natural - No Sugar - No Ice)",63000,4,0,0,Quận 1,Hồ Chí Minh,4.8,560,Sinh tố/Nước ép/Sữa,189,10.765609741210938,106.68982696533203,49000
15398,Juice Me - Sinh Tố Nước Ép Trái Cây - Cống Quỳnh,"Super Detox - Cần Tây, Bó Xôi, Táo, Thơm","Celery,Spinach,Apple,Pineapple",65000,3,0,0,Quận 1,Hồ Chí Minh,4.8,560,Sinh tố/Nước ép/Sữa,189,10.765609741210938,106.68982696533203,49000
15398,Juice Me - Sinh Tố Nước Ép Trái Cây - Cống Quỳnh,"Flying Body - Củ Dền, Dưa Hấu, Cà Rốt, Gừng","Beet,Watermelon,Carrot,Ginger. Nguyên chất 100% - Không đường - Không đá - Không pha nước (100% Natural-No Sugar-No Ice)",63000,0,0,0,Quận 1,Hồ Chí Minh,4.8,560,Sinh tố/Nước ép/Sữa,189,10.765609741210938,106.68982696533203,49000
15398,Juice Me - Sinh Tố Nước Ép Trái Cây - Cống Quỳnh,Nước Ép Cam Mật Ong,"Orange Juice , không đường , không đá",39000,262,1,0,Quận 1,Hồ Chí Minh,4.8,560,Sinh tố/Nước ép/Sữa,189,10.765609741210938,106.68982696533203,49000
15398,Juice Me - Sinh Tố Nước Ép Trái Cây - Cống Quỳnh,Nước ép thơm,"Pineapple Juice , không đường , không đá",42000,436,3,2,Quận 1,Hồ Chí Minh,4.8,560,Sinh tố/Nước ép/Sữa,189,10.765609741210938,106.68982696533203,49000
15398,Juice Me - Sinh Tố Nước Ép Trái Cây - Cống Quỳnh,Nước ép cà rốt,"Carrot Juice , không đường , khônpg đá",42000,64,3,0,Quận 1,Hồ Chí Minh,4.8,560,Sinh tố/Nước ép/Sữa,189,10.765609741210938,106.68982696533203,49000
15398,Juice Me - Sinh Tố Nước Ép Trái Cây - Cống Quỳnh,Nước ép Cóc,Nước ép nguyên chất - không đá,42000,66,2,0,Quận 1,Hồ Chí Minh,4.8,560,Sinh tố/Nước ép/Sữa,189,10.765609741210938,106.68982696533203,49000
15398,Juice Me - Sinh Tố Nước Ép Trái Cây - Cống Quỳnh,Energy Recover Juice,"Nước Ép Dưa Hấu - Dâu - Cam 
(Watermalon, Strawberry, Orange). 
Khôi phục năng lượng, tăng cường thể lực ( không đường, không đá )",42000,112,3,1,Quận 1,Hồ Chí Minh,4.8,560,Sinh tố/Nước ép/Sữa,189,10.765609741210938,106.68982696533203,49000
15398,Juice Me - Sinh Tố Nước Ép Trái Cây - Cống Quỳnh,Young Forever Juice,"Nước Ép Cam - Thơm - Tắc
(Organe, Pineapple, Kumquat).
Chống oxy hóa, mãi mãi tuổi thanh xuân ( không đường, không đá )",42000,87,3,0,Quận 1,Hồ Chí Minh,4.8,560,Sinh tố/Nước ép/Sữa,189,10.765609741210938,106.68982696533203,49000
15398,Juice Me - Sinh Tố Nước Ép Trái Cây - Cống Quỳnh,Beauty Skin Juice,"Nước Ép Táo - Thơm - Gừng(Apple, Pineapple , Ginger).Mang lại làn da sáng mịn",42000,64,0,0,Quận 1,Hồ Chí Minh,4.8,560,Sinh tố/Nước ép/Sữa,189,10.765609741210938,106.68982696533203,49000
15398,Juice Me - Sinh Tố Nước Ép Trái Cây - Cống Quỳnh,Orange Passion Juice,"Nước Ép Cam - Cà Rốt - Chanh Dây
(Orange, Carrot, Passion fruit).
Giàu Vitamin A, sáng mắt, sáng da  ( không đường, không đá )",42000,70,2,1,Quận 1,Hồ Chí Minh,4.8,560,Sinh tố/Nước ép/Sữa,189,10.765609741210938,106.68982696533203,49000
15398,Juice Me - Sinh Tố Nước Ép Trái Cây - Cống Quỳnh,Sunshine Juice,"Nước Ép Cam - Cà Rốt - Sả 
(Orange, Carrot, Lemongrass).
Mang lại làn da sáng mịn, thanh lọc cơ thể ( không đường, không đá )",42000,26,0,0,Quận 1,Hồ Chí Minh,4.8,560,Sinh tố/Nước ép/Sữa,189,10.765609741210938,106.68982696533203,49000
15398,Juice Me - Sinh Tố Nước Ép Trái Cây - Cống Quỳnh,Morning Boot Juice,"Nước Ép Thơm - Xoài - Chanh Dây
(Pineapple , Mango , Passion fruit).
Khởi động ngày mới, tràn đầy năng lượng ( không đường, không đá )",42000,39,1,0,Quận 1,Hồ Chí Minh,4.8,560,Sinh tố/Nước ép/Sữa,189,10.765609741210938,106.68982696533203,49000
15398,Juice Me - Sinh Tố Nước Ép Trái Cây - Cống Quỳnh,Cool life,"Nước Ép Bưởi Chanh Chanh Dây Hạt chia ( không đường , không đá )",42000,29,0,0,Quận 1,Hồ Chí Minh,4.8,560,Sinh tố/Nước ép/Sữa,189,10.765609741210938,106.68982696533203,49000
15398,Juice Me - Sinh Tố Nước Ép Trái Cây - Cống Quỳnh,Avocado Smoothie,Sinh Tố Bơ,42000,164,3,0,Quận 1,Hồ Chí Minh,4.8,560,Sinh tố/Nước ép/Sữa,189,10.765609741210938,106.68982696533203,49000
15398,Juice Me - Sinh Tố Nước Ép Trái Cây - Cống Quỳnh,Strawberry Smoothie,Sinh Tố Dâu,42000,125,2,0,Quận 1,Hồ Chí Minh,4.8,560,Sinh tố/Nước ép/Sữa,189,10.765609741210938,106.68982696533203,49000
15398,Juice Me - Sinh Tố Nước Ép Trái Cây - Cống Quỳnh,Sapota Smoothie,Sinh tố Sapoche,42000,62,0,0,Quận 1,Hồ Chí Minh,4.8,560,Sinh tố/Nước ép/Sữa,189,10.765609741210938,106.68982696533203,49000
15398,Juice Me - Sinh Tố Nước Ép Trái Cây - Cống Quỳnh,Mango Smoothie,Sinh tố Xoài,42000,48,0,0,Quận 1,Hồ Chí Minh,4.8,560,Sinh tố/Nước ép/Sữa,189,10.765609741210938,106.68982696533203,49000
15398,Juice Me - Sinh Tố Nước Ép Trái Cây - Cống Quỳnh,Soursop Smoothie,Sinh tố Mãng Cầu,42000,57,0,0,Quận 1,Hồ Chí Minh,4.8,560,Sinh tố/Nước ép/Sữa,189,10.765609741210938,106.68982696533203,49000
15398,Juice Me - Sinh Tố Nước Ép Trái Cây - Cống Quỳnh,Cantaloup Smoothie,Sinh tố Dưa Lưới,42000,34,0,0,Quận 1,Hồ Chí Minh,4.8,560,Sinh tố/Nước ép/Sữa,189,10.765609741210938,106.68982696533203,49000
15398,Juice Me - Sinh Tố Nước Ép Trái Cây - Cống Quỳnh,Melon Smoothie,Sinh tố Dưa Gang,39000,33,0,0,Quận 1,Hồ Chí Minh,4.8,560,Sinh tố/Nước ép/Sữa,189,10.765609741210938,106.68982696533203,49000
15398,Juice Me - Sinh Tố Nước Ép Trái Cây - Cống Quỳnh,Banana Smoothie,Sinh tố Chuối,39000,17,0,0,Quận 1,Hồ Chí Minh,4.8,560,Sinh tố/Nước ép/Sữa,189,10.765609741210938,106.68982696533203,49000
15398,Juice Me - Sinh Tố Nước Ép Trái Cây - Cống Quỳnh,Jackfruit Smoothie,Sinh Tố Mít,42000,5,0,0,Quận 1,Hồ Chí Minh,4.8,560,Sinh tố/Nước ép/Sữa,189,10.765609741210938,106.68982696533203,49000
15398,Juice Me - Sinh Tố Nước Ép Trái Cây - Cống Quỳnh,Soursop Strawberry Smoothie,Sinh Tố Mãng Cầu - Dâu,47000,57,0,0,Quận 1,Hồ Chí Minh,4.8,560,Sinh tố/Nước ép/Sữa,189,10.765609741210938,106.68982696533203,49000
15398,Juice Me - Sinh Tố Nước Ép Trái Cây - Cống Quỳnh,Strawberry Banana Apple smoothie,Sinh tố Dâu Chuối Táo,47000,76,2,0,Quận 1,Hồ Chí Minh,4.8,560,Sinh tố/Nước ép/Sữa,189,10.765609741210938,106.68982696533203,49000
15398,Juice Me - Sinh Tố Nước Ép Trái Cây - Cống Quỳnh,World Best Smoothie,Sinh Tố Dâu-Chuối-Cam,45000,16,0,0,Quận 1,Hồ Chí Minh,4.8,560,Sinh tố/Nước ép/Sữa,189,10.765609741210938,106.68982696533203,49000
15398,Juice Me - Sinh Tố Nước Ép Trái Cây - Cống Quỳnh,Banana Melon Buzz Smoothie,Sinh tố Dưa gang chuối mật ong Hạt chia,39000,45,0,0,Quận 1,Hồ Chí Minh,4.8,560,Sinh tố/Nước ép/Sữa,189,10.765609741210938,106.68982696533203,49000
15398,Juice Me - Sinh Tố Nước Ép Trái Cây - Cống Quỳnh,Mango Passion Orange Smoothie,Sinh Tố Xoài - Chanh Dây - Nước Cam,45000,39,0,0,Quận 1,Hồ Chí Minh,4.8,560,Sinh tố/Nước ép/Sữa,189,10.765609741210938,106.68982696533203,49000
15398,Juice Me - Sinh Tố Nước Ép Trái Cây - Cống Quỳnh,Orange Blast Smoothie,Sinh tố Xoài Cam Thơm,45000,18,0,0,Quận 1,Hồ Chí Minh,4.8,560,Sinh tố/Nước ép/Sữa,189,10.765609741210938,106.68982696533203,49000
15398,Juice Me - Sinh Tố Nước Ép Trái Cây - Cống Quỳnh,Apple carrot Twist Smoothie,Sinh Tố Táo carot chanh mật ong,45000,6,0,0,Quận 1,Hồ Chí Minh,4.8,560,Sinh tố/Nước ép/Sữa,189,10.765609741210938,106.68982696533203,49000
15398,Juice Me - Sinh Tố Nước Ép Trái Cây - Cống Quỳnh,Jackfruit Mango Smoothie,Sinh tố mít - xoài,45000,12,0,0,Quận 1,Hồ Chí Minh,4.8,560,Sinh tố/Nước ép/Sữa,189,10.765609741210938,106.68982696533203,49000
15398,Juice Me - Sinh Tố Nước Ép Trái Cây - Cống Quỳnh,Avocado Soursop Smoothie,Sinh tố Bơ Mãng Cầu,45000,43,3,0,Quận 1,Hồ Chí Minh,4.8,560,Sinh tố/Nước ép/Sữa,189,10.765609741210938,106.68982696533203,49000
15398,Juice Me - Sinh Tố Nước Ép Trái Cây - Cống Quỳnh,Durian Avocado Smoothie,Sinh tố Bơ Sầu Riêng,45000,72,1,0,Quận 1,Hồ Chí Minh,4.8,560,Sinh tố/Nước ép/Sữa,189,10.765609741210938,106.68982696533203,49000
15398,Juice Me - Sinh Tố Nước Ép Trái Cây - Cống Quỳnh,1 Thập Cẩm Lớn - 1 Sinh Tố Bơ (S),,155000,1,0,0,Quận 1,Hồ Chí Minh,4.8,560,Sinh tố/Nước ép/Sữa,189,10.765609741210938,106.68982696533203,49000
15398,Juice Me - Sinh Tố Nước Ép Trái Cây - Cống Quỳnh,Tình Đầu (First Love) Dưa Hấu - Dâu - Thơm,"Nước ép Dưa Hấu - Dâu - Thơm.Có Ngọt, có chua,có hoài niệm nhưng Thơm như mối tình đầu của bạn. Nguyên chất 100% - Không đường - Không đá - Không pha nước (100% Natural-No Sugar-No Ice)",39000,12,0,0,Quận 1,Hồ Chí Minh,4.8,560,Sinh tố/Nước ép/Sữa,189,10.765609741210938,106.68982696533203,49000
15398,Juice Me - Sinh Tố Nước Ép Trái Cây - Cống Quỳnh,Yogurt Vị Chanh Dây,,12000,31,0,0,Quận 1,Hồ Chí Minh,4.8,560,Sinh tố/Nước ép/Sữa,189,10.765609741210938,106.68982696533203,49000
15398,Juice Me - Sinh Tố Nước Ép Trái Cây - Cống Quỳnh,Yogurt Vị Việt Quất,,12000,26,1,0,Quận 1,Hồ Chí Minh,4.8,560,Sinh tố/Nước ép/Sữa,189,10.765609741210938,106.68982696533203,49000
15398,Juice Me - Sinh Tố Nước Ép Trái Cây - Cống Quỳnh,Yogurt Vị Dâu,,12000,21,0,0,Quận 1,Hồ Chí Minh,4.8,560,Sinh tố/Nước ép/Sữa,189,10.765609741210938,106.68982696533203,49000
15398,Juice Me - Sinh Tố Nước Ép Trái Cây - Cống Quỳnh,Yogurt Vị Đào,,12000,29,0,0,Quận 1,Hồ Chí Minh,4.8,560,Sinh tố/Nước ép/Sữa,189,10.765609741210938,106.68982696533203,49000
15398,Juice Me - Sinh Tố Nước Ép Trái Cây - Cống Quỳnh,Yogurt Vị Kiwi,,12000,15,0,0,Quận 1,Hồ Chí Minh,4.8,560,Sinh tố/Nước ép/Sữa,189,10.765609741210938,106.68982696533203,49000
15398,Juice Me - Sinh Tố Nước Ép Trái Cây - Cống Quỳnh,Yogurt Vị Phúc Bồn Tử ,,12000,8,1,0,Quận 1,Hồ Chí Minh,4.8,560,Sinh tố/Nước ép/Sữa,189,10.765609741210938,106.68982696533203,49000
15398,Juice Me - Sinh Tố Nước Ép Trái Cây - Cống Quỳnh,Yogurt Vị Xoài,,12000,17,0,0,Quận 1,Hồ Chí Minh,4.8,560,Sinh tố/Nước ép/Sữa,189,10.765609741210938,106.68982696533203,49000
8207,Tiệm Trà Túi Nâu - Nguyễn Khắc Nhu,Oh My Tea,Hồng trà kết hợp cùng xí muội và cam thảo,37000,239,1,0,Quận 1,TP. Hồ Chí Minh,4.9,278,Cà Phê/Trà,189,10.76356029510498,106.69287872314453,37000
8207,Tiệm Trà Túi Nâu - Nguyễn Khắc Nhu,Trà Ổi Hồng,Có nguyên liệu đặc biệt là mứt ổi thơm nồng,37000,228,4,3,Quận 1,TP. Hồ Chí Minh,4.9,278,Cà Phê/Trà,189,10.76356029510498,106.69287872314453,37000
8207,Tiệm Trà Túi Nâu - Nguyễn Khắc Nhu,Trà Sen Vải,Được pha từ trà ướp cùng cánh hoa sen có vải tươi,42000,136,1,0,Quận 1,TP. Hồ Chí Minh,4.9,278,Cà Phê/Trà,189,10.76356029510498,106.69287872314453,37000
8207,Tiệm Trà Túi Nâu - Nguyễn Khắc Nhu,Trà Mãng Cầu,trà lài thượng hạng kết hợp với mãng cầu tươi,37000,159,3,0,Quận 1,TP. Hồ Chí Minh,4.9,278,Cà Phê/Trà,189,10.76356029510498,106.69287872314453,37000
8207,Tiệm Trà Túi Nâu - Nguyễn Khắc Nhu,Trà Sữa Túi Nâu,"món ít đường lắm, nếu uống ngọt bạn note cho Tiệm làm ngọt nhen",40000,157,2,0,Quận 1,TP. Hồ Chí Minh,4.9,278,Cà Phê/Trà,189,10.76356029510498,106.69287872314453,37000
8207,Tiệm Trà Túi Nâu - Nguyễn Khắc Nhu,Trà Cam Quế,,37000,26,0,0,Quận 1,TP. Hồ Chí Minh,4.9,278,Cà Phê/Trà,189,10.76356029510498,106.69287872314453,37000
8207,Tiệm Trà Túi Nâu - Nguyễn Khắc Nhu,Trà Sữa Hoa Cúc,"Được pha bằng hồng trà nguyên lá, sữa tươi và hoa cúc. Trà đậm ở đầu, hậu thơm nồng, béo nhẹ.
Có Sương sáo",32000,381,2,0,Quận 1,TP. Hồ Chí Minh,4.9,278,Cà Phê/Trà,189,10.76356029510498,106.69287872314453,37000
8207,Tiệm Trà Túi Nâu - Nguyễn Khắc Nhu,Trà Sữa Hoa Nhài,Topping trân châu trắng,32000,171,3,0,Quận 1,TP. Hồ Chí Minh,4.9,278,Cà Phê/Trà,189,10.76356029510498,106.69287872314453,37000
8207,Tiệm Trà Túi Nâu - Nguyễn Khắc Nhu,Trà Đào Mật Ong,Có đào tươi ,37000,64,1,0,Quận 1,TP. Hồ Chí Minh,4.9,278,Cà Phê/Trà,189,10.76356029510498,106.69287872314453,37000
8207,Tiệm Trà Túi Nâu - Nguyễn Khắc Nhu,Hồng Trà Hoa Cúc,Được pha bằng hồng trà nguyên lá và hoa cúc có sương sáo,30000,122,1,0,Quận 1,TP. Hồ Chí Minh,4.9,278,Cà Phê/Trà,189,10.76356029510498,106.69287872314453,37000
8207,Tiệm Trà Túi Nâu - Nguyễn Khắc Nhu,Hồng Trà Tắc,"Được pha bằng hồng trà nguyên lá, hoa cúc và nước cốt tắc. Trà đậm ở đầu, hậu thơm nồng.",30000,86,0,0,Quận 1,TP. Hồ Chí Minh,4.9,278,Cà Phê/Trà,189,10.76356029510498,106.69287872314453,37000
8207,Tiệm Trà Túi Nâu - Nguyễn Khắc Nhu,Hồng Trà Chanh Tây,"hồng trà kim cúc kết hợp nước cốt chanh tươi và chanh vàng, sẵn topping trân châu trắng ",32000,63,1,0,Quận 1,TP. Hồ Chí Minh,4.9,278,Cà Phê/Trà,189,10.76356029510498,106.69287872314453,37000
8207,Tiệm Trà Túi Nâu - Nguyễn Khắc Nhu,Trà Vải Túi Nâu,Được pha bằng trà lài thượng hạng cùng topping 3 trái vải tươi,42000,47,2,0,Quận 1,TP. Hồ Chí Minh,4.9,278,Cà Phê/Trà,189,10.76356029510498,106.69287872314453,37000
8207,Tiệm Trà Túi Nâu - Nguyễn Khắc Nhu,Trà Sữa Caramel,,40000,29,2,0,Quận 1,TP. Hồ Chí Minh,4.9,278,Cà Phê/Trà,189,10.76356029510498,106.69287872314453,37000
8207,Tiệm Trà Túi Nâu - Nguyễn Khắc Nhu,Trà Lài Cam Thơm,"Được pha từ trà lài thượng hạng cùng cam tươi và thơm tươi siêu fresh. Có topping nha đam.
",37000,210,2,0,Quận 1,TP. Hồ Chí Minh,4.9,278,Cà Phê/Trà,189,10.76356029510498,106.69287872314453,37000
8207,Tiệm Trà Túi Nâu - Nguyễn Khắc Nhu,Trà Xoài Mật Ong ,,37000,59,1,0,Quận 1,TP. Hồ Chí Minh,4.9,278,Cà Phê/Trà,189,10.76356029510498,106.69287872314453,37000
8207,Tiệm Trà Túi Nâu - Nguyễn Khắc Nhu,Oolong Sữa,"Món ít đường lắm, bạn uống ngọt thì note tiệm thêm đường nhen",40000,34,0,0,Quận 1,TP. Hồ Chí Minh,4.9,278,Cà Phê/Trà,189,10.76356029510498,106.69287872314453,37000
8207,Tiệm Trà Túi Nâu - Nguyễn Khắc Nhu,Oolong Sữa ,"oolong kim tuyên thượng hạng,món ít đường lắm, nếu uống ngọt bạn vui lòng note cho Tiệm nhen",40000,43,0,0,Quận 1,TP. Hồ Chí Minh,4.9,278,Cà Phê/Trà,189,10.76356029510498,106.69287872314453,37000
8207,Tiệm Trà Túi Nâu - Nguyễn Khắc Nhu,Trà Sữa Hạt Phỉ,"thơm hạt phỉ, béo nhẹ, ngọt nhẹ",37000,57,2,0,Quận 1,TP. Hồ Chí Minh,4.9,278,Cà Phê/Trà,189,10.76356029510498,106.69287872314453,37000
8207,Tiệm Trà Túi Nâu - Nguyễn Khắc Nhu,Trà Bưởi Đỏ,"Trà Xanh Nhài cao cấp kết hợp cùng cốt bưởi đỏ và mứt bưởi, món không có đường",37000,29,0,0,Quận 1,TP. Hồ Chí Minh,4.9,278,Cà Phê/Trà,189,10.76356029510498,106.69287872314453,37000
8207,Tiệm Trà Túi Nâu - Nguyễn Khắc Nhu,Trà Sữa Quế,Có sẵn sương sáo.,32000,75,1,0,Quận 1,TP. Hồ Chí Minh,4.9,278,Cà Phê/Trà,189,10.76356029510498,106.69287872314453,37000
8207,Tiệm Trà Túi Nâu - Nguyễn Khắc Nhu,Hồng Trà Quế,Có sương sáo. ,27000,13,0,0,Quận 1,TP. Hồ Chí Minh,4.9,278,Cà Phê/Trà,189,10.76356029510498,106.69287872314453,37000
8207,Tiệm Trà Túi Nâu - Nguyễn Khắc Nhu,Trà Chanh Quế,Chê là quánh,32000,16,0,0,Quận 1,TP. Hồ Chí Minh,4.9,278,Cà Phê/Trà,189,10.76356029510498,106.69287872314453,37000
8207,Tiệm Trà Túi Nâu - Nguyễn Khắc Nhu,Trà tắc quế,Topping sương sáo.,27000,28,1,0,Quận 1,TP. Hồ Chí Minh,4.9,278,Cà Phê/Trà,189,10.76356029510498,106.69287872314453,37000
8207,Tiệm Trà Túi Nâu - Nguyễn Khắc Nhu,Trà Sữa Túi Nâu,trà Oolong sữa kim tuyên kết hợp với hồng trà kim cúc,40000,70,0,0,Quận 1,TP. Hồ Chí Minh,4.9,278,Cà Phê/Trà,189,10.76356029510498,106.69287872314453,37000
8207,Tiệm Trà Túi Nâu - Nguyễn Khắc Nhu,Trà Me Nam Du,Sốt me được nấu chậm cùng hạt đác và thơm được pha kèm trà lài cao cấp ăn kèm topping đậu phộng,37000,42,1,0,Quận 1,TP. Hồ Chí Minh,4.9,278,Cà Phê/Trà,189,10.76356029510498,106.69287872314453,37000
8207,Tiệm Trà Túi Nâu - Nguyễn Khắc Nhu,Quế Latte,"Được pha hoàn toàn từ sữa ( không béo) và trà Quế, rất thơm, ít ngọt và thanh mát",37000,13,0,0,Quận 1,TP. Hồ Chí Minh,4.9,278,Cà Phê/Trà,189,10.76356029510498,106.69287872314453,37000
8207,Tiệm Trà Túi Nâu - Nguyễn Khắc Nhu,Cúc Latte,"Được pha hoàn toàn từ sữa ( không béo) và trà Hoa Cúc, rất thơm, ít ngọt và thanh mát",37000,18,0,0,Quận 1,TP. Hồ Chí Minh,4.9,278,Cà Phê/Trà,189,10.76356029510498,106.69287872314453,37000
8207,Tiệm Trà Túi Nâu - Nguyễn Khắc Nhu,Matcha Oolong Latte,"Matcha nhật thượng hạng mix với trà oolong vụ xuân cùng sữa tươi, thanh, ít ngọt, không béo.",40000,63,0,1,Quận 1,TP. Hồ Chí Minh,4.9,278,Cà Phê/Trà,189,10.76356029510498,106.69287872314453,37000
8207,Tiệm Trà Túi Nâu - Nguyễn Khắc Nhu,Matcha Latte,Matcha Nhật thượng hạng được thu hoạch vụ xuân pha cùng với sữa thanh trùng. Vị hơi khó uống cho bạn nếu dùng lần đầu bạn cân nhắc nhen.,40000,337,4,2,Quận 1,TP. Hồ Chí Minh,4.9,278,Cà Phê/Trà,189,10.76356029510498,106.69287872314453,37000
8207,Tiệm Trà Túi Nâu - Nguyễn Khắc Nhu,Nhài Latte,trà hoa nhài cao cấp được pha cùng sữa thanh trùng ,37000,13,0,0,Quận 1,TP. Hồ Chí Minh,4.9,278,Cà Phê/Trà,189,10.76356029510498,106.69287872314453,37000
8207,Tiệm Trà Túi Nâu - Nguyễn Khắc Nhu,Cold Whisk ,Matcha Nhật vụ xuân thượng hạng được đánh trực tiếp với sữa lạnh tạo nên vị béo thanh rất dễ uống và rất ngon. Món không có đường độ ngọt từ Sữa Đặc.,47000,39,1,0,Quận 1,TP. Hồ Chí Minh,4.9,278,Cà Phê/Trà,189,10.76356029510498,106.69287872314453,37000
8207,Tiệm Trà Túi Nâu - Nguyễn Khắc Nhu,Houjicha Latte,,42000,13,2,0,Quận 1,TP. Hồ Chí Minh,4.9,278,Cà Phê/Trà,189,10.76356029510498,106.69287872314453,37000
8207,Tiệm Trà Túi Nâu - Nguyễn Khắc Nhu,Matcha Caramel ,Matcha Latte mix với sốt caramel độc bản của Tiệm,45000,4,0,0,Quận 1,TP. Hồ Chí Minh,4.9,278,Cà Phê/Trà,189,10.76356029510498,106.69287872314453,37000
8207,Tiệm Trà Túi Nâu - Nguyễn Khắc Nhu,Cold Whisk Caramel,Coldwhisk mix cùng với sốt Caramel độc bản của Tiệm,47000,3,2,0,Quận 1,TP. Hồ Chí Minh,4.9,278,Cà Phê/Trà,189,10.76356029510498,106.69287872314453,37000
8207,Tiệm Trà Túi Nâu - Nguyễn Khắc Nhu,Houjicha Cold Whisk,,49000,6,0,0,Quận 1,TP. Hồ Chí Minh,4.9,278,Cà Phê/Trà,189,10.76356029510498,106.69287872314453,37000
8207,Tiệm Trà Túi Nâu - Nguyễn Khắc Nhu,Cold Brew Chanh Tây,Hạt Arabica Cầu Đất light roast ủ lạnh kết hợp với cốt chanh vàng và mật ong,38000,0,0,0,Quận 1,TP. Hồ Chí Minh,4.9,278,Cà Phê/Trà,189,10.76356029510498,106.69287872314453,37000
8207,Tiệm Trà Túi Nâu - Nguyễn Khắc Nhu,Cold Brew Bưởi,Hạt Arabica Cầu Đất ( light roast) kết hợp với sốt bưởi đỏ độc bản,38000,2,0,0,Quận 1,TP. Hồ Chí Minh,4.9,278,Cà Phê/Trà,189,10.76356029510498,106.69287872314453,37000
8207,Tiệm Trà Túi Nâu - Nguyễn Khắc Nhu,Cold Brew Latte,"Hạt Arabica Cầu Đất ( light roast) pha cùng với sữa bò tươi, thanh mát béo nhẹ.",38000,0,0,0,Quận 1,TP. Hồ Chí Minh,4.9,278,Cà Phê/Trà,189,10.76356029510498,106.69287872314453,37000
8207,Tiệm Trà Túi Nâu - Nguyễn Khắc Nhu,Honey Cold Brew,Hạt Arabica Cầu Đất ( light roast) với vị chua nhẹ của trái cây kết hợp với mật ong nguyên chất,38000,1,0,0,Quận 1,TP. Hồ Chí Minh,4.9,278,Cà Phê/Trà,189,10.76356029510498,106.69287872314453,37000
12261,Lê Minh TakeAway - Phan Văn Hân,Trà tắc siêu ngon size lớn,,20000,3,0,0,Bình Thạnh,Hồ Chí Minh,4.7,29,Sinh tố/Nước ép/Sữa,189,10.792539596557617,106.70796966552734,27000
12261,Lê Minh TakeAway - Phan Văn Hân,Trà dâu Tây Âu Ly Lớn,,30000,11,0,0,Bình Thạnh,Hồ Chí Minh,4.7,29,Sinh tố/Nước ép/Sữa,189,10.792539596557617,106.70796966552734,27000
12261,Lê Minh TakeAway - Phan Văn Hân,Cà phê sữa tươi,,22000,4,0,0,Bình Thạnh,Hồ Chí Minh,4.7,29,Sinh tố/Nước ép/Sữa,189,10.792539596557617,106.70796966552734,27000
12261,Lê Minh TakeAway - Phan Văn Hân,Lipton xí muội cam thảo - Chao đảo vị giác,,29000,1,0,0,Bình Thạnh,Hồ Chí Minh,4.7,29,Sinh tố/Nước ép/Sữa,189,10.792539596557617,106.70796966552734,27000
12261,Lê Minh TakeAway - Phan Văn Hân,Trà đào cam sả - Ly đại,,30000,0,0,0,Bình Thạnh,Hồ Chí Minh,4.7,29,Sinh tố/Nước ép/Sữa,189,10.792539596557617,106.70796966552734,27000
12261,Lê Minh TakeAway - Phan Văn Hân,Cà phê sữa đá,,20000,0,0,0,Bình Thạnh,Hồ Chí Minh,4.7,29,Sinh tố/Nước ép/Sữa,189,10.792539596557617,106.70796966552734,27000
12261,Lê Minh TakeAway - Phan Văn Hân,Trà Đào Lắc - Ly Lớn,,25000,1,0,0,Bình Thạnh,Hồ Chí Minh,4.7,29,Sinh tố/Nước ép/Sữa,189,10.792539596557617,106.70796966552734,27000
12261,Lê Minh TakeAway - Phan Văn Hân,Nước chanh dây sữa lắc - Ly đại,,25000,3,0,0,Bình Thạnh,Hồ Chí Minh,4.7,29,Sinh tố/Nước ép/Sữa,189,10.792539596557617,106.70796966552734,27000
12261,Lê Minh TakeAway - Phan Văn Hân,Nước chanh dây - Ly đại,,25000,1,0,0,Bình Thạnh,Hồ Chí Minh,4.7,29,Sinh tố/Nước ép/Sữa,189,10.792539596557617,106.70796966552734,27000
12261,Lê Minh TakeAway - Phan Văn Hân,Trà ổi Xá Lị,,29000,3,0,0,Bình Thạnh,Hồ Chí Minh,4.7,29,Sinh tố/Nước ép/Sữa,189,10.792539596557617,106.70796966552734,27000
12261,Lê Minh TakeAway - Phan Văn Hân,Cà phê đen đá,,18000,2,0,0,Bình Thạnh,Hồ Chí Minh,4.7,29,Sinh tố/Nước ép/Sữa,189,10.792539596557617,106.70796966552734,27000
12261,Lê Minh TakeAway - Phan Văn Hân,Sâm dứa sữa - Ly đại,,25000,2,0,0,Bình Thạnh,Hồ Chí Minh,4.7,29,Sinh tố/Nước ép/Sữa,189,10.792539596557617,106.70796966552734,27000
12261,Lê Minh TakeAway - Phan Văn Hân,Trà Tắc Mật Ong - Ly Lớn,Trà tắc là một món thức uống giải khát rất được nhiều người yêu thích vì vị chua và thơm của tắc rất hấp dẫn. Nay biến tấu thêm một chút với topping uống kèm là trân châu mật ong tạo nên hương vị tuyệt ,25000,1,0,0,Bình Thạnh,Hồ Chí Minh,4.7,29,Sinh tố/Nước ép/Sữa,189,10.792539596557617,106.70796966552734,27000
12261,Lê Minh TakeAway - Phan Văn Hân,Trà Vải - Ly lớn,"Thức uống giải nhiệt mùa hè có hương vị lạ miệng, ấn tượng.",29000,1,0,0,Bình Thạnh,Hồ Chí Minh,4.7,29,Sinh tố/Nước ép/Sữa,189,10.792539596557617,106.70796966552734,27000
12261,Lê Minh TakeAway - Phan Văn Hân,Tắc xí muội - Ly Lớn,,22000,5,0,0,Bình Thạnh,Hồ Chí Minh,4.7,29,Sinh tố/Nước ép/Sữa,189,10.792539596557617,106.70796966552734,27000
12261,Lê Minh TakeAway - Phan Văn Hân,Sữa đậu nành lá dứa - Ly lớn,,20000,9,0,0,Bình Thạnh,Hồ Chí Minh,4.7,29,Sinh tố/Nước ép/Sữa,189,10.792539596557617,106.70796966552734,27000
12261,Lê Minh TakeAway - Phan Văn Hân,Sữa đậu xanh - Ly lớn,,20000,8,0,0,Bình Thạnh,Hồ Chí Minh,4.7,29,Sinh tố/Nước ép/Sữa,189,10.792539596557617,106.70796966552734,27000
12261,Lê Minh TakeAway - Phan Văn Hân,Sữa đậu nành Đà Lạt (Thơm Béo)- Ly lớn,,20000,3,1,0,Bình Thạnh,Hồ Chí Minh,4.7,29,Sinh tố/Nước ép/Sữa,189,10.792539596557617,106.70796966552734,27000
12261,Lê Minh TakeAway - Phan Văn Hân,Rau má đậu xanh - Sữa dừa (lớn),,25000,2,0,0,Bình Thạnh,Hồ Chí Minh,4.7,29,Sinh tố/Nước ép/Sữa,189,10.792539596557617,106.70796966552734,27000
12261,Lê Minh TakeAway - Phan Văn Hân,Rau má nước dừa nguyên trái - Ly đại,,30000,9,0,0,Bình Thạnh,Hồ Chí Minh,4.7,29,Sinh tố/Nước ép/Sữa,189,10.792539596557617,106.70796966552734,27000
12261,Lê Minh TakeAway - Phan Văn Hân,Rau má đậu xanh - Ly vừa,,15000,43,2,0,Bình Thạnh,Hồ Chí Minh,4.7,29,Sinh tố/Nước ép/Sữa,189,10.792539596557617,106.70796966552734,27000
12261,Lê Minh TakeAway - Phan Văn Hân,Rau Má Dâu Sữa Đặc Biệt,,28000,0,0,0,Bình Thạnh,Hồ Chí Minh,4.7,29,Sinh tố/Nước ép/Sữa,189,10.792539596557617,106.70796966552734,27000
12261,Lê Minh TakeAway - Phan Văn Hân,Rau má sữa đậu xanh hạt sen,"TỐT CHO TIM MẠCH - CUNG CẤP CHẤT SẮT , CAN XI , GIÀU VITAMINS - LÀM ĐẸP DA VÀ TÓC",20000,2,0,0,Bình Thạnh,Hồ Chí Minh,4.7,29,Sinh tố/Nước ép/Sữa,189,10.792539596557617,106.70796966552734,27000
12261,Lê Minh TakeAway - Phan Văn Hân,Rau má sữa đậu nành hạt sen,"TỐT CHO TIM MẠCH - CUNG CẤP CHẤT SẮT , CAN XI , GIÀU VITAMINS - LÀM ĐẸP DA VÀ TÓC",20000,1,0,0,Bình Thạnh,Hồ Chí Minh,4.7,29,Sinh tố/Nước ép/Sữa,189,10.792539596557617,106.70796966552734,27000
12261,Lê Minh TakeAway - Phan Văn Hân,Rau Má Nước Mía Đậu Xanh - Ly Lớn,Không Dùng Đường mà lấy vị ngọt nguyên chất của Mía Làm nên Ly nước ngon Tuyệt nên thử,20000,3,0,0,Bình Thạnh,Hồ Chí Minh,4.7,29,Sinh tố/Nước ép/Sữa,189,10.792539596557617,106.70796966552734,27000
12261,Lê Minh TakeAway - Phan Văn Hân,Rau Má Đậu Nành - Ly lớn,,20000,0,0,0,Bình Thạnh,Hồ Chí Minh,4.7,29,Sinh tố/Nước ép/Sữa,189,10.792539596557617,106.70796966552734,27000
12261,Lê Minh TakeAway - Phan Văn Hân,Rau má sữa dừa sầu riêng - Lớn,,25000,1,0,0,Bình Thạnh,Hồ Chí Minh,4.7,29,Sinh tố/Nước ép/Sữa,189,10.792539596557617,106.70796966552734,27000
12261,Lê Minh TakeAway - Phan Văn Hân,Rau má đậu xanh - Ly lớn,,20000,12,0,0,Bình Thạnh,Hồ Chí Minh,4.7,29,Sinh tố/Nước ép/Sữa,189,10.792539596557617,106.70796966552734,27000
12261,Lê Minh TakeAway - Phan Văn Hân,Rau má nguyên chất - Ly lớn,,20000,8,0,0,Bình Thạnh,Hồ Chí Minh,4.7,29,Sinh tố/Nước ép/Sữa,189,10.792539596557617,106.70796966552734,27000
12261,Lê Minh TakeAway - Phan Văn Hân,Rau má nguyên chất - Ly vừa,,15000,2,0,0,Bình Thạnh,Hồ Chí Minh,4.7,29,Sinh tố/Nước ép/Sữa,189,10.792539596557617,106.70796966552734,27000
12261,Lê Minh TakeAway - Phan Văn Hân,Nước sâm mía lau đường phèn - Ly Lớn,,18000,15,1,0,Bình Thạnh,Hồ Chí Minh,4.7,29,Sinh tố/Nước ép/Sữa,189,10.792539596557617,106.70796966552734,27000
12261,Lê Minh TakeAway - Phan Văn Hân,Nước mía tắc - Ly đại,,15000,15,0,0,Bình Thạnh,Hồ Chí Minh,4.7,29,Sinh tố/Nước ép/Sữa,189,10.792539596557617,106.70796966552734,27000
12261,Lê Minh TakeAway - Phan Văn Hân,Mía quýt - Ly đại,,15000,7,1,0,Bình Thạnh,Hồ Chí Minh,4.7,29,Sinh tố/Nước ép/Sữa,189,10.792539596557617,106.70796966552734,27000
12261,Lê Minh TakeAway - Phan Văn Hân,Mía dâu,Mía và Dây Tây Tươi,22000,6,1,0,Bình Thạnh,Hồ Chí Minh,4.7,29,Sinh tố/Nước ép/Sữa,189,10.792539596557617,106.70796966552734,27000
12261,Lê Minh TakeAway - Phan Văn Hân,Nước mía nguyên chất,,15000,22,0,0,Bình Thạnh,Hồ Chí Minh,4.7,29,Sinh tố/Nước ép/Sữa,189,10.792539596557617,106.70796966552734,27000
12261,Lê Minh TakeAway - Phan Văn Hân,Mía Quýt Lớn,,15000,3,0,0,Bình Thạnh,Hồ Chí Minh,4.7,29,Sinh tố/Nước ép/Sữa,189,10.792539596557617,106.70796966552734,27000
12261,Lê Minh TakeAway - Phan Văn Hân,Nước mía đậu xanh lớn,,20000,0,0,0,Bình Thạnh,Hồ Chí Minh,4.7,29,Sinh tố/Nước ép/Sữa,189,10.792539596557617,106.70796966552734,27000
12261,Lê Minh TakeAway - Phan Văn Hân,Nước Mía Chanh Dây (Có Hạt hoặc Không Hạt),,20000,0,0,0,Bình Thạnh,Hồ Chí Minh,4.7,29,Sinh tố/Nước ép/Sữa,189,10.792539596557617,106.70796966552734,27000
12261,Lê Minh TakeAway - Phan Văn Hân,Nước mía sữa dừa - Ly lớn,,25000,0,0,0,Bình Thạnh,Hồ Chí Minh,4.7,29,Sinh tố/Nước ép/Sữa,189,10.792539596557617,106.70796966552734,27000
12261,Lê Minh TakeAway - Phan Văn Hân,Nước Mía Rau Má - Ly Lớn,,20000,11,0,0,Bình Thạnh,Hồ Chí Minh,4.7,29,Sinh tố/Nước ép/Sữa,189,10.792539596557617,106.70796966552734,27000
12261,Lê Minh TakeAway - Phan Văn Hân,Nước mía xí muội lớn,,18000,3,0,0,Bình Thạnh,Hồ Chí Minh,4.7,29,Sinh tố/Nước ép/Sữa,189,10.792539596557617,106.70796966552734,27000
12261,Lê Minh TakeAway - Phan Văn Hân,Nước Mía Ép Thơm - Ly Lớn,,15000,4,0,0,Bình Thạnh,Hồ Chí Minh,4.7,29,Sinh tố/Nước ép/Sữa,189,10.792539596557617,106.70796966552734,27000
12261,Lê Minh TakeAway - Phan Văn Hân,Nước mía chanh muối lớn,,19000,4,0,0,Bình Thạnh,Hồ Chí Minh,4.7,29,Sinh tố/Nước ép/Sữa,189,10.792539596557617,106.70796966552734,27000
12261,Lê Minh TakeAway - Phan Văn Hân,Dừa Tắc Lá Dứa Đường Phèn,Vị Mát của Dừa Vị Thơm của Dứa Cùng Vị Chua của Tắc sẽ tạo ra 1 hương vị Đặc Biệt nên Thử,30000,16,0,0,Bình Thạnh,Hồ Chí Minh,4.7,29,Sinh tố/Nước ép/Sữa,189,10.792539596557617,106.70796966552734,27000
12261,Lê Minh TakeAway - Phan Văn Hân,Dừa ly lớn,Nạo cơm và đá đường ,37000,26,0,0,Bình Thạnh,Hồ Chí Minh,4.7,29,Sinh tố/Nước ép/Sữa,189,10.792539596557617,106.70796966552734,27000
12261,Lê Minh TakeAway - Phan Văn Hân,Dừa xiêm ta - Lớn,Dừa nguyên trái. vạt 2 đầu cắm ống hút,35000,3,0,0,Bình Thạnh,Hồ Chí Minh,4.7,29,Sinh tố/Nước ép/Sữa,189,10.792539596557617,106.70796966552734,27000
12261,Lê Minh TakeAway - Phan Văn Hân,Dừa xiêm ướp Lạnh,,35000,6,1,0,Bình Thạnh,Hồ Chí Minh,4.7,29,Sinh tố/Nước ép/Sữa,189,10.792539596557617,106.70796966552734,27000
12261,Lê Minh TakeAway - Phan Văn Hân,Dừa tắc đường phèn,Dừa Nạo thêm Tắc Đá ĐƯỜNG,37000,7,0,0,Bình Thạnh,Hồ Chí Minh,4.7,29,Sinh tố/Nước ép/Sữa,189,10.792539596557617,106.70796966552734,27000
12261,Lê Minh TakeAway - Phan Văn Hân,Dừa tắc xí muội,,38000,4,0,0,Bình Thạnh,Hồ Chí Minh,4.7,29,Sinh tố/Nước ép/Sữa,189,10.792539596557617,106.70796966552734,27000
12261,Lê Minh TakeAway - Phan Văn Hân,Dừa thơm  - Ly đại,Dừa nạo Mix Thơm đá đường,37000,9,0,0,Bình Thạnh,Hồ Chí Minh,4.7,29,Sinh tố/Nước ép/Sữa,189,10.792539596557617,106.70796966552734,27000
12261,Lê Minh TakeAway - Phan Văn Hân,Trái Dừa xiêm Malay - Nhiều nước,,35000,0,0,0,Bình Thạnh,Hồ Chí Minh,4.7,29,Sinh tố/Nước ép/Sữa,189,10.792539596557617,106.70796966552734,27000
12261,Lê Minh TakeAway - Phan Văn Hân,Nước dừa tươi dâu tây,,39000,0,0,0,Bình Thạnh,Hồ Chí Minh,4.7,29,Sinh tố/Nước ép/Sữa,189,10.792539596557617,106.70796966552734,27000
12261,Lê Minh TakeAway - Phan Văn Hân,Dừa Chanh - Ly Lớn,,37000,1,0,0,Bình Thạnh,Hồ Chí Minh,4.7,29,Sinh tố/Nước ép/Sữa,189,10.792539596557617,106.70796966552734,27000
12261,Lê Minh TakeAway - Phan Văn Hân,Sinh tố dâu - Ly Lớn,,35000,4,0,0,Bình Thạnh,Hồ Chí Minh,4.7,29,Sinh tố/Nước ép/Sữa,189,10.792539596557617,106.70796966552734,27000
12261,Lê Minh TakeAway - Phan Văn Hân,Sinh Tố Xoài Lớn,,35000,7,0,0,Bình Thạnh,Hồ Chí Minh,4.7,29,Sinh tố/Nước ép/Sữa,189,10.792539596557617,106.70796966552734,27000
12261,Lê Minh TakeAway - Phan Văn Hân,Sinh tố dưa gang,,30000,2,0,0,Bình Thạnh,Hồ Chí Minh,4.7,29,Sinh tố/Nước ép/Sữa,189,10.792539596557617,106.70796966552734,27000
12261,Lê Minh TakeAway - Phan Văn Hân,Sinh tố dừa - Ly Lớn,,35000,2,0,0,Bình Thạnh,Hồ Chí Minh,4.7,29,Sinh tố/Nước ép/Sữa,189,10.792539596557617,106.70796966552734,27000
12261,Lê Minh TakeAway - Phan Văn Hân,Sinh tố sapoche - Lớn,,30000,4,0,0,Bình Thạnh,Hồ Chí Minh,4.7,29,Sinh tố/Nước ép/Sữa,189,10.792539596557617,106.70796966552734,27000
12261,Lê Minh TakeAway - Phan Văn Hân,Sinh Tố Cam Lớn,,35000,3,0,0,Bình Thạnh,Hồ Chí Minh,4.7,29,Sinh tố/Nước ép/Sữa,189,10.792539596557617,106.70796966552734,27000
12261,Lê Minh TakeAway - Phan Văn Hân,Sinh Tố Cam & Nha Đam Lớn,,37000,0,0,0,Bình Thạnh,Hồ Chí Minh,4.7,29,Sinh tố/Nước ép/Sữa,189,10.792539596557617,106.70796966552734,27000
12261,Lê Minh TakeAway - Phan Văn Hân,Sinh Tố Táo Đỏ Lớn,,35000,2,0,0,Bình Thạnh,Hồ Chí Minh,4.7,29,Sinh tố/Nước ép/Sữa,189,10.792539596557617,106.70796966552734,27000
12261,Lê Minh TakeAway - Phan Văn Hân,Sinh Tố Dâu Cốt Dừa,"Ngày Nắng Nóng, Được Thưởng Thức 1 ly Sinh tố sẽ giúp bạn giải nhiệt ngay tức thì, thay vì uống sinh tố Dâu như mọi lần, Sinh tố Dâu Chua Chua, Thơm Thơm, Béo Béo theo một cách cực mới ",35000,1,0,0,Bình Thạnh,Hồ Chí Minh,4.7,29,Sinh tố/Nước ép/Sữa,189,10.792539596557617,106.70796966552734,27000
12261,Lê Minh TakeAway - Phan Văn Hân,Sinh Tố Kiwi - Lớn,,30000,3,0,0,Bình Thạnh,Hồ Chí Minh,4.7,29,Sinh tố/Nước ép/Sữa,189,10.792539596557617,106.70796966552734,27000
12261,Lê Minh TakeAway - Phan Văn Hân,Sinh Tố Đào Lớn,,35000,1,0,0,Bình Thạnh,Hồ Chí Minh,4.7,29,Sinh tố/Nước ép/Sữa,189,10.792539596557617,106.70796966552734,27000
12261,Lê Minh TakeAway - Phan Văn Hân,Sinh Tố Dứa Lớn,,35000,0,0,0,Bình Thạnh,Hồ Chí Minh,4.7,29,Sinh tố/Nước ép/Sữa,189,10.792539596557617,106.70796966552734,27000
12261,Lê Minh TakeAway - Phan Văn Hân,Nước ép thơm & táo - Ly Lớn,,35000,4,0,0,Bình Thạnh,Hồ Chí Minh,4.7,29,Sinh tố/Nước ép/Sữa,189,10.792539596557617,106.70796966552734,27000
12261,Lê Minh TakeAway - Phan Văn Hân,Nước ép thơm - Ly Lớn,,30000,3,0,0,Bình Thạnh,Hồ Chí Minh,4.7,29,Sinh tố/Nước ép/Sữa,189,10.792539596557617,106.70796966552734,27000
12261,Lê Minh TakeAway - Phan Văn Hân,Nước ép dưa hấu - Ly Lớn,,30000,3,0,0,Bình Thạnh,Hồ Chí Minh,4.7,29,Sinh tố/Nước ép/Sữa,189,10.792539596557617,106.70796966552734,27000
12261,Lê Minh TakeAway - Phan Văn Hân,Nước ép cà rốt - Ly Lớn,,30000,3,0,0,Bình Thạnh,Hồ Chí Minh,4.7,29,Sinh tố/Nước ép/Sữa,189,10.792539596557617,106.70796966552734,27000
12261,Lê Minh TakeAway - Phan Văn Hân,Nước ép cóc - Ly Lớn,,30000,0,0,0,Bình Thạnh,Hồ Chí Minh,4.7,29,Sinh tố/Nước ép/Sữa,189,10.792539596557617,106.70796966552734,27000
12261,Lê Minh TakeAway - Phan Văn Hân,Đá Me Chua Chua Ngọt Ngọt Béo Béo,,20000,0,0,0,Bình Thạnh,Hồ Chí Minh,4.7,29,Sinh tố/Nước ép/Sữa,189,10.792539596557617,106.70796966552734,27000
12261,Lê Minh TakeAway - Phan Văn Hân,Nước ép cam & cà rốt - Ly Lớn,,35000,0,0,0,Bình Thạnh,Hồ Chí Minh,4.7,29,Sinh tố/Nước ép/Sữa,189,10.792539596557617,106.70796966552734,27000
12261,Lê Minh TakeAway - Phan Văn Hân,Nước ép cam nguyên chất 100% - Ly Lớn,,25000,1,0,0,Bình Thạnh,Hồ Chí Minh,4.7,29,Sinh tố/Nước ép/Sữa,189,10.792539596557617,106.70796966552734,27000
12261,Lê Minh TakeAway - Phan Văn Hân,Nước ép cam - chanh dây - mật ong - Ly đại,,30000,3,0,0,Bình Thạnh,Hồ Chí Minh,4.7,29,Sinh tố/Nước ép/Sữa,189,10.792539596557617,106.70796966552734,27000
12261,Lê Minh TakeAway - Phan Văn Hân,Nước ép lê - Ly Lớn,,30000,1,0,0,Bình Thạnh,Hồ Chí Minh,4.7,29,Sinh tố/Nước ép/Sữa,189,10.792539596557617,106.70796966552734,27000
12261,Lê Minh TakeAway - Phan Văn Hân,Nước ép cà rốt & thơm - Ly Lớn,,30000,1,0,0,Bình Thạnh,Hồ Chí Minh,4.7,29,Sinh tố/Nước ép/Sữa,189,10.792539596557617,106.70796966552734,27000
12261,Lê Minh TakeAway - Phan Văn Hân,Nước ép cam nhỏ,,20000,1,0,0,Bình Thạnh,Hồ Chí Minh,4.7,29,Sinh tố/Nước ép/Sữa,189,10.792539596557617,106.70796966552734,27000
12261,Lê Minh TakeAway - Phan Văn Hân,Nước ép táo,,35000,0,0,0,Bình Thạnh,Hồ Chí Minh,4.7,29,Sinh tố/Nước ép/Sữa,189,10.792539596557617,106.70796966552734,27000
12261,Lê Minh TakeAway - Phan Văn Hân,Ép Ổi - Ly Lớn,,30000,4,0,0,Bình Thạnh,Hồ Chí Minh,4.7,29,Sinh tố/Nước ép/Sữa,189,10.792539596557617,106.70796966552734,27000
12261,Lê Minh TakeAway - Phan Văn Hân,Cam Sữa - Ly lớn,,30000,1,0,0,Bình Thạnh,Hồ Chí Minh,4.7,29,Sinh tố/Nước ép/Sữa,189,10.792539596557617,106.70796966552734,27000
12261,Lê Minh TakeAway - Phan Văn Hân,Ép Quýt Nguyên Chất - Ly Lớn,,35000,1,0,0,Bình Thạnh,Hồ Chí Minh,4.7,29,Sinh tố/Nước ép/Sữa,189,10.792539596557617,106.70796966552734,27000
12261,Lê Minh TakeAway - Phan Văn Hân,Bún Riêu,,40000,1,0,0,Bình Thạnh,Hồ Chí Minh,4.7,29,Sinh tố/Nước ép/Sữa,189,10.792539596557617,106.70796966552734,27000
12261,Lê Minh TakeAway - Phan Văn Hân,Canh Bún,,40000,1,0,0,Bình Thạnh,Hồ Chí Minh,4.7,29,Sinh tố/Nước ép/Sữa,189,10.792539596557617,106.70796966552734,27000
12261,Lê Minh TakeAway - Phan Văn Hân,Cuốn Tôm Thịt 3 cuốn,Mắm Hoặc Tương khách ghi chú giúp quán,39000,3,0,0,Bình Thạnh,Hồ Chí Minh,4.7,29,Sinh tố/Nước ép/Sữa,189,10.792539596557617,106.70796966552734,27000
12261,Lê Minh TakeAway - Phan Văn Hân,Cuốn Thịt 3 cuốn,Mắm Hoặc Tương khách ghi chú giúp quán,39000,0,0,0,Bình Thạnh,Hồ Chí Minh,4.7,29,Sinh tố/Nước ép/Sữa,189,10.792539596557617,106.70796966552734,27000
12261,Lê Minh TakeAway - Phan Văn Hân,Cuốn Tai Heo 3 cuốn,Mắm Hoặc Tương khách ghi chú giúp quán,39000,0,0,0,Bình Thạnh,Hồ Chí Minh,4.7,29,Sinh tố/Nước ép/Sữa,189,10.792539596557617,106.70796966552734,27000
12261,Lê Minh TakeAway - Phan Văn Hân,Cuốn Tôm Tai Heo 3 Cuốn,,39000,2,0,0,Bình Thạnh,Hồ Chí Minh,4.7,29,Sinh tố/Nước ép/Sữa,189,10.792539596557617,106.70796966552734,27000
12261,Lê Minh TakeAway - Phan Văn Hân,Yaourt đá,,25000,0,0,0,Bình Thạnh,Hồ Chí Minh,4.7,29,Sinh tố/Nước ép/Sữa,189,10.792539596557617,106.70796966552734,27000
12261,Lê Minh TakeAway - Phan Văn Hân,Yaourt cam - Lớn,,30000,0,0,0,Bình Thạnh,Hồ Chí Minh,4.7,29,Sinh tố/Nước ép/Sữa,189,10.792539596557617,106.70796966552734,27000
12261,Lê Minh TakeAway - Phan Văn Hân,Yaourt dâu - Lớn,,30000,1,0,0,Bình Thạnh,Hồ Chí Minh,4.7,29,Sinh tố/Nước ép/Sữa,189,10.792539596557617,106.70796966552734,27000
12261,Lê Minh TakeAway - Phan Văn Hân,Yaourt việt quất,,30000,1,0,0,Bình Thạnh,Hồ Chí Minh,4.7,29,Sinh tố/Nước ép/Sữa,189,10.792539596557617,106.70796966552734,27000
11542,Trà Trái Cây Cherry Dâu - Hồ Thị Kỷ,TRÀ DÂU TẰM,Nhà nấu nguyên chất từ mật trái cây tươi ( không dùng Siro),35000,56,0,0,Quận 10,Hồ Chí Minh,4.4,24,Cà Phê/Trà,189,10.764840126037598,106.67704772949219,35000
11542,Trà Trái Cây Cherry Dâu - Hồ Thị Kỷ,TRÀ MẬT DÂU TÂY,Nấu nguyên chất từ trái dâu tươi không dùng siro,35000,48,0,0,Quận 10,Hồ Chí Minh,4.4,24,Cà Phê/Trà,189,10.764840126037598,106.67704772949219,35000
11542,Trà Trái Cây Cherry Dâu - Hồ Thị Kỷ,TRÀ ĐÀO CAM XẢ,,35000,42,0,0,Quận 10,Hồ Chí Minh,4.4,24,Cà Phê/Trà,189,10.764840126037598,106.67704772949219,35000
11542,Trà Trái Cây Cherry Dâu - Hồ Thị Kỷ,TRÀ ỔI,Nhà nấu nguyên chất từ mật trái cây tươi (không dùng Siro),35000,47,0,0,Quận 10,Hồ Chí Minh,4.4,24,Cà Phê/Trà,189,10.764840126037598,106.67704772949219,35000
11542,Trà Trái Cây Cherry Dâu - Hồ Thị Kỷ,TRÀ VẢI,Nhà nấu nguyên chất từ mật trái cây tươi,35000,14,0,0,Quận 10,Hồ Chí Minh,4.4,24,Cà Phê/Trà,189,10.764840126037598,106.67704772949219,35000
11542,Trà Trái Cây Cherry Dâu - Hồ Thị Kỷ,TRÀ THƠM,,35000,20,0,0,Quận 10,Hồ Chí Minh,4.4,24,Cà Phê/Trà,189,10.764840126037598,106.67704772949219,35000
11542,Trà Trái Cây Cherry Dâu - Hồ Thị Kỷ,TRÀ TẮC THÁI XANH,,35000,9,0,0,Quận 10,Hồ Chí Minh,4.4,24,Cà Phê/Trà,189,10.764840126037598,106.67704772949219,35000
11542,Trà Trái Cây Cherry Dâu - Hồ Thị Kỷ,TRÀ TẮC THÁI ĐỎ,,35000,4,0,0,Quận 10,Hồ Chí Minh,4.4,24,Cà Phê/Trà,189,10.764840126037598,106.67704772949219,35000
11542,Trà Trái Cây Cherry Dâu - Hồ Thị Kỷ,TRÀ XOÀI,,35000,12,0,0,Quận 10,Hồ Chí Minh,4.4,24,Cà Phê/Trà,189,10.764840126037598,106.67704772949219,35000
11542,Trà Trái Cây Cherry Dâu - Hồ Thị Kỷ,TRÀ SỮA VIỆT QUẤT,,42000,7,0,0,Quận 10,Hồ Chí Minh,4.4,24,Cà Phê/Trà,189,10.764840126037598,106.67704772949219,35000
11542,Trà Trái Cây Cherry Dâu - Hồ Thị Kỷ,TRÀ TẮC XÍ MUỘI THÁI LAN,,35000,10,0,0,Quận 10,Hồ Chí Minh,4.4,24,Cà Phê/Trà,189,10.764840126037598,106.67704772949219,35000
11542,Trà Trái Cây Cherry Dâu - Hồ Thị Kỷ,HỒNG TRÀ TẮC,,35000,5,0,0,Quận 10,Hồ Chí Minh,4.4,24,Cà Phê/Trà,189,10.764840126037598,106.67704772949219,35000
11542,Trà Trái Cây Cherry Dâu - Hồ Thị Kỷ,TRÀ TRÁI CÂY NHIỆT ĐỚI ,Trái Cây Theo Mùa,42000,93,0,0,Quận 10,Hồ Chí Minh,4.4,24,Cà Phê/Trà,189,10.764840126037598,106.67704772949219,35000
11542,Trà Trái Cây Cherry Dâu - Hồ Thị Kỷ,TRÀ SỮA TRÂN CHÂU NHÀ LÀM,Trà sữa nhà làm hợp vệ sinh an toàn,35000,8,0,0,Quận 10,Hồ Chí Minh,4.4,24,Cà Phê/Trà,189,10.764840126037598,106.67704772949219,35000
11542,Trà Trái Cây Cherry Dâu - Hồ Thị Kỷ,CACAO SỮA,"Trái cây theo mùa
",35000,6,0,0,Quận 10,Hồ Chí Minh,4.4,24,Cà Phê/Trà,189,10.764840126037598,106.67704772949219,35000
11542,Trà Trái Cây Cherry Dâu - Hồ Thị Kỷ,SỮA TƯƠI SÂM DỨA,,35000,7,0,0,Quận 10,Hồ Chí Minh,4.4,24,Cà Phê/Trà,189,10.764840126037598,106.67704772949219,35000
11542,Trà Trái Cây Cherry Dâu - Hồ Thị Kỷ,TRÀ SỮA THÁI XANH,,35000,6,0,0,Quận 10,Hồ Chí Minh,4.4,24,Cà Phê/Trà,189,10.764840126037598,106.67704772949219,35000
11542,Trà Trái Cây Cherry Dâu - Hồ Thị Kỷ,MILO DẦM TRÂN CHÂU,,42000,11,0,0,Quận 10,Hồ Chí Minh,4.4,24,Cà Phê/Trà,189,10.764840126037598,106.67704772949219,35000
21986,Cô Mười - Nước Mía Sầu Riêng - Trần Xuân Soạn,Nước Mía Tắc Ly Khủng,mía tươi ép tại chỗ khi khách đặt món,15000,188,3,1,Quận 7,Hồ Chí Minh,4.7,60,Sinh tố/Nước ép/Sữa,189,10.75154972076416,106.69499969482422,20000
21986,Cô Mười - Nước Mía Sầu Riêng - Trần Xuân Soạn,Nước Mía Dâu Tươi Nguyên Chất Ly Vừa,mía và dâu tuoi Nguyên Chất được ép tại chỗ khi có khách hàng đặt món,18000,87,2,1,Quận 7,Hồ Chí Minh,4.7,60,Sinh tố/Nước ép/Sữa,189,10.75154972076416,106.69499969482422,20000
21986,Cô Mười - Nước Mía Sầu Riêng - Trần Xuân Soạn,Nước Mía Sầu riêng Nguyên Chất Size Vừa,mía tuoi và cơm sầu riêng nguyên chất được làm món tại chỗ khi khách hàng đặt món,18000,21,0,0,Quận 7,Hồ Chí Minh,4.7,60,Sinh tố/Nước ép/Sữa,189,10.75154972076416,106.69499969482422,20000
21986,Cô Mười - Nước Mía Sầu Riêng - Trần Xuân Soạn,Nước Mía Sầu riêng Nguyên Chất Ly Khủng,mía tươi và cơm sầu riêng nguyên chất được làm tại chỗ khi khách hàng đặt món,20000,49,0,0,Quận 7,Hồ Chí Minh,4.7,60,Sinh tố/Nước ép/Sữa,189,10.75154972076416,106.69499969482422,20000
21986,Cô Mười - Nước Mía Sầu Riêng - Trần Xuân Soạn,Nước Mía Và Dâu Tươi Nguyên Chất Ly Vừa, mía và dâu Tươi Nguyên Chất được làm tại chỗ khi có khách hàng đặt món,18000,11,0,0,Quận 7,Hồ Chí Minh,4.7,60,Sinh tố/Nước ép/Sữa,189,10.75154972076416,106.69499969482422,20000
21986,Cô Mười - Nước Mía Sầu Riêng - Trần Xuân Soạn,Nước Mía Cam Tươi Nguyên Chất Ly Khủng,mía và cam tươi nguyên chất được rửa sạch ép khi có khách hàng đặt món,20000,14,0,0,Quận 7,Hồ Chí Minh,4.7,60,Sinh tố/Nước ép/Sữa,189,10.75154972076416,106.69499969482422,20000
21986,Cô Mười - Nước Mía Sầu Riêng - Trần Xuân Soạn,Nước Mía Cốt Dừa Tươi Nguyên Chất Ly Khủng,mía tươi và cốt dừa nguyên chất được làm tại chỗ khi khách hàng đặt món,20000,14,0,0,Quận 7,Hồ Chí Minh,4.7,60,Sinh tố/Nước ép/Sữa,189,10.75154972076416,106.69499969482422,20000
21986,Cô Mười - Nước Mía Sầu Riêng - Trần Xuân Soạn,Nước Mía Cam Tươi Nguyên Chất Ly Vừa,mía và cam Tươi Nguyên Chất rửa sach được ép khi khách hàng hàng đặt món,18000,6,1,0,Quận 7,Hồ Chí Minh,4.7,60,Sinh tố/Nước ép/Sữa,189,10.75154972076416,106.69499969482422,20000
21986,Cô Mười - Nước Mía Sầu Riêng - Trần Xuân Soạn,Nước Mía Sầu riêng - Đậu Phộng Hạt Đác Size Vừa,mía và cơm sầu riêng nguyên chất + mứt + đậu phộng và trái cây tuoi được làm khi có khách hàng đặt món,20000,6,0,0,Quận 7,Hồ Chí Minh,4.7,60,Sinh tố/Nước ép/Sữa,189,10.75154972076416,106.69499969482422,20000
21986,Cô Mười - Nước Mía Sầu Riêng - Trần Xuân Soạn,Nước Mía Cốt Dừa Nguyên Chất Ly Size Vừa,mía tươi và cốt dừa nguyên chất được ép và làm tại chỗ khi khách hàng đặt món,18000,4,1,0,Quận 7,Hồ Chí Minh,4.7,60,Sinh tố/Nước ép/Sữa,189,10.75154972076416,106.69499969482422,20000
21986,Cô Mười - Nước Mía Sầu Riêng - Trần Xuân Soạn,Nước  Mía  Chanh Dây Tươi Nguyên Chất Ly Khủng,mía và chanh dây tươi nguyên chất được ép tại chỗ khi có khách hàng đặt món,20000,13,1,0,Quận 7,Hồ Chí Minh,4.7,60,Sinh tố/Nước ép/Sữa,189,10.75154972076416,106.69499969482422,20000
21986,Cô Mười - Nước Mía Sầu Riêng - Trần Xuân Soạn,Nước Mía Cốt Dừa Mix Đậu Phộng Và thạch  Ly Khủng,,25000,13,0,0,Quận 7,Hồ Chí Minh,4.7,60,Sinh tố/Nước ép/Sữa,189,10.75154972076416,106.69499969482422,20000
21986,Cô Mười - Nước Mía Sầu Riêng - Trần Xuân Soạn,Nước Mía Sầu Riêng Mix Đậu Phộng Và thạch  Ly Vừa,mia tuoi và cơm sầu riêng nguyên chất + trái cây và đậu phộng đuoc làm khi có khách hàng đặt món,20000,5,0,0,Quận 7,Hồ Chí Minh,4.7,60,Sinh tố/Nước ép/Sữa,189,10.75154972076416,106.69499969482422,20000
21986,Cô Mười - Nước Mía Sầu Riêng - Trần Xuân Soạn,Nước Mía Cốt Dừa Mix Đậu Phộng Và thạch  Size L,,20000,7,0,0,Quận 7,Hồ Chí Minh,4.7,60,Sinh tố/Nước ép/Sữa,189,10.75154972076416,106.69499969482422,20000
21986,Cô Mười - Nước Mía Sầu Riêng - Trần Xuân Soạn,Nước Mía Cam Tươi Nguyên Chất Ly Khủng,,20000,4,0,0,Quận 7,Hồ Chí Minh,4.7,60,Sinh tố/Nước ép/Sữa,189,10.75154972076416,106.69499969482422,20000
21986,Cô Mười - Nước Mía Sầu Riêng - Trần Xuân Soạn,Nước Mía Chanh Dây Tươi Nguyên Chất Ly Size Vừa,Mía và chanh dây tươi nguyên chất được ép tại chỗ khi có khách hàng đặt món,18000,7,0,0,Quận 7,Hồ Chí Minh,4.7,60,Sinh tố/Nước ép/Sữa,189,10.75154972076416,106.69499969482422,20000
21986,Cô Mười - Nước Mía Sầu Riêng - Trần Xuân Soạn,Nước Mía Chanh Dây Nguyên Chất Ly Khủng,mia va chanh day tuoi duoc ep tai cho khi co khach dat mon,20000,1,0,0,Quận 7,Hồ Chí Minh,4.7,60,Sinh tố/Nước ép/Sữa,189,10.75154972076416,106.69499969482422,20000
21986,Cô Mười - Nước Mía Sầu Riêng - Trần Xuân Soạn,Nước Mía Sầu Riêng Mứt Chuối Đậu Phộng Và Thạch Ly Khủng,,25000,5,0,0,Quận 7,Hồ Chí Minh,4.7,60,Sinh tố/Nước ép/Sữa,189,10.75154972076416,106.69499969482422,20000
21986,Cô Mười - Nước Mía Sầu Riêng - Trần Xuân Soạn,Nước Mía Chanh Dây Tươi Nguyên Chất Ly Khủng,mía và chanh dây tươi nguyên chất được ép tại chỗ khi có khách hàng đặt món,20000,4,0,0,Quận 7,Hồ Chí Minh,4.7,60,Sinh tố/Nước ép/Sữa,189,10.75154972076416,106.69499969482422,20000
21986,Cô Mười - Nước Mía Sầu Riêng - Trần Xuân Soạn,Trà Tắc Xí Muội Ly Khủng,,15000,14,0,0,Quận 7,Hồ Chí Minh,4.7,60,Sinh tố/Nước ép/Sữa,189,10.75154972076416,106.69499969482422,20000
21986,Cô Mười - Nước Mía Sầu Riêng - Trần Xuân Soạn,Nước Cam Tươi Nguyên Chất Ly Khủng,cam tươi rửa sach ép tại chỗ khi có khách hàng đặt món,20000,63,1,0,Quận 7,Hồ Chí Minh,4.7,60,Sinh tố/Nước ép/Sữa,189,10.75154972076416,106.69499969482422,20000
21986,Cô Mười - Nước Mía Sầu Riêng - Trần Xuân Soạn,Cam Tươi Nguyên Chất Size L,Cam tươi đem rửa sach bụi ép tại chỗ khi có khách hàng đặt món,15000,22,0,1,Quận 7,Hồ Chí Minh,4.7,60,Sinh tố/Nước ép/Sữa,189,10.75154972076416,106.69499969482422,20000
21986,Cô Mười - Nước Mía Sầu Riêng - Trần Xuân Soạn,Nước Ép Dưa Hấu Tươi Nguyên Chất Size M,,20000,6,0,0,Quận 7,Hồ Chí Minh,4.7,60,Sinh tố/Nước ép/Sữa,189,10.75154972076416,106.69499969482422,20000
21986,Cô Mười - Nước Mía Sầu Riêng - Trần Xuân Soạn,Nước Ép Thơm Nguyên Chất Size M,,20000,6,0,1,Quận 7,Hồ Chí Minh,4.7,60,Sinh tố/Nước ép/Sữa,189,10.75154972076416,106.69499969482422,20000
13179,Rau Má & Nước Ép Tony - Đoàn Văn Bơ,Nước ép ổi,700ml,30000,64,0,0,Quận 4,Hồ Chí Minh,4.9,98,Sinh tố/Nước ép/Sữa,189,10.758819580078125,106.71114349365234,35000
13179,Rau Má & Nước Ép Tony - Đoàn Văn Bơ,Nước ép táo - thơm,700ml,35000,94,3,0,Quận 4,Hồ Chí Minh,4.9,98,Sinh tố/Nước ép/Sữa,189,10.758819580078125,106.71114349365234,35000
13179,Rau Má & Nước Ép Tony - Đoàn Văn Bơ,Nước ép thơm,700ml,35000,43,0,0,Quận 4,Hồ Chí Minh,4.9,98,Sinh tố/Nước ép/Sữa,189,10.758819580078125,106.71114349365234,35000
13179,Rau Má & Nước Ép Tony - Đoàn Văn Bơ,Nước ép cam,700ml,30000,32,6,0,Quận 4,Hồ Chí Minh,4.9,98,Sinh tố/Nước ép/Sữa,189,10.758819580078125,106.71114349365234,35000
13179,Rau Má & Nước Ép Tony - Đoàn Văn Bơ,Nước ép dưa hấu,700ml,30000,58,0,0,Quận 4,Hồ Chí Minh,4.9,98,Sinh tố/Nước ép/Sữa,189,10.758819580078125,106.71114349365234,35000
13179,Rau Má & Nước Ép Tony - Đoàn Văn Bơ,Nước ép táo,,40000,15,1,0,Quận 4,Hồ Chí Minh,4.9,98,Sinh tố/Nước ép/Sữa,189,10.758819580078125,106.71114349365234,35000
13179,Rau Má & Nước Ép Tony - Đoàn Văn Bơ,Nước ép táo cam,,35000,12,0,0,Quận 4,Hồ Chí Minh,4.9,98,Sinh tố/Nước ép/Sữa,189,10.758819580078125,106.71114349365234,35000
13179,Rau Má & Nước Ép Tony - Đoàn Văn Bơ,Nước ép thơm cam,,35000,17,0,0,Quận 4,Hồ Chí Minh,4.9,98,Sinh tố/Nước ép/Sữa,189,10.758819580078125,106.71114349365234,35000
13179,Rau Má & Nước Ép Tony - Đoàn Văn Bơ,Nước ép thơm ổi,,35000,13,1,0,Quận 4,Hồ Chí Minh,4.9,98,Sinh tố/Nước ép/Sữa,189,10.758819580078125,106.71114349365234,35000
13179,Rau Má & Nước Ép Tony - Đoàn Văn Bơ,Nước ép thơm sơri,,35000,5,0,0,Quận 4,Hồ Chí Minh,4.9,98,Sinh tố/Nước ép/Sữa,189,10.758819580078125,106.71114349365234,35000
13179,Rau Má & Nước Ép Tony - Đoàn Văn Bơ,Nước ép cóc,,35000,10,1,0,Quận 4,Hồ Chí Minh,4.9,98,Sinh tố/Nước ép/Sữa,189,10.758819580078125,106.71114349365234,35000
13179,Rau Má & Nước Ép Tony - Đoàn Văn Bơ,Nước ép sơri,,35000,6,0,0,Quận 4,Hồ Chí Minh,4.9,98,Sinh tố/Nước ép/Sữa,189,10.758819580078125,106.71114349365234,35000
13179,Rau Má & Nước Ép Tony - Đoàn Văn Bơ,Nước ép thơm carot,,35000,8,0,0,Quận 4,Hồ Chí Minh,4.9,98,Sinh tố/Nước ép/Sữa,189,10.758819580078125,106.71114349365234,35000
13179,Rau Má & Nước Ép Tony - Đoàn Văn Bơ,Nước ép thơm cóc,,35000,2,0,0,Quận 4,Hồ Chí Minh,4.9,98,Sinh tố/Nước ép/Sữa,189,10.758819580078125,106.71114349365234,35000
13179,Rau Má & Nước Ép Tony - Đoàn Văn Bơ,Nước ép cóc ổi,,32000,2,0,0,Quận 4,Hồ Chí Minh,4.9,98,Sinh tố/Nước ép/Sữa,189,10.758819580078125,106.71114349365234,35000
13179,Rau Má & Nước Ép Tony - Đoàn Văn Bơ,Nước ép cóc sơri,,32000,1,0,0,Quận 4,Hồ Chí Minh,4.9,98,Sinh tố/Nước ép/Sữa,189,10.758819580078125,106.71114349365234,35000
13179,Rau Má & Nước Ép Tony - Đoàn Văn Bơ,Nước ép dưa lưới,,35000,4,0,0,Quận 4,Hồ Chí Minh,4.9,98,Sinh tố/Nước ép/Sữa,189,10.758819580078125,106.71114349365234,35000
13179,Rau Má & Nước Ép Tony - Đoàn Văn Bơ,Nước ép dưa lưới thơm,,35000,4,0,0,Quận 4,Hồ Chí Minh,4.9,98,Sinh tố/Nước ép/Sữa,189,10.758819580078125,106.71114349365234,35000
13179,Rau Má & Nước Ép Tony - Đoàn Văn Bơ,Nước ép dưa lưới táo,,35000,10,0,0,Quận 4,Hồ Chí Minh,4.9,98,Sinh tố/Nước ép/Sữa,189,10.758819580078125,106.71114349365234,35000
13179,Rau Má & Nước Ép Tony - Đoàn Văn Bơ,Nước ép dưa lưới ổi,,35000,0,0,0,Quận 4,Hồ Chí Minh,4.9,98,Sinh tố/Nước ép/Sữa,189,10.758819580078125,106.71114349365234,35000
13179,Rau Má & Nước Ép Tony - Đoàn Văn Bơ,Nước ép dưa lưới dưa hấu,,35000,1,0,0,Quận 4,Hồ Chí Minh,4.9,98,Sinh tố/Nước ép/Sữa,189,10.758819580078125,106.71114349365234,35000
13179,Rau Má & Nước Ép Tony - Đoàn Văn Bơ,Nước ép thơm dâu,,40000,6,0,0,Quận 4,Hồ Chí Minh,4.9,98,Sinh tố/Nước ép/Sữa,189,10.758819580078125,106.71114349365234,35000
13179,Rau Má & Nước Ép Tony - Đoàn Văn Bơ,Nước ép bưởi,,35000,4,0,0,Quận 4,Hồ Chí Minh,4.9,98,Sinh tố/Nước ép/Sữa,189,10.758819580078125,106.71114349365234,35000
13179,Rau Má & Nước Ép Tony - Đoàn Văn Bơ,Nước ép bưởi thơm,,35000,2,0,0,Quận 4,Hồ Chí Minh,4.9,98,Sinh tố/Nước ép/Sữa,189,10.758819580078125,106.71114349365234,35000
13179,Rau Má & Nước Ép Tony - Đoàn Văn Bơ,Nước ép bưởi táo,,35000,5,0,0,Quận 4,Hồ Chí Minh,4.9,98,Sinh tố/Nước ép/Sữa,189,10.758819580078125,106.71114349365234,35000
13179,Rau Má & Nước Ép Tony - Đoàn Văn Bơ,Nước ép chanh dây,,30000,8,0,0,Quận 4,Hồ Chí Minh,4.9,98,Sinh tố/Nước ép/Sữa,189,10.758819580078125,106.71114349365234,35000
13179,Rau Má & Nước Ép Tony - Đoàn Văn Bơ,Nước ép thơm chanh dây,,35000,10,0,0,Quận 4,Hồ Chí Minh,4.9,98,Sinh tố/Nước ép/Sữa,189,10.758819580078125,106.71114349365234,35000
13179,Rau Má & Nước Ép Tony - Đoàn Văn Bơ,Rau má nguyên chất,700ml,15000,183,6,0,Quận 4,Hồ Chí Minh,4.9,98,Sinh tố/Nước ép/Sữa,189,10.758819580078125,106.71114349365234,35000
13179,Rau Má & Nước Ép Tony - Đoàn Văn Bơ,Rau má nước dừa,700ml,20000,147,2,1,Quận 4,Hồ Chí Minh,4.9,98,Sinh tố/Nước ép/Sữa,189,10.758819580078125,106.71114349365234,35000
13179,Rau Má & Nước Ép Tony - Đoàn Văn Bơ,Rau má đậu xanh,,20000,130,2,0,Quận 4,Hồ Chí Minh,4.9,98,Sinh tố/Nước ép/Sữa,189,10.758819580078125,106.71114349365234,35000
13179,Rau Má & Nước Ép Tony - Đoàn Văn Bơ,Rau má sữa,,20000,27,1,0,Quận 4,Hồ Chí Minh,4.9,98,Sinh tố/Nước ép/Sữa,189,10.758819580078125,106.71114349365234,35000
13179,Rau Má & Nước Ép Tony - Đoàn Văn Bơ,Rau má đậu xanh nước dừa,,25000,40,0,0,Quận 4,Hồ Chí Minh,4.9,98,Sinh tố/Nước ép/Sữa,189,10.758819580078125,106.71114349365234,35000
13179,Rau Má & Nước Ép Tony - Đoàn Văn Bơ,Rau má đậu xanh sữa dừa,,30000,42,0,0,Quận 4,Hồ Chí Minh,4.9,98,Sinh tố/Nước ép/Sữa,189,10.758819580078125,106.71114349365234,35000
13179,Rau Má & Nước Ép Tony - Đoàn Văn Bơ,Sinh tố dâu tây,,40000,35,0,0,Quận 4,Hồ Chí Minh,4.9,98,Sinh tố/Nước ép/Sữa,189,10.758819580078125,106.71114349365234,35000
13179,Rau Má & Nước Ép Tony - Đoàn Văn Bơ,Sinh tố dâu táo,,35000,6,1,0,Quận 4,Hồ Chí Minh,4.9,98,Sinh tố/Nước ép/Sữa,189,10.758819580078125,106.71114349365234,35000
13179,Rau Má & Nước Ép Tony - Đoàn Văn Bơ,Sinh tố dâu thơm,,35000,4,0,0,Quận 4,Hồ Chí Minh,4.9,98,Sinh tố/Nước ép/Sữa,189,10.758819580078125,106.71114349365234,35000
13179,Rau Má & Nước Ép Tony - Đoàn Văn Bơ,Sinh tố dâu chuối,,35000,12,0,0,Quận 4,Hồ Chí Minh,4.9,98,Sinh tố/Nước ép/Sữa,189,10.758819580078125,106.71114349365234,35000
13179,Rau Má & Nước Ép Tony - Đoàn Văn Bơ,Sinh tố dâu cam,,35000,4,0,0,Quận 4,Hồ Chí Minh,4.9,98,Sinh tố/Nước ép/Sữa,189,10.758819580078125,106.71114349365234,35000
13179,Rau Má & Nước Ép Tony - Đoàn Văn Bơ,Sịnh tố Sapoche,,30000,15,0,0,Quận 4,Hồ Chí Minh,4.9,98,Sinh tố/Nước ép/Sữa,189,10.758819580078125,106.71114349365234,35000
13179,Rau Má & Nước Ép Tony - Đoàn Văn Bơ,Sinh tố cam sữa,,25000,18,4,0,Quận 4,Hồ Chí Minh,4.9,98,Sinh tố/Nước ép/Sữa,189,10.758819580078125,106.71114349365234,35000
13179,Rau Má & Nước Ép Tony - Đoàn Văn Bơ,Sinh tố dưa lưới,,32000,13,0,0,Quận 4,Hồ Chí Minh,4.9,98,Sinh tố/Nước ép/Sữa,189,10.758819580078125,106.71114349365234,35000
13179,Rau Má & Nước Ép Tony - Đoàn Văn Bơ,Sinh tố cà chua,,30000,5,2,0,Quận 4,Hồ Chí Minh,4.9,98,Sinh tố/Nước ép/Sữa,189,10.758819580078125,106.71114349365234,35000
13179,Rau Má & Nước Ép Tony - Đoàn Văn Bơ,Sinh tố chuối,,25000,6,0,0,Quận 4,Hồ Chí Minh,4.9,98,Sinh tố/Nước ép/Sữa,189,10.758819580078125,106.71114349365234,35000
13179,Rau Má & Nước Ép Tony - Đoàn Văn Bơ,Sinh tố bơ,,38000,29,5,0,Quận 4,Hồ Chí Minh,4.9,98,Sinh tố/Nước ép/Sữa,189,10.758819580078125,106.71114349365234,35000
13179,Rau Má & Nước Ép Tony - Đoàn Văn Bơ,Sinh tố bơ dừa,,35000,7,0,0,Quận 4,Hồ Chí Minh,4.9,98,Sinh tố/Nước ép/Sữa,189,10.758819580078125,106.71114349365234,35000
13179,Rau Má & Nước Ép Tony - Đoàn Văn Bơ,Sinh tố bơ cafe,,35000,1,0,0,Quận 4,Hồ Chí Minh,4.9,98,Sinh tố/Nước ép/Sữa,189,10.758819580078125,106.71114349365234,35000
13179,Rau Má & Nước Ép Tony - Đoàn Văn Bơ,Sinh tố Sapoche xoài,,30000,3,0,0,Quận 4,Hồ Chí Minh,4.9,98,Sinh tố/Nước ép/Sữa,189,10.758819580078125,106.71114349365234,35000
13179,Rau Má & Nước Ép Tony - Đoàn Văn Bơ,Sinh tố đu đủ,,30000,3,0,0,Quận 4,Hồ Chí Minh,4.9,98,Sinh tố/Nước ép/Sữa,189,10.758819580078125,106.71114349365234,35000
13179,Rau Má & Nước Ép Tony - Đoàn Văn Bơ,Sinh tố xoài,,25000,3,0,0,Quận 4,Hồ Chí Minh,4.9,98,Sinh tố/Nước ép/Sữa,189,10.758819580078125,106.71114349365234,35000
13179,Rau Má & Nước Ép Tony - Đoàn Văn Bơ,Nước ép cần tây chanh mật ong,,35000,3,0,0,Quận 4,Hồ Chí Minh,4.9,98,Sinh tố/Nước ép/Sữa,189,10.758819580078125,106.71114349365234,35000
13179,Rau Má & Nước Ép Tony - Đoàn Văn Bơ,Nước ép cần tây mix cóc ổi sơri,,35000,2,0,0,Quận 4,Hồ Chí Minh,4.9,98,Sinh tố/Nước ép/Sữa,189,10.758819580078125,106.71114349365234,35000
13179,Rau Má & Nước Ép Tony - Đoàn Văn Bơ,Cần tây mix thơm sơri,,35000,0,0,0,Quận 4,Hồ Chí Minh,4.9,98,Sinh tố/Nước ép/Sữa,189,10.758819580078125,106.71114349365234,35000
13179,Rau Má & Nước Ép Tony - Đoàn Văn Bơ,Cần tây mix thơm táo chanh,,35000,3,0,0,Quận 4,Hồ Chí Minh,4.9,98,Sinh tố/Nước ép/Sữa,189,10.758819580078125,106.71114349365234,35000
13179,Rau Má & Nước Ép Tony - Đoàn Văn Bơ,Cần tây thơm bí đao chanh,,35000,0,0,0,Quận 4,Hồ Chí Minh,4.9,98,Sinh tố/Nước ép/Sữa,189,10.758819580078125,106.71114349365234,35000
13179,Rau Má & Nước Ép Tony - Đoàn Văn Bơ,Cần tây mix carot táo chanh,,35000,1,0,0,Quận 4,Hồ Chí Minh,4.9,98,Sinh tố/Nước ép/Sữa,189,10.758819580078125,106.71114349365234,35000
122,CAFECUB - Cà Phê & Trà Trái Cây Tươi - Vĩnh Hội,Trà Trái Cây Nhiệt Đới,"Trà lài vị dâu giảm stress, tăng cường đề kháng, kết hợp nhiều loại trái cây tươi nhiệt đới, nhiều topping siêu thanh mát, tha hồ nhâm nhi giải khát cực đã.",49000,627,6,1,Quận 4,Hồ Chí Minh,4.9,766,Cà Phê/Trà,189,10.756150245666504,106.70226287841797,39000
122,CAFECUB - Cà Phê & Trà Trái Cây Tươi - Vĩnh Hội,Trà Bưởi Cam Vàng,"Sự kết hợp tươi mát giữa trà thanh nhẹ, cam ngọt dịu và bưởi mọng nước chua chua ngọt ngọt, giúp thanh lọc cơ thể, tươi mát tạo nên trải nghiệm sảng khoái",45000,161,2,0,Quận 4,Hồ Chí Minh,4.9,766,Cà Phê/Trà,189,10.756150245666504,106.70226287841797,39000
122,CAFECUB - Cà Phê & Trà Trái Cây Tươi - Vĩnh Hội,Bạc Sỉu Caramel Muối,"1 sự kết hợp giữa công thức bạc sỉu truyền thống mix thêm nước sốt Muối đặc biệt tạo nên hương vị béo, đắng, mặn, ngọt khó quên!",45000,171,2,1,Quận 4,Hồ Chí Minh,4.9,766,Cà Phê/Trà,189,10.756150245666504,106.70226287841797,39000
122,CAFECUB - Cà Phê & Trà Trái Cây Tươi - Vĩnh Hội,Matcha Latte Macchiato,"Matcha nhẹ nhàng, hương vị tinh tế và mượt mà, hòa cùng lớp macchiato nồng nàn tuyệt cú mèo",39000,114,1,0,Quận 4,Hồ Chí Minh,4.9,766,Cà Phê/Trà,189,10.756150245666504,106.70226287841797,39000
122,CAFECUB - Cà Phê & Trà Trái Cây Tươi - Vĩnh Hội,Trà Sữa Full Topping,"Trà sữa full topping ngon chuẩn vị trà đen Phúc Long đậm trà, béo ngậy, đã có sẵn nhiều topping hấp dẫn ",39000,341,6,1,Quận 4,Hồ Chí Minh,4.9,766,Cà Phê/Trà,189,10.756150245666504,106.70226287841797,39000
122,CAFECUB - Cà Phê & Trà Trái Cây Tươi - Vĩnh Hội,Sữa Chua Dâu Tằm Hạt Đác,"Sữa chua dâu tằm mát lạnh, sánh mịn, uống vào có vị chua ngọt hấp dẫn kết hợp hạt đác cực kỳ thơm ngon và bổ dưỡng",45000,99,0,0,Quận 4,Hồ Chí Minh,4.9,766,Cà Phê/Trà,189,10.756150245666504,106.70226287841797,39000
122,CAFECUB - Cà Phê & Trà Trái Cây Tươi - Vĩnh Hội,Trà Sữa Full Topping & Bánh Que Sốt Kem,"Combo Trà Sữa CUB Đặc Biệt & Bánh Que Sốt Kem Trứng, tận hưởng cuộc sống, thư giãn nhè nhẹ",65000,13,3,0,Quận 4,Hồ Chí Minh,4.9,766,Cà Phê/Trà,189,10.756150245666504,106.70226287841797,39000
122,CAFECUB - Cà Phê & Trà Trái Cây Tươi - Vĩnh Hội,Combo Bánh Mì Que - Cafe Sữa,Bánh Mì Que thơm ngon giòn rụm và Cà phê đậm đà tỉnh táo - Bread and Coffee một sự lựa chọn hoàn hảo cho ngày mới.,49000,169,5,0,Quận 4,Hồ Chí Minh,4.9,766,Cà Phê/Trà,189,10.756150245666504,106.70226287841797,39000
122,CAFECUB - Cà Phê & Trà Trái Cây Tươi - Vĩnh Hội,Cappuccino Đá Viên,"Cà phê pha máy và bọt sữa béo ngậy cùng viên đá cà phê , sự kết hợp khó quên",39000,83,2,0,Quận 4,Hồ Chí Minh,4.9,766,Cà Phê/Trà,189,10.756150245666504,106.70226287841797,39000
122,CAFECUB - Cà Phê & Trà Trái Cây Tươi - Vĩnh Hội,Cacao Sữa Đá,"100% cacao nguyên chất, bổ sung năng lượng cả ngày",39000,58,1,0,Quận 4,Hồ Chí Minh,4.9,766,Cà Phê/Trà,189,10.756150245666504,106.70226287841797,39000
122,CAFECUB - Cà Phê & Trà Trái Cây Tươi - Vĩnh Hội,Bạc Xỉu Bạc Hà,Phiên bản bạc xỉu thần thánh nay thêm vị Bạc hà the mát,39000,151,7,0,Quận 4,Hồ Chí Minh,4.9,766,Cà Phê/Trà,189,10.756150245666504,106.70226287841797,39000
122,CAFECUB - Cà Phê & Trà Trái Cây Tươi - Vĩnh Hội,Bạc Sỉu,"Được khách tặng danh hiệu cafe bạc xỉu ngon số 1. Thơm, béo, ngọt, đắng kết hợp quá tuyệt vời.",35000,357,6,0,Quận 4,Hồ Chí Minh,4.9,766,Cà Phê/Trà,189,10.756150245666504,106.70226287841797,39000
122,CAFECUB - Cà Phê & Trà Trái Cây Tươi - Vĩnh Hội,Cafe Sữa Kem Trứng,"Cà phê kem trứng sánh mịn cùng cafe đặc sản nguyên chất hòa quyện với sữa tạo ra hương vị vô cùng độc đáo, vừa tỉnh táo vừa nhâm nhi vị ngọt ngào cho ngày thêm sảng khoái",45000,44,1,0,Quận 4,Hồ Chí Minh,4.9,766,Cà Phê/Trà,189,10.756150245666504,106.70226287841797,39000
122,CAFECUB - Cà Phê & Trà Trái Cây Tươi - Vĩnh Hội,Cafe Muối Espresso,"Bản nâng cấp với cafe espresso pha máy thơm ngon xịn xò cùng lớp kem sữa béo ngậy đậm đà vị Muối đặc trưng của quán, ngon hơn khi khuấy đều lên và uống trực tiếp.",39000,280,6,0,Quận 4,Hồ Chí Minh,4.9,766,Cà Phê/Trà,189,10.756150245666504,106.70226287841797,39000
122,CAFECUB - Cà Phê & Trà Trái Cây Tươi - Vĩnh Hội,Cafe Sữa Đặc Biệt,"Hạt cafe đặc sản mix Robusta và Arabica, vị thơm say đắm, ít say cafe.",39000,138,2,1,Quận 4,Hồ Chí Minh,4.9,766,Cà Phê/Trà,189,10.756150245666504,106.70226287841797,39000
122,CAFECUB - Cà Phê & Trà Trái Cây Tươi - Vĩnh Hội,Cafe Sữa Espresso,"Cafe sữa đá Espresso pha máy từ hạt cafe chất lượng cao, vị thơm ngon, đậm đà đặc trưng của espresso, mát lạnh và ngọt ngào từ sữa và đá viên. Món best seller của quán.",33000,264,4,1,Quận 4,Hồ Chí Minh,4.9,766,Cà Phê/Trà,189,10.756150245666504,106.70226287841797,39000
122,CAFECUB - Cà Phê & Trà Trái Cây Tươi - Vĩnh Hội,Cà Phê Sữa Pha Phin,"Cà phê sữa pha phin phong cách truyền thống, hạt cà phê chất lượng cao, vị thơm ngon, nồng nàn, đậm đà, kết hợp vị béo ngọt ngào từ sữa đúng chất Việt Nam.",33000,242,2,0,Quận 4,Hồ Chí Minh,4.9,766,Cà Phê/Trà,189,10.756150245666504,106.70226287841797,39000
122,CAFECUB - Cà Phê & Trà Trái Cây Tươi - Vĩnh Hội,Sữa Tươi Cà Phê,"Hạt cafe đặc sản chất lượng cao, kết hợp sữa tươi thơm dịu. Khuấy nhẹ cho đều hỗn hợp để thưởng thức trọn vẹn vị béo của sữa hoà quyện cùng vị đắng thơm của cafe bạn nhé.",35000,201,4,0,Quận 4,Hồ Chí Minh,4.9,766,Cà Phê/Trà,189,10.756150245666504,106.70226287841797,39000
122,CAFECUB - Cà Phê & Trà Trái Cây Tươi - Vĩnh Hội,Aroma Lemon Coffee,"Sự hòa quyện tuyệt hảo của nước chanh và 100% cafe Arabica, bổ sung năng lượng vitamin C cho sức khỏe và sự tỉnh táo cho công việc, lượng cafe nhẹ nhàng vừa đủ không lo bị say.",39000,52,7,1,Quận 4,Hồ Chí Minh,4.9,766,Cà Phê/Trà,189,10.756150245666504,106.70226287841797,39000
122,CAFECUB - Cà Phê & Trà Trái Cây Tươi - Vĩnh Hội,Cafe Americano,"Cafe đá phong cách cổ điển của người Mỹ, ít đắng, nhẹ nhàng dễ uống, cả ngày vẫn thơm ngon",30000,117,4,0,Quận 4,Hồ Chí Minh,4.9,766,Cà Phê/Trà,189,10.756150245666504,106.70226287841797,39000
122,CAFECUB - Cà Phê & Trà Trái Cây Tươi - Vĩnh Hội,Cafe Pha Máy Gu Đậm,"Cafe Espresso pha máy với hạt cafe chất lượng cao Fine Honey Robusta, được tuyển chọn kỹ lưỡng thu hái trái chín 100% từ vùng trồng chất lượng chứng nhận RA, cùng tiêu chuẩn rang xay của Nhật Bản, vị ngọt sâu, kéo dài.",25000,108,5,0,Quận 4,Hồ Chí Minh,4.9,766,Cà Phê/Trà,189,10.756150245666504,106.70226287841797,39000
122,CAFECUB - Cà Phê & Trà Trái Cây Tươi - Vĩnh Hội,Cafe Pha Máy Gu Thơm,"Cafe Espresso gu đậm Fine Honey Robusta mix với Arabica thơm chua nhẹ, bạn có thể cảm nhận được hương vị cân bằng giữa vị đậm đà và hương thơm từ hạt cà phê chất lượng cao.",28000,38,0,0,Quận 4,Hồ Chí Minh,4.9,766,Cà Phê/Trà,189,10.756150245666504,106.70226287841797,39000
122,CAFECUB - Cà Phê & Trà Trái Cây Tươi - Vĩnh Hội,Cà Phê Phin Truyền Thống,Cà phê đá pha phin truyền thống vị đậm đà mạnh mẽ,25000,138,1,0,Quận 4,Hồ Chí Minh,4.9,766,Cà Phê/Trà,189,10.756150245666504,106.70226287841797,39000
122,CAFECUB - Cà Phê & Trà Trái Cây Tươi - Vĩnh Hội,Trà Mãng Cầu Xiêm,"Mãng cầu xiêm tươi ướp cùng đường kết hợp lá trà xanh tươi, được ví như một loại dược liệu dân gian vô cùng tốt cho sức khỏe, tạo nên một thức uống vừa ngon vừa bổ ko thể chối từ.",45000,118,1,0,Quận 4,Hồ Chí Minh,4.9,766,Cà Phê/Trà,189,10.756150245666504,106.70226287841797,39000
122,CAFECUB - Cà Phê & Trà Trái Cây Tươi - Vĩnh Hội,Trà Dâu Cát Tường,"Sự kết hợp hoàn hảo của dâu tây ngọt thanh, thơm phức cùng Artiso thanh mát, đặc biệt mứt dâu Cub handmade 100% thơm ngọn đến giọt cuối cùng, công dụng đẹp da, giải độc gan .",49000,102,1,0,Quận 4,Hồ Chí Minh,4.9,766,Cà Phê/Trà,189,10.756150245666504,106.70226287841797,39000
122,CAFECUB - Cà Phê & Trà Trái Cây Tươi - Vĩnh Hội,Trà Hoa Atiso Nha Đam Hạt Chia,"Trà hoa Atisô hibiscus đỏ ngọt thanh, chua nhẹ có sẵn nha đam va hạt chia . Công dụng giúp giảm cân, giải độc gan, ngăn ngừa các bệnh về tim mạch.",39000,217,4,1,Quận 4,Hồ Chí Minh,4.9,766,Cà Phê/Trà,189,10.756150245666504,106.70226287841797,39000
122,CAFECUB - Cà Phê & Trà Trái Cây Tươi - Vĩnh Hội,Trà Dâu Tằm Hạt Đác,"Trà dâu tằm một món đồ uống đang được ưa thích hiện nay cùng hạt đác rim handmade với vị ngọt vừa phải, vị chua tự nhiên, hòa quyện với nhau rất hấp dẫn.",45000,121,2,0,Quận 4,Hồ Chí Minh,4.9,766,Cà Phê/Trà,189,10.756150245666504,106.70226287841797,39000
122,CAFECUB - Cà Phê & Trà Trái Cây Tươi - Vĩnh Hội,Trà Đào Cam Sả,"Trà Đào Cam Sả best seller của tiệm. Đậm trà, ngọt thanh, thơm mùi cam sả giúp thư giãn và tăng cường đề kháng",39000,139,3,0,Quận 4,Hồ Chí Minh,4.9,766,Cà Phê/Trà,189,10.756150245666504,106.70226287841797,39000
122,CAFECUB - Cà Phê & Trà Trái Cây Tươi - Vĩnh Hội,Trà Đào Atiso Hibiscus,"Trà đào truyền thống kết hợp thêm Atisô hibiscus đỏ vừa ngon vừa bổ dưỡng cho gan, tiêu hóa lại giảm cân",39000,104,1,0,Quận 4,Hồ Chí Minh,4.9,766,Cà Phê/Trà,189,10.756150245666504,106.70226287841797,39000
122,CAFECUB - Cà Phê & Trà Trái Cây Tươi - Vĩnh Hội,Trà Vải Atiso,"Trà xanh tươi vị Vải tươi kết hợp cùng hoa hibiscus Atisô đỏ giúp giải độc gan, tốt cho tiêu hóa, đẹp da",39000,171,0,0,Quận 4,Hồ Chí Minh,4.9,766,Cà Phê/Trà,189,10.756150245666504,106.70226287841797,39000
122,CAFECUB - Cà Phê & Trà Trái Cây Tươi - Vĩnh Hội,Trà Vải Quý Phi,"Trà nhài tươi vị Vải tươi đi cùng Nha Đam vô cùng thanh mát, đẹp da",39000,104,3,0,Quận 4,Hồ Chí Minh,4.9,766,Cà Phê/Trà,189,10.756150245666504,106.70226287841797,39000
122,CAFECUB - Cà Phê & Trà Trái Cây Tươi - Vĩnh Hội,Trà Tắc Ô Mai Xí Muội,"Thức uống giải nhiệt, chua chua của tắc, ngọt ngọt của xí muội, nhiều vitamin C, giúp da mịn màng, Xí muội chống khô họng, giảm ho.",33000,164,4,0,Quận 4,Hồ Chí Minh,4.9,766,Cà Phê/Trà,189,10.756150245666504,106.70226287841797,39000
122,CAFECUB - Cà Phê & Trà Trái Cây Tươi - Vĩnh Hội,Trà Sữa Kem Trứng,Trà sữa kem trứng kết hợp thú vị giữa vị trà sữa béo ngọt và tươi thơm của trứng gà đánh bông màu vàng đẹp mắt vô cùng quyến rũ.,39000,51,3,0,Quận 4,Hồ Chí Minh,4.9,766,Cà Phê/Trà,189,10.756150245666504,106.70226287841797,39000
122,CAFECUB - Cà Phê & Trà Trái Cây Tươi - Vĩnh Hội,Trà Sữa Thái Xanh Macchiato,"Trà sữa xanh Thái Lan, đặc biệt thơm ngon, mùi vị đặc trưng quyến rũ",35000,17,1,0,Quận 4,Hồ Chí Minh,4.9,766,Cà Phê/Trà,189,10.756150245666504,106.70226287841797,39000
122,CAFECUB - Cà Phê & Trà Trái Cây Tươi - Vĩnh Hội,Trà Sữa Thái Xanh,"Trà sữa xanh Thái Lan, đặc biệt thơm ngon, mùi vị đặc trưng quyến rũ",29000,78,1,0,Quận 4,Hồ Chí Minh,4.9,766,Cà Phê/Trà,189,10.756150245666504,106.70226287841797,39000
122,CAFECUB - Cà Phê & Trà Trái Cây Tươi - Vĩnh Hội,Trà Sữa Macchiato,"Combo đậm trà, béo sữa, Machiato béo mịn ngon lành! Đã có sẵn trân châu trắng!",39000,38,1,0,Quận 4,Hồ Chí Minh,4.9,766,Cà Phê/Trà,189,10.756150245666504,106.70226287841797,39000
122,CAFECUB - Cà Phê & Trà Trái Cây Tươi - Vĩnh Hội,Trà Sữa Truyền Thống,Trà sữa nguyên bản từ CAFECUB,29000,66,2,1,Quận 4,Hồ Chí Minh,4.9,766,Cà Phê/Trà,189,10.756150245666504,106.70226287841797,39000
122,CAFECUB - Cà Phê & Trà Trái Cây Tươi - Vĩnh Hội,Trà Sữa Khoai Môn,"Khoai môn xay nhuyễn, tạo nên lớp kem mịn màng, hòa quyện cùng trà sữa, đẹp mắt với màu tím đặc trưng, thơm ngon, phù hợp với những ai yêu thích vị bùi bùi, ngọt nhẹ và một chút béo ngậy trong mỗi ngụm trà.",35000,37,1,0,Quận 4,Hồ Chí Minh,4.9,766,Cà Phê/Trà,189,10.756150245666504,106.70226287841797,39000
122,CAFECUB - Cà Phê & Trà Trái Cây Tươi - Vĩnh Hội,Trà Sữa Thái Full Topping,Trà sữa Thái đậm đà cùng rất nhiều loại topping rất hấp dẫn ,39000,51,0,0,Quận 4,Hồ Chí Minh,4.9,766,Cà Phê/Trà,189,10.756150245666504,106.70226287841797,39000
122,CAFECUB - Cà Phê & Trà Trái Cây Tươi - Vĩnh Hội,Trà Sữa Khoai Môn Full Topping,"Khoai môn xay nhuyễn, tạo nên lớp kem mịn màng, hòa quyện cùng trà sữa, full topping, đẹp mắt với màu tím đặc trưng, thơm ngon, vị bùi bùi, ngọt nhẹ và một chút béo ngậy trong mỗi ngụm trà.",39000,32,2,0,Quận 4,Hồ Chí Minh,4.9,766,Cà Phê/Trà,189,10.756150245666504,106.70226287841797,39000
122,CAFECUB - Cà Phê & Trà Trái Cây Tươi - Vĩnh Hội,Cookies n Cream - Bánh Oreo Đá Xay,"Cookies and cream nổi tiếng xưa nay luôn là món được mọi người yêu thích, đã có sẵn thạch cà phê và whipping cream",59000,50,2,0,Quận 4,Hồ Chí Minh,4.9,766,Cà Phê/Trà,189,10.756150245666504,106.70226287841797,39000
122,CAFECUB - Cà Phê & Trà Trái Cây Tươi - Vĩnh Hội,Coco Cacao - Milo Dừa Đá Xay,Coco cacao sữa dừa đá xay đi cùng topping + Dừa sấy + Bột Milo. Combo siêu gây nghiện,55000,80,2,0,Quận 4,Hồ Chí Minh,4.9,766,Cà Phê/Trà,189,10.756150245666504,106.70226287841797,39000
122,CAFECUB - Cà Phê & Trà Trái Cây Tươi - Vĩnh Hội,Matcha Freeze - Trà Xanh Đá Xay,"Trà xanh được xay cùng sữa tươi và whipping cream+ thạch cà phê, vô cùng thơm ngon",49000,56,1,0,Quận 4,Hồ Chí Minh,4.9,766,Cà Phê/Trà,189,10.756150245666504,106.70226287841797,39000
122,CAFECUB - Cà Phê & Trà Trái Cây Tươi - Vĩnh Hội,Socola Freeze - Sô-cô-la Đá Xay,"Xay từ cacao nguyên chất , có sẵn thạch cà phê và whipping cream rất đậm đà",49000,44,1,0,Quận 4,Hồ Chí Minh,4.9,766,Cà Phê/Trà,189,10.756150245666504,106.70226287841797,39000
122,CAFECUB - Cà Phê & Trà Trái Cây Tươi - Vĩnh Hội,Frappuccino - Cafe Đá Xay,"Cà phê đá xay truyền thống , đã có sẵn thạch cà phê và whipping cream. Tuy truyền thống nhưng chưa bao giờ làm khách thất vọng, đơn giản mà tinh tế",49000,23,1,0,Quận 4,Hồ Chí Minh,4.9,766,Cà Phê/Trà,189,10.756150245666504,106.70226287841797,39000
122,CAFECUB - Cà Phê & Trà Trái Cây Tươi - Vĩnh Hội,Sinh Tố Bơ Cafe,Sinh tố Bơ tươi kết hợp cùng cà phê nguyên chất vô cùng Độc lạ hấp dẫn bổ dưỡng tỉnh táo,55000,22,0,0,Quận 4,Hồ Chí Minh,4.9,766,Cà Phê/Trà,189,10.756150245666504,106.70226287841797,39000
122,CAFECUB - Cà Phê & Trà Trái Cây Tươi - Vĩnh Hội,Sinh Tố Bơ,"100% xay từ Bơ tươi chọn lọc kĩ càng, xay sánh mịn , trên cùng topping Dừa sấy khô",49000,113,1,0,Quận 4,Hồ Chí Minh,4.9,766,Cà Phê/Trà,189,10.756150245666504,106.70226287841797,39000
122,CAFECUB - Cà Phê & Trà Trái Cây Tươi - Vĩnh Hội,Sữa Chua Dâu Hạt Đác,"Sữa chua dâu mát lạnh, sánh mịn, uống vào có vị chua ngọt hấp dẫn kết hợp hạt đác cực kỳ thơm ngon và bổ dưỡng",45000,44,1,0,Quận 4,Hồ Chí Minh,4.9,766,Cà Phê/Trà,189,10.756150245666504,106.70226287841797,39000
122,CAFECUB - Cà Phê & Trà Trái Cây Tươi - Vĩnh Hội,Sữa Chua Việt Quất Hạt Đác,"Sữa chua việt quất rất giàu giá trị dinh dưỡng, giảm mỡ tích tụ trong cơ thể, tăng cường hệ thống miễn dịch, hỗ trợ giảm cân, và duy trì sức khỏe tim mạch.",45000,52,1,0,Quận 4,Hồ Chí Minh,4.9,766,Cà Phê/Trà,189,10.756150245666504,106.70226287841797,39000
122,CAFECUB - Cà Phê & Trà Trái Cây Tươi - Vĩnh Hội,Nước Ép Detox Beauty Beet,"Nước ép nguyên chất từ : Củ dền + Cam + Cà rốt + Mật ong. Hỗ trợ miễn dịch, tăng cường đề kháng, giảm cân hiệu quả",45000,25,0,0,Quận 4,Hồ Chí Minh,4.9,766,Cà Phê/Trà,189,10.756150245666504,106.70226287841797,39000
122,CAFECUB - Cà Phê & Trà Trái Cây Tươi - Vĩnh Hội,Nước Ép Detox Chia Lady,"Nước ép mix của cà rốt, táo, thơm và hạt Chia bổ dưỡng, tăng sức đề kháng, đẹp da, giảm cân siêu hiệu quả",45000,44,2,0,Quận 4,Hồ Chí Minh,4.9,766,Cà Phê/Trà,189,10.756150245666504,106.70226287841797,39000
122,CAFECUB - Cà Phê & Trà Trái Cây Tươi - Vĩnh Hội,Nước Ép Cam Mật Ong,"Nước ép cam sành nguyên chất pha cùng mật ong tăng cường Vitamin C, Canxi, làm đẹp da",45000,41,2,0,Quận 4,Hồ Chí Minh,4.9,766,Cà Phê/Trà,189,10.756150245666504,106.70226287841797,39000
122,CAFECUB - Cà Phê & Trà Trái Cây Tươi - Vĩnh Hội,Nước Ép Cóc Non Xí Muội Hạt Chia,"Công dụng nước ép cóc giúp da đẹp mịn màng không tỳ vết, giảm cân , tăng cường đề kháng.",39000,90,3,0,Quận 4,Hồ Chí Minh,4.9,766,Cà Phê/Trà,189,10.756150245666504,106.70226287841797,39000
122,CAFECUB - Cà Phê & Trà Trái Cây Tươi - Vĩnh Hội,Nước Ép Chanh Sả Gừng Mật Ong,Nước chanh tươi nấu cùng sả tươi và gừng già giúp giải cảm + Tăng sức đề kháng cho cơ thể,35000,46,1,0,Quận 4,Hồ Chí Minh,4.9,766,Cà Phê/Trà,189,10.756150245666504,106.70226287841797,39000
122,CAFECUB - Cà Phê & Trà Trái Cây Tươi - Vĩnh Hội,Nước Ép Táo Thơm,"Nước ép kết hợp Thơm + Táo giải khát tuyệt vời ngày hè oi bức, vitamin dồi dào đối với sức khỏe.",39000,32,0,0,Quận 4,Hồ Chí Minh,4.9,766,Cà Phê/Trà,189,10.756150245666504,106.70226287841797,39000
122,CAFECUB - Cà Phê & Trà Trái Cây Tươi - Vĩnh Hội,Bạc Sỉu Chai,"Chai Bạc Sỉu siêu tiết kiệm, siêu hấp dẫn 120ml",49000,36,1,0,Quận 4,Hồ Chí Minh,4.9,766,Cà Phê/Trà,189,10.756150245666504,106.70226287841797,39000
122,CAFECUB - Cà Phê & Trà Trái Cây Tươi - Vĩnh Hội,Cà Phê Sữa Pha Phin Chai,"Thơm ngon nồng nàn, tha hồ tận hưởng gu riêng 120ml",49000,293,0,0,Quận 4,Hồ Chí Minh,4.9,766,Cà Phê/Trà,189,10.756150245666504,106.70226287841797,39000
122,CAFECUB - Cà Phê & Trà Trái Cây Tươi - Vĩnh Hội,Cafe Pha Máy Espresso Chai,Cafe pha máy espresso gu đậm chai 120ml. Tiết kiệm hơn.,49000,133,1,0,Quận 4,Hồ Chí Minh,4.9,766,Cà Phê/Trà,189,10.756150245666504,106.70226287841797,39000
122,CAFECUB - Cà Phê & Trà Trái Cây Tươi - Vĩnh Hội,Cà Phê Pha Phin Chai,"Chai 120ml cà phê sạch đậm đà, thơm ngon gu truyền thống",49000,40,2,0,Quận 4,Hồ Chí Minh,4.9,766,Cà Phê/Trà,189,10.756150245666504,106.70226287841797,39000
122,CAFECUB - Cà Phê & Trà Trái Cây Tươi - Vĩnh Hội,Bánh Que Sốt Kem Trứng,Nhâm nhi bánh que giòn rụm cùng sốt kem trứng đặc biệt handmade của CAFECUB thiệt đã,29000,118,6,0,Quận 4,Hồ Chí Minh,4.9,766,Cà Phê/Trà,189,10.756150245666504,106.70226287841797,39000
122,CAFECUB - Cà Phê & Trà Trái Cây Tươi - Vĩnh Hội,Bánh Mì Que Pate,"Bánh Mì Que Pate Chà Bông vỏ bánh giòn tan, với lớp nhân pate béo đậm đà là lựa chọn lý tưởng nhẹ nhàng cho bất kỳ lúc nào bạn thèm. Size lớn hơn bmq thông thường. Có 2 vị cay xé và không cay bạn nhé.",25000,188,4,1,Quận 4,Hồ Chí Minh,4.9,766,Cà Phê/Trà,189,10.756150245666504,106.70226287841797,39000
122,CAFECUB - Cà Phê & Trà Trái Cây Tươi - Vĩnh Hội,Đậu Phộng Rang Tỏi Ớt,"Món đậu rang tỏi ớt rất thơm ngon. Khi thưởng thức, bạn sẽ cảm nhận được từng hạt đậu có vị cay cay, mặn mặn, ngọt ngọt, đặc biệt rất giòn.",59000,16,2,0,Quận 4,Hồ Chí Minh,4.9,766,Cà Phê/Trà,189,10.756150245666504,106.70226287841797,39000
84,Sinh Tố Nước Ép Minh Long - Nguyễn Trãi,Sinh Tố Chuối,,28000,7,0,0,Quận 1,Hồ Chí Minh,4.9,92,Sinh tố/Nước ép/Sữa,189,10.763520240783691,106.68594360351562,30000
84,Sinh Tố Nước Ép Minh Long - Nguyễn Trãi,Sinh Tố Cà Chua,,28000,5,0,0,Quận 1,Hồ Chí Minh,4.9,92,Sinh tố/Nước ép/Sữa,189,10.763520240783691,106.68594360351562,30000
84,Sinh Tố Nước Ép Minh Long - Nguyễn Trãi,Sinh Tố Xoài - Chuối,,35000,18,0,0,Quận 1,Hồ Chí Minh,4.9,92,Sinh tố/Nước ép/Sữa,189,10.763520240783691,106.68594360351562,30000
84,Sinh Tố Nước Ép Minh Long - Nguyễn Trãi,Sinh Tố Dâu - Xoài,,35000,14,0,0,Quận 1,Hồ Chí Minh,4.9,92,Sinh tố/Nước ép/Sữa,189,10.763520240783691,106.68594360351562,30000
84,Sinh Tố Nước Ép Minh Long - Nguyễn Trãi,Sinh Tố Cà Rốt,,28000,6,0,0,Quận 1,Hồ Chí Minh,4.9,92,Sinh tố/Nước ép/Sữa,189,10.763520240783691,106.68594360351562,30000
84,Sinh Tố Nước Ép Minh Long - Nguyễn Trãi,Sinh Tố Dâu - Chuối,,35000,39,0,0,Quận 1,Hồ Chí Minh,4.9,92,Sinh tố/Nước ép/Sữa,189,10.763520240783691,106.68594360351562,30000
84,Sinh Tố Nước Ép Minh Long - Nguyễn Trãi,Sinh Tố Mãng Cầu - Dâu,,35000,20,0,0,Quận 1,Hồ Chí Minh,4.9,92,Sinh tố/Nước ép/Sữa,189,10.763520240783691,106.68594360351562,30000
84,Sinh Tố Nước Ép Minh Long - Nguyễn Trãi,Sinh Tố Sầu Riêng,,35000,12,0,0,Quận 1,Hồ Chí Minh,4.9,92,Sinh tố/Nước ép/Sữa,189,10.763520240783691,106.68594360351562,30000
84,Sinh Tố Nước Ép Minh Long - Nguyễn Trãi,Sinh Tố Xoài,,30000,33,1,0,Quận 1,Hồ Chí Minh,4.9,92,Sinh tố/Nước ép/Sữa,189,10.763520240783691,106.68594360351562,30000
84,Sinh Tố Nước Ép Minh Long - Nguyễn Trãi,Sinh Tố Dưa Lưới,,30000,33,0,0,Quận 1,Hồ Chí Minh,4.9,92,Sinh tố/Nước ép/Sữa,189,10.763520240783691,106.68594360351562,30000
84,Sinh Tố Nước Ép Minh Long - Nguyễn Trãi,Sinh Tố Sa Bô Chê (Cà Phê),,30000,47,1,1,Quận 1,Hồ Chí Minh,4.9,92,Sinh tố/Nước ép/Sữa,189,10.763520240783691,106.68594360351562,30000
84,Sinh Tố Nước Ép Minh Long - Nguyễn Trãi,Sinh Tố Mãng Cầu,,35000,64,0,0,Quận 1,Hồ Chí Minh,4.9,92,Sinh tố/Nước ép/Sữa,189,10.763520240783691,106.68594360351562,30000
84,Sinh Tố Nước Ép Minh Long - Nguyễn Trãi,Sinh Tố Sapoche,,30000,101,2,0,Quận 1,Hồ Chí Minh,4.9,92,Sinh tố/Nước ép/Sữa,189,10.763520240783691,106.68594360351562,30000
84,Sinh Tố Nước Ép Minh Long - Nguyễn Trãi,Sinh Tố Dâu,,35000,91,0,0,Quận 1,Hồ Chí Minh,4.9,92,Sinh tố/Nước ép/Sữa,189,10.763520240783691,106.68594360351562,30000
84,Sinh Tố Nước Ép Minh Long - Nguyễn Trãi,Sinh Tố Bơ Sầu Riêng,,35000,76,3,0,Quận 1,Hồ Chí Minh,4.9,92,Sinh tố/Nước ép/Sữa,189,10.763520240783691,106.68594360351562,30000
84,Sinh Tố Nước Ép Minh Long - Nguyễn Trãi,Sinh Tố Bơ,,30000,199,1,0,Quận 1,Hồ Chí Minh,4.9,92,Sinh tố/Nước ép/Sữa,189,10.763520240783691,106.68594360351562,30000
84,Sinh Tố Nước Ép Minh Long - Nguyễn Trãi,Nước Ép Cam - Hạt Chia,,28000,16,0,0,Quận 1,Hồ Chí Minh,4.9,92,Sinh tố/Nước ép/Sữa,189,10.763520240783691,106.68594360351562,30000
84,Sinh Tố Nước Ép Minh Long - Nguyễn Trãi,Nước Ép Chanh Dây - Hạt Chia,,28000,5,0,1,Quận 1,Hồ Chí Minh,4.9,92,Sinh tố/Nước ép/Sữa,189,10.763520240783691,106.68594360351562,30000
84,Sinh Tố Nước Ép Minh Long - Nguyễn Trãi,Nước Ép Chanh Dây - Sữa,,28000,4,0,0,Quận 1,Hồ Chí Minh,4.9,92,Sinh tố/Nước ép/Sữa,189,10.763520240783691,106.68594360351562,30000
84,Sinh Tố Nước Ép Minh Long - Nguyễn Trãi,Nước Ép Cam - Sữa,,28000,7,0,1,Quận 1,Hồ Chí Minh,4.9,92,Sinh tố/Nước ép/Sữa,189,10.763520240783691,106.68594360351562,30000
84,Sinh Tố Nước Ép Minh Long - Nguyễn Trãi,Rau Má Sữa,,20000,6,0,0,Quận 1,Hồ Chí Minh,4.9,92,Sinh tố/Nước ép/Sữa,189,10.763520240783691,106.68594360351562,30000
84,Sinh Tố Nước Ép Minh Long - Nguyễn Trãi,Nước Ép Cà Chua (Ly),,25000,4,0,0,Quận 1,Hồ Chí Minh,4.9,92,Sinh tố/Nước ép/Sữa,189,10.763520240783691,106.68594360351562,30000
84,Sinh Tố Nước Ép Minh Long - Nguyễn Trãi,Nước Ép Cà Chua - Cà Rốt ( Ly ),,28000,6,0,0,Quận 1,Hồ Chí Minh,4.9,92,Sinh tố/Nước ép/Sữa,189,10.763520240783691,106.68594360351562,30000
84,Sinh Tố Nước Ép Minh Long - Nguyễn Trãi,Nước Ép Cà Rốt - Cà Chua (Chai),,35000,0,0,0,Quận 1,Hồ Chí Minh,4.9,92,Sinh tố/Nước ép/Sữa,189,10.763520240783691,106.68594360351562,30000
84,Sinh Tố Nước Ép Minh Long - Nguyễn Trãi,Rau Má Nguyên Chất,,15000,16,0,0,Quận 1,Hồ Chí Minh,4.9,92,Sinh tố/Nước ép/Sữa,189,10.763520240783691,106.68594360351562,30000
84,Sinh Tố Nước Ép Minh Long - Nguyễn Trãi,Nước Ép Cà Rốt (Chai),,35000,2,0,0,Quận 1,Hồ Chí Minh,4.9,92,Sinh tố/Nước ép/Sữa,189,10.763520240783691,106.68594360351562,30000
84,Sinh Tố Nước Ép Minh Long - Nguyễn Trãi,Nước Ép Lê - Cam,,30000,22,0,0,Quận 1,Hồ Chí Minh,4.9,92,Sinh tố/Nước ép/Sữa,189,10.763520240783691,106.68594360351562,30000
84,Sinh Tố Nước Ép Minh Long - Nguyễn Trãi,Nước Ép Chanh Dây - Lê,,30000,5,0,0,Quận 1,Hồ Chí Minh,4.9,92,Sinh tố/Nước ép/Sữa,189,10.763520240783691,106.68594360351562,30000
84,Sinh Tố Nước Ép Minh Long - Nguyễn Trãi,Nước Ép Cà Chua (Chai),,35000,0,0,0,Quận 1,Hồ Chí Minh,4.9,92,Sinh tố/Nước ép/Sữa,189,10.763520240783691,106.68594360351562,30000
84,Sinh Tố Nước Ép Minh Long - Nguyễn Trãi,Nước Ép Dưa Lưới (Chai),,40000,1,0,0,Quận 1,Hồ Chí Minh,4.9,92,Sinh tố/Nước ép/Sữa,189,10.763520240783691,106.68594360351562,30000
84,Sinh Tố Nước Ép Minh Long - Nguyễn Trãi,Nước Ép Thơm - Táo (Ly),,30000,31,0,0,Quận 1,Hồ Chí Minh,4.9,92,Sinh tố/Nước ép/Sữa,189,10.763520240783691,106.68594360351562,30000
84,Sinh Tố Nước Ép Minh Long - Nguyễn Trãi,Nước Ép Dưa Lưới,,35000,16,0,0,Quận 1,Hồ Chí Minh,4.9,92,Sinh tố/Nước ép/Sữa,189,10.763520240783691,106.68594360351562,30000
84,Sinh Tố Nước Ép Minh Long - Nguyễn Trãi,Nước Ép Cam - Táo,,30000,4,0,0,Quận 1,Hồ Chí Minh,4.9,92,Sinh tố/Nước ép/Sữa,189,10.763520240783691,106.68594360351562,30000
84,Sinh Tố Nước Ép Minh Long - Nguyễn Trãi,Nước Ép Thơm - Cà Rốt,,30000,19,0,0,Quận 1,Hồ Chí Minh,4.9,92,Sinh tố/Nước ép/Sữa,189,10.763520240783691,106.68594360351562,30000
84,Sinh Tố Nước Ép Minh Long - Nguyễn Trãi,Nước Ép Lê - Thơm,,30000,27,0,0,Quận 1,Hồ Chí Minh,4.9,92,Sinh tố/Nước ép/Sữa,189,10.763520240783691,106.68594360351562,30000
84,Sinh Tố Nước Ép Minh Long - Nguyễn Trãi,Nước Ép Táo (Chai),,35000,8,0,0,Quận 1,Hồ Chí Minh,4.9,92,Sinh tố/Nước ép/Sữa,189,10.763520240783691,106.68594360351562,30000
84,Sinh Tố Nước Ép Minh Long - Nguyễn Trãi,Nước Ép Dưa Hấu (Chai),,30000,5,0,0,Quận 1,Hồ Chí Minh,4.9,92,Sinh tố/Nước ép/Sữa,189,10.763520240783691,106.68594360351562,30000
84,Sinh Tố Nước Ép Minh Long - Nguyễn Trãi,Nước Ép Thơm - Ổi (Chai),,35000,6,0,0,Quận 1,Hồ Chí Minh,4.9,92,Sinh tố/Nước ép/Sữa,189,10.763520240783691,106.68594360351562,30000
84,Sinh Tố Nước Ép Minh Long - Nguyễn Trãi,Nước Ép Cà Rốt,,30000,6,0,0,Quận 1,Hồ Chí Minh,4.9,92,Sinh tố/Nước ép/Sữa,189,10.763520240783691,106.68594360351562,30000
84,Sinh Tố Nước Ép Minh Long - Nguyễn Trãi,Nước Ép Thơm (Chai),,35000,5,0,0,Quận 1,Hồ Chí Minh,4.9,92,Sinh tố/Nước ép/Sữa,189,10.763520240783691,106.68594360351562,30000
84,Sinh Tố Nước Ép Minh Long - Nguyễn Trãi,Nước Ép Chanh Dây,,25000,9,0,0,Quận 1,Hồ Chí Minh,4.9,92,Sinh tố/Nước ép/Sữa,189,10.763520240783691,106.68594360351562,30000
84,Sinh Tố Nước Ép Minh Long - Nguyễn Trãi,Nước Ép Cam - Thơm,,30000,24,0,0,Quận 1,Hồ Chí Minh,4.9,92,Sinh tố/Nước ép/Sữa,189,10.763520240783691,106.68594360351562,30000
84,Sinh Tố Nước Ép Minh Long - Nguyễn Trãi,Nước Ép Cam (Chai),,35000,24,0,0,Quận 1,Hồ Chí Minh,4.9,92,Sinh tố/Nước ép/Sữa,189,10.763520240783691,106.68594360351562,30000
84,Sinh Tố Nước Ép Minh Long - Nguyễn Trãi,Nước Ép Táo,,30000,7,0,0,Quận 1,Hồ Chí Minh,4.9,92,Sinh tố/Nước ép/Sữa,189,10.763520240783691,106.68594360351562,30000
84,Sinh Tố Nước Ép Minh Long - Nguyễn Trãi,Nước Ép Thơm - Táo (Chai),,35000,10,0,0,Quận 1,Hồ Chí Minh,4.9,92,Sinh tố/Nước ép/Sữa,189,10.763520240783691,106.68594360351562,30000
84,Sinh Tố Nước Ép Minh Long - Nguyễn Trãi,Nước Ép Cam - Cà Rốt (Chai),,35000,8,1,0,Quận 1,Hồ Chí Minh,4.9,92,Sinh tố/Nước ép/Sữa,189,10.763520240783691,106.68594360351562,30000
84,Sinh Tố Nước Ép Minh Long - Nguyễn Trãi,Nước Cam Ép,,28000,96,0,0,Quận 1,Hồ Chí Minh,4.9,92,Sinh tố/Nước ép/Sữa,189,10.763520240783691,106.68594360351562,30000
84,Sinh Tố Nước Ép Minh Long - Nguyễn Trãi,Nước Ép Ổi (Chai),,30000,25,0,0,Quận 1,Hồ Chí Minh,4.9,92,Sinh tố/Nước ép/Sữa,189,10.763520240783691,106.68594360351562,30000
84,Sinh Tố Nước Ép Minh Long - Nguyễn Trãi,Nước Ép Dưa Hấu,,28000,25,0,0,Quận 1,Hồ Chí Minh,4.9,92,Sinh tố/Nước ép/Sữa,189,10.763520240783691,106.68594360351562,30000
84,Sinh Tố Nước Ép Minh Long - Nguyễn Trãi,Nước Ép Thơm,,28000,31,2,0,Quận 1,Hồ Chí Minh,4.9,92,Sinh tố/Nước ép/Sữa,189,10.763520240783691,106.68594360351562,30000
84,Sinh Tố Nước Ép Minh Long - Nguyễn Trãi,Trà Tắc,,15000,9,0,0,Quận 1,Hồ Chí Minh,4.9,92,Sinh tố/Nước ép/Sữa,189,10.763520240783691,106.68594360351562,30000
84,Sinh Tố Nước Ép Minh Long - Nguyễn Trãi,Trà Tắc Hạt Chia,,20000,5,0,0,Quận 1,Hồ Chí Minh,4.9,92,Sinh tố/Nước ép/Sữa,189,10.763520240783691,106.68594360351562,30000
84,Sinh Tố Nước Ép Minh Long - Nguyễn Trãi,Trà Chanh Hạt Chia,,20000,3,0,0,Quận 1,Hồ Chí Minh,4.9,92,Sinh tố/Nước ép/Sữa,189,10.763520240783691,106.68594360351562,30000
84,Sinh Tố Nước Ép Minh Long - Nguyễn Trãi,Trà Bí Đao Trân Châu,,20000,3,0,0,Quận 1,Hồ Chí Minh,4.9,92,Sinh tố/Nước ép/Sữa,189,10.763520240783691,106.68594360351562,30000
84,Sinh Tố Nước Ép Minh Long - Nguyễn Trãi,Trà Bí Đao Hạt Chia,,20000,19,0,0,Quận 1,Hồ Chí Minh,4.9,92,Sinh tố/Nước ép/Sữa,189,10.763520240783691,106.68594360351562,30000
84,Sinh Tố Nước Ép Minh Long - Nguyễn Trãi,Trà Mãng Cầu,,30000,52,0,0,Quận 1,Hồ Chí Minh,4.9,92,Sinh tố/Nước ép/Sữa,189,10.763520240783691,106.68594360351562,30000
84,Sinh Tố Nước Ép Minh Long - Nguyễn Trãi,Hồng Trà Tắc Trân Châu,,20000,3,0,0,Quận 1,Hồ Chí Minh,4.9,92,Sinh tố/Nước ép/Sữa,189,10.763520240783691,106.68594360351562,30000
84,Sinh Tố Nước Ép Minh Long - Nguyễn Trãi,Sữa Tươi (Dâu) Trân Châu,,25000,4,0,0,Quận 1,Hồ Chí Minh,4.9,92,Sinh tố/Nước ép/Sữa,189,10.763520240783691,106.68594360351562,30000
84,Sinh Tố Nước Ép Minh Long - Nguyễn Trãi,Trà Chanh,,15000,6,0,0,Quận 1,Hồ Chí Minh,4.9,92,Sinh tố/Nước ép/Sữa,189,10.763520240783691,106.68594360351562,30000
84,Sinh Tố Nước Ép Minh Long - Nguyễn Trãi,Trà Đào Dằm,,25000,3,0,0,Quận 1,Hồ Chí Minh,4.9,92,Sinh tố/Nước ép/Sữa,189,10.763520240783691,106.68594360351562,30000
84,Sinh Tố Nước Ép Minh Long - Nguyễn Trãi,Trà Dâu,,25000,6,0,0,Quận 1,Hồ Chí Minh,4.9,92,Sinh tố/Nước ép/Sữa,189,10.763520240783691,106.68594360351562,30000
84,Sinh Tố Nước Ép Minh Long - Nguyễn Trãi,Hồng Trà Trân Châu,,20000,4,0,0,Quận 1,Hồ Chí Minh,4.9,92,Sinh tố/Nước ép/Sữa,189,10.763520240783691,106.68594360351562,30000
84,Sinh Tố Nước Ép Minh Long - Nguyễn Trãi,Sữa Tươi Trân Châu Đường Đen,,25000,12,1,0,Quận 1,Hồ Chí Minh,4.9,92,Sinh tố/Nước ép/Sữa,189,10.763520240783691,106.68594360351562,30000
84,Sinh Tố Nước Ép Minh Long - Nguyễn Trãi,Đá Tắc,,20000,0,0,0,Quận 1,Hồ Chí Minh,4.9,92,Sinh tố/Nước ép/Sữa,189,10.763520240783691,106.68594360351562,30000
84,Sinh Tố Nước Ép Minh Long - Nguyễn Trãi,Chanh Muối,,20000,1,0,0,Quận 1,Hồ Chí Minh,4.9,92,Sinh tố/Nước ép/Sữa,189,10.763520240783691,106.68594360351562,30000
84,Sinh Tố Nước Ép Minh Long - Nguyễn Trãi,Cà Phê Đá,,15000,2,0,0,Quận 1,Hồ Chí Minh,4.9,92,Sinh tố/Nước ép/Sữa,189,10.763520240783691,106.68594360351562,30000
84,Sinh Tố Nước Ép Minh Long - Nguyễn Trãi,Xí Muội,,20000,0,0,0,Quận 1,Hồ Chí Minh,4.9,92,Sinh tố/Nước ép/Sữa,189,10.763520240783691,106.68594360351562,30000
84,Sinh Tố Nước Ép Minh Long - Nguyễn Trãi,Đá Chanh,,20000,3,0,0,Quận 1,Hồ Chí Minh,4.9,92,Sinh tố/Nước ép/Sữa,189,10.763520240783691,106.68594360351562,30000
84,Sinh Tố Nước Ép Minh Long - Nguyễn Trãi,Sâm Dứa Sữa,,20000,1,0,0,Quận 1,Hồ Chí Minh,4.9,92,Sinh tố/Nước ép/Sữa,189,10.763520240783691,106.68594360351562,30000
84,Sinh Tố Nước Ép Minh Long - Nguyễn Trãi,Cà Phê Sữa Đá,,20000,9,0,0,Quận 1,Hồ Chí Minh,4.9,92,Sinh tố/Nước ép/Sữa,189,10.763520240783691,106.68594360351562,30000
84,Sinh Tố Nước Ép Minh Long - Nguyễn Trãi,Đá Me,,20000,62,0,0,Quận 1,Hồ Chí Minh,4.9,92,Sinh tố/Nước ép/Sữa,189,10.763520240783691,106.68594360351562,30000
84,Sinh Tố Nước Ép Minh Long - Nguyễn Trãi,Yaourt Đá Đào,,30000,1,0,0,Quận 1,Hồ Chí Minh,4.9,92,Sinh tố/Nước ép/Sữa,189,10.763520240783691,106.68594360351562,30000
84,Sinh Tố Nước Ép Minh Long - Nguyễn Trãi,Yaourt Đá,,25000,2,0,0,Quận 1,Hồ Chí Minh,4.9,92,Sinh tố/Nước ép/Sữa,189,10.763520240783691,106.68594360351562,30000
84,Sinh Tố Nước Ép Minh Long - Nguyễn Trãi,Yaourt Đá Dâu,,30000,2,0,0,Quận 1,Hồ Chí Minh,4.9,92,Sinh tố/Nước ép/Sữa,189,10.763520240783691,106.68594360351562,30000
84,Sinh Tố Nước Ép Minh Long - Nguyễn Trãi,Yaourt Đá Chanh Dây,,30000,6,0,0,Quận 1,Hồ Chí Minh,4.9,92,Sinh tố/Nước ép/Sữa,189,10.763520240783691,106.68594360351562,30000
84,Sinh Tố Nước Ép Minh Long - Nguyễn Trãi,Yaourt Đá Việt Quất,,30000,7,0,0,Quận 1,Hồ Chí Minh,4.9,92,Sinh tố/Nước ép/Sữa,189,10.763520240783691,106.68594360351562,30000
84,Sinh Tố Nước Ép Minh Long - Nguyễn Trãi,Sữa Chua Uống Chai Vị Đào,,38000,0,0,0,Quận 1,Hồ Chí Minh,4.9,92,Sinh tố/Nước ép/Sữa,189,10.763520240783691,106.68594360351562,30000
84,Sinh Tố Nước Ép Minh Long - Nguyễn Trãi,Sữa Chua Uống Chai Vị Chanh Dây,,38000,2,0,0,Quận 1,Hồ Chí Minh,4.9,92,Sinh tố/Nước ép/Sữa,189,10.763520240783691,106.68594360351562,30000
84,Sinh Tố Nước Ép Minh Long - Nguyễn Trãi,Sữa Chua Uống Chai Vị Dâu,,38000,3,0,0,Quận 1,Hồ Chí Minh,4.9,92,Sinh tố/Nước ép/Sữa,189,10.763520240783691,106.68594360351562,30000
84,Sinh Tố Nước Ép Minh Long - Nguyễn Trãi,Sữa Chua Uống Chai Vị Việt Quất,,38000,2,0,0,Quận 1,Hồ Chí Minh,4.9,92,Sinh tố/Nước ép/Sữa,189,10.763520240783691,106.68594360351562,30000
28349,Ka Coffee - Pasteur,Combo 2000 Khói,"Sự kết hợp tuyệt vời giữa Nâu Khói và 2000m. Bạn có thể mix 1 ly với 1 nửa Nâu Khói, 1 nửa 2000 m",175000,36,0,0,Quận 3,Hồ Chí Minh,4.9,71,Cà Phê/Trà,189,10.785599708557129,106.69175720214844,65000
28349,Ka Coffee - Pasteur,Combo Truyền Thống,"Trọn bộ hương vị cà phê truyền thống với Đen Ka, Nâu Ka và Pạc Sỉu",200000,2,0,0,Quận 3,Hồ Chí Minh,4.9,71,Cà Phê/Trà,189,10.785599708557129,106.69175720214844,65000
28349,Ka Coffee - Pasteur,Combo Chào Sài Gòn,"Sự ngọt, thơm mùi cốt dừa dày vị cà phê của Pạc Sỉu, vị truyền thống của cà phê Việt Nam - Nâu Ka và vị thanh mát, hương đặc biệt của cold brew",230000,1,0,0,Quận 3,Hồ Chí Minh,4.9,71,Cà Phê/Trà,189,10.785599708557129,106.69175720214844,65000
28349,Ka Coffee - Pasteur,Combo Hà Nội,Sự kết hợp của bộ đôi 2000m và Nâu khói và sản phẩm Đen Ka thuần khiết,280000,1,0,0,Quận 3,Hồ Chí Minh,4.9,71,Cà Phê/Trà,189,10.785599708557129,106.69175720214844,65000
28349,Ka Coffee - Pasteur,Combo Ngon Sỉu ,Chút đắng từ Nâu Khói; chút ngọt từ Pạc sỉu. Bạn có thể mix 2 sản phẩm này để tạo ra vị riêng,150000,0,0,0,Quận 3,Hồ Chí Minh,4.9,71,Cà Phê/Trà,189,10.785599708557129,106.69175720214844,65000
28349,Ka Coffee - Pasteur,Combo Bộ Tam,"Trải nghiệm trọn vẹn khó quên từ Nâu Khói, Pạc Sỉu đến White Ka (200ml)",245000,0,0,0,Quận 3,Hồ Chí Minh,4.9,71,Cà Phê/Trà,189,10.785599708557129,106.69175720214844,65000
28349,Ka Coffee - Pasteur,Combo Bộ Tứ,"4 sản phẩm ngon trứ danh từ Ka Coffee: Pạc sỉu, Nâu Khói, White Ka (200ml) và 2000m",355000,1,0,0,Quận 3,Hồ Chí Minh,4.9,71,Cà Phê/Trà,189,10.785599708557129,106.69175720214844,65000
28349,Ka Coffee - Pasteur,Combo Ngậy Ngậy,"Bộ đôi cà phê kem sữa ngầy ngậy, ngọt mượt mà gồm 2000m và White Ka (200ml)",230000,3,0,0,Quận 3,Hồ Chí Minh,4.9,71,Cà Phê/Trà,189,10.785599708557129,106.69175720214844,65000
28349,Ka Coffee - Pasteur,Nâu Ka - Chai,"Ngọt đậm đà, vị cà phê Nâu truyền thống. Dung tích 100ml tương đương 2 cốc",60000,35,0,0,Quận 3,Hồ Chí Minh,4.9,71,Cà Phê/Trà,189,10.785599708557129,106.69175720214844,65000
28349,Ka Coffee - Pasteur,2000M - Chai,"Ngọt, dày, đậm vị",125000,9,1,0,Quận 3,Hồ Chí Minh,4.9,71,Cà Phê/Trà,189,10.785599708557129,106.69175720214844,65000
28349,Ka Coffee - Pasteur,Whisky Cold Brew - Chai,"Thơm mùi men lạnh, Dung tích 250ml ",95000,11,0,0,Quận 3,Hồ Chí Minh,4.9,71,Cà Phê/Trà,189,10.785599708557129,106.69175720214844,65000
28349,Ka Coffee - Pasteur,Đen Ka - Chai,"Đậm, cân bằng, hậu vị thanh mát, không đường. Dung tích 100ml tương đương 2 cốc.",70000,8,0,0,Quận 3,Hồ Chí Minh,4.9,71,Cà Phê/Trà,189,10.785599708557129,106.69175720214844,65000
28349,Ka Coffee - Pasteur,Kombucha Dâu Tằm - Chai,"Thơm ngọt mùi dâu tằm đặc trưng, gas êm",79000,5,0,0,Quận 3,Hồ Chí Minh,4.9,71,Cà Phê/Trà,189,10.785599708557129,106.69175720214844,65000
28349,Ka Coffee - Pasteur,Kombucha Hoa Hồng - Chai,"Vị chua thanh, vị ngọt ấm của quế, thơm hương hoa hồng",79000,4,0,0,Quận 3,Hồ Chí Minh,4.9,71,Cà Phê/Trà,189,10.785599708557129,106.69175720214844,65000
28349,Ka Coffee - Pasteur,Nâu Khói - Chai ,"Vị đậm, hương khói. Dung tích 100ml tương đương 2 cốc",80000,26,0,0,Quận 3,Hồ Chí Minh,4.9,71,Cà Phê/Trà,189,10.785599708557129,106.69175720214844,65000
28349,Ka Coffee - Pasteur,2000m - Chai ,"Vị đậm, hương khói. Dung tích 100ml tương đương 2 cốc",115000,1,0,0,Quận 3,Hồ Chí Minh,4.9,71,Cà Phê/Trà,189,10.785599708557129,106.69175720214844,65000
28349,Ka Coffee - Pasteur,Pạc Sỉu - Chai ,"Ngọt, béo, mềm nhẹ cốt dừa. Dung tích 200ml tương đương 2 - 3 cốc.",90000,1,0,0,Quận 3,Hồ Chí Minh,4.9,71,Cà Phê/Trà,189,10.785599708557129,106.69175720214844,65000
28349,Ka Coffee - Pasteur,White Whisky 200ml,"Ngọt dịu, mượt, thơm mùi men lạnh, không cồn. Dung tích 200ml tương đương 3 - 4 cốc",125000,12,0,0,Quận 3,Hồ Chí Minh,4.9,71,Cà Phê/Trà,189,10.785599708557129,106.69175720214844,65000
28349,Ka Coffee - Pasteur,White Whisky 100ml,"Ngọt dịu, mượt, thơm mùi men lạnh, không cồn. Dung tích 100ml tương đương gần 2 cốc",85000,1,0,0,Quận 3,Hồ Chí Minh,4.9,71,Cà Phê/Trà,189,10.785599708557129,106.69175720214844,65000
28349,Ka Coffee - Pasteur,2000m xanh lá,cà phê kem béo kết hợp matcha đậm vị,125000,1,0,0,Quận 3,Hồ Chí Minh,4.9,71,Cà Phê/Trà,189,10.785599708557129,106.69175720214844,65000
28349,Ka Coffee - Pasteur,2000M Xanh Lá - Chai,Cà phê kem béo ngọt ngậy kết hợp với matcha,125000,1,0,0,Quận 3,Hồ Chí Minh,4.9,71,Cà Phê/Trà,189,10.785599708557129,106.69175720214844,65000
28349,Ka Coffee - Pasteur,2000m,"Ngọt ngậy, đậm, dày vị",55000,29,5,0,Quận 3,Hồ Chí Minh,4.9,71,Cà Phê/Trà,189,10.785599708557129,106.69175720214844,65000
28349,Ka Coffee - Pasteur,Trà sữa Nhài Mỹ Nhân," nhài ngọt thanh, thơm hương nhài, vị ngọt ngậy của sữa. Món chưa gồm trân châu ",55000,6,0,0,Quận 3,Hồ Chí Minh,4.9,71,Cà Phê/Trà,189,10.785599708557129,106.69175720214844,65000
28349,Ka Coffee - Pasteur,Đại Mộc Shan,vị ngọt ngậy của thanh chocolate đen. Món chưa gồm trân châu ,55000,0,0,0,Quận 3,Hồ Chí Minh,4.9,71,Cà Phê/Trà,189,10.785599708557129,106.69175720214844,65000
28349,Ka Coffee - Pasteur,Ô Long Khói,"ô long dày vị khói và ngọt của đường nâu, vị ngậy của sữa. Món chưa bao gồm trân châu",55000,0,0,0,Quận 3,Hồ Chí Minh,4.9,71,Cà Phê/Trà,189,10.785599708557129,106.69175720214844,65000
28349,Ka Coffee - Pasteur,White Whisky ,"Ngọt dịu, mượt, thơm mùi men lạnh, không cồn",60000,17,1,0,Quận 3,Hồ Chí Minh,4.9,71,Cà Phê/Trà,189,10.785599708557129,106.69175720214844,65000
28349,Ka Coffee - Pasteur,Vương Đỉnh Trà," Ô Long đậm đà, vị ngọt ngậy của sữa. Món chưa gồm trân châu ",65000,0,0,0,Quận 3,Hồ Chí Minh,4.9,71,Cà Phê/Trà,189,10.785599708557129,106.69175720214844,65000
28349,Ka Coffee - Pasteur,2000m xanh lá,Cà phê kem béo ngọt ngậy kết hợp với matcha ,60000,0,0,0,Quận 3,Hồ Chí Minh,4.9,71,Cà Phê/Trà,189,10.785599708557129,106.69175720214844,65000
28349,Ka Coffee - Pasteur,Thanh Yên Cold Brew,"Vị thanh, kết hợp mứt Thanh Yên ngọt nhẹ",65000,14,0,0,Quận 3,Hồ Chí Minh,4.9,71,Cà Phê/Trà,189,10.785599708557129,106.69175720214844,65000
28349,Ka Coffee - Pasteur,Citrus Cold Brew ,"Cà phê ủ lạnh hương cam chanh, thanh mát",60000,7,0,0,Quận 3,Hồ Chí Minh,4.9,71,Cà Phê/Trà,189,10.785599708557129,106.69175720214844,65000
28349,Ka Coffee - Pasteur,Whisky Cold Brew ,,65000,2,0,0,Quận 3,Hồ Chí Minh,4.9,71,Cà Phê/Trà,189,10.785599708557129,106.69175720214844,65000
28349,Ka Coffee - Pasteur,Cà phê đen,"Đậm , hậu vị thanh mát, không đường",50000,5,0,0,Quận 3,Hồ Chí Minh,4.9,71,Cà Phê/Trà,189,10.785599708557129,106.69175720214844,65000
28349,Ka Coffee - Pasteur,Pạc Sỉu,"Ngọt, béo, mềm nhẹ cốt dừa",60000,9,0,0,Quận 3,Hồ Chí Minh,4.9,71,Cà Phê/Trà,189,10.785599708557129,106.69175720214844,65000
28349,Ka Coffee - Pasteur,Cà phê muối FineRo,"Cà phê muối đậm vị, kem muối béo mặn ",60000,2,0,0,Quận 3,Hồ Chí Minh,4.9,71,Cà Phê/Trà,189,10.785599708557129,106.69175720214844,65000
28349,Ka Coffee - Pasteur,Trà Bông Vải,"Lục trà đậm vị với quả vải ngọt thanh, hương hoa hồng",65000,4,0,0,Quận 3,Hồ Chí Minh,4.9,71,Cà Phê/Trà,189,10.785599708557129,106.69175720214844,65000
28349,Ka Coffee - Pasteur,Trà Cô Thơm,Lục trà đậm vị với quả thơm chua thanh,65000,2,0,0,Quận 3,Hồ Chí Minh,4.9,71,Cà Phê/Trà,189,10.785599708557129,106.69175720214844,65000
28349,Ka Coffee - Pasteur,Đại Mộc Shan , vị ngọt ngậy của thanh chocolate đen. Món đã gồm trân châu ô long + Kem ,65000,1,0,0,Quận 3,Hồ Chí Minh,4.9,71,Cà Phê/Trà,189,10.785599708557129,106.69175720214844,65000
28349,Ka Coffee - Pasteur,Ô Long Khói,"dày vị khói và ngọt của đường nâu, vị ngậy của sữa. Món đã bao gồm trân châu + kem ",65000,0,0,0,Quận 3,Hồ Chí Minh,4.9,71,Cà Phê/Trà,189,10.785599708557129,106.69175720214844,65000
28349,Ka Coffee - Pasteur,Trà sữa Nhài Mĩ Nhân," Nhài đậm đà, vị ngọt ngậy kết hợp với trân châu ô long và lớp kem cốm bên trên",65000,1,0,0,Quận 3,Hồ Chí Minh,4.9,71,Cà Phê/Trà,189,10.785599708557129,106.69175720214844,65000
28349,Ka Coffee - Pasteur,Matcha Latte,Matcha đậm vị kết hợp với sữa tươi béo ngậy,60000,18,1,0,Quận 3,Hồ Chí Minh,4.9,71,Cà Phê/Trà,189,10.785599708557129,106.69175720214844,65000
28349,Ka Coffee - Pasteur,Matcha Xoài ," ngọt ngậy của sữa, thơm matcha kết hợp cùng mứt xoài",65000,1,0,0,Quận 3,Hồ Chí Minh,4.9,71,Cà Phê/Trà,189,10.785599708557129,106.69175720214844,65000
28349,Ka Coffee - Pasteur,Matcha Dừa,Matcha nhật đậm vị kết hợp với nước dừa tươi,65000,7,0,0,Quận 3,Hồ Chí Minh,4.9,71,Cà Phê/Trà,189,10.785599708557129,106.69175720214844,65000
28349,Ka Coffee - Pasteur,2000m matcha,Cà phê kem béo kết hợp với matcha nhật đậm vị,60000,0,0,0,Quận 3,Hồ Chí Minh,4.9,71,Cà Phê/Trà,189,10.785599708557129,106.69175720214844,65000
3130,Cà Phê Đá - Phạm Đình Toái,Sữa Tươi Cà Phê Kem Muối,,40000,2,0,0,Quận 3,Hồ Chí Minh,4.9,10,Cà Phê/Trà,189,10.775890350341797,106.6861572265625,40000
3130,Cà Phê Đá - Phạm Đình Toái,"Trà Sữa Trân Châu Kem Muối (trân châu đen/ trắng, hoàng kim)",,48000,3,0,0,Quận 3,Hồ Chí Minh,4.9,10,Cà Phê/Trà,189,10.775890350341797,106.6861572265625,40000
3130,Cà Phê Đá - Phạm Đình Toái,Bạc Xỉu Kem Muối,,48000,4,0,0,Quận 3,Hồ Chí Minh,4.9,10,Cà Phê/Trà,189,10.775890350341797,106.6861572265625,40000
3130,Cà Phê Đá - Phạm Đình Toái,Cà Phê Sữa Kem Muối,,29000,17,0,0,Quận 3,Hồ Chí Minh,4.9,10,Cà Phê/Trà,189,10.775890350341797,106.6861572265625,40000
3130,Cà Phê Đá - Phạm Đình Toái,Ca Cao Sữa Kem Muối,,40000,28,0,0,Quận 3,Hồ Chí Minh,4.9,10,Cà Phê/Trà,189,10.775890350341797,106.6861572265625,40000
3130,Cà Phê Đá - Phạm Đình Toái,Sinh Tố Bơ Kem Muối,,50000,1,0,0,Quận 3,Hồ Chí Minh,4.9,10,Cà Phê/Trà,189,10.775890350341797,106.6861572265625,40000
3130,Cà Phê Đá - Phạm Đình Toái,Sinh Tố Sampoche Kem Muối,,50000,1,0,0,Quận 3,Hồ Chí Minh,4.9,10,Cà Phê/Trà,189,10.775890350341797,106.6861572265625,40000
3130,Cà Phê Đá - Phạm Đình Toái,Sinh Tố Dâu Kem Muối,,50000,0,0,0,Quận 3,Hồ Chí Minh,4.9,10,Cà Phê/Trà,189,10.775890350341797,106.6861572265625,40000
3130,Cà Phê Đá - Phạm Đình Toái,Cà Phê Sữa,,26000,3,0,0,Quận 3,Hồ Chí Minh,4.9,10,Cà Phê/Trà,189,10.775890350341797,106.6861572265625,40000
3130,Cà Phê Đá - Phạm Đình Toái,Bạc Xỉu,,36000,2,0,0,Quận 3,Hồ Chí Minh,4.9,10,Cà Phê/Trà,189,10.775890350341797,106.6861572265625,40000
3130,Cà Phê Đá - Phạm Đình Toái,Ca Cao Sữa Đá,,36000,3,0,0,Quận 3,Hồ Chí Minh,4.9,10,Cà Phê/Trà,189,10.775890350341797,106.6861572265625,40000
3130,Cà Phê Đá - Phạm Đình Toái,Cà Phê Đá,,24000,5,0,0,Quận 3,Hồ Chí Minh,4.9,10,Cà Phê/Trà,189,10.775890350341797,106.6861572265625,40000
3130,Cà Phê Đá - Phạm Đình Toái,Sữa Tươi Cà Phê,,36000,2,0,0,Quận 3,Hồ Chí Minh,4.9,10,Cà Phê/Trà,189,10.775890350341797,106.6861572265625,40000
3130,Cà Phê Đá - Phạm Đình Toái,Trà Đào 700ml,,29000,2,0,0,Quận 3,Hồ Chí Minh,4.9,10,Cà Phê/Trà,189,10.775890350341797,106.6861572265625,40000
3130,Cà Phê Đá - Phạm Đình Toái,Trà Đào Vải 700ml,,51000,0,0,0,Quận 3,Hồ Chí Minh,4.9,10,Cà Phê/Trà,189,10.775890350341797,106.6861572265625,40000
3130,Cà Phê Đá - Phạm Đình Toái,Trà Đào Dâu 700ml,,51000,0,0,0,Quận 3,Hồ Chí Minh,4.9,10,Cà Phê/Trà,189,10.775890350341797,106.6861572265625,40000
3130,Cà Phê Đá - Phạm Đình Toái,Trà Đào Sen 700ml,,51000,0,0,0,Quận 3,Hồ Chí Minh,4.9,10,Cà Phê/Trà,189,10.775890350341797,106.6861572265625,40000
3130,Cà Phê Đá - Phạm Đình Toái,Trà Đào Nhãn 700ml,,51000,0,0,0,Quận 3,Hồ Chí Minh,4.9,10,Cà Phê/Trà,189,10.775890350341797,106.6861572265625,40000
3130,Cà Phê Đá - Phạm Đình Toái,Trà Đào Vải,,51000,0,0,0,Quận 3,Hồ Chí Minh,4.9,10,Cà Phê/Trà,189,10.775890350341797,106.6861572265625,40000
3130,Cà Phê Đá - Phạm Đình Toái,Trà Vải 700ml,,29000,1,0,0,Quận 3,Hồ Chí Minh,4.9,10,Cà Phê/Trà,189,10.775890350341797,106.6861572265625,40000
3130,Cà Phê Đá - Phạm Đình Toái,Trà Vải Nhãn 700ml,,51000,1,0,0,Quận 3,Hồ Chí Minh,4.9,10,Cà Phê/Trà,189,10.775890350341797,106.6861572265625,40000
3130,Cà Phê Đá - Phạm Đình Toái,Trà Vải Dâu 700ml,,51000,0,0,0,Quận 3,Hồ Chí Minh,4.9,10,Cà Phê/Trà,189,10.775890350341797,106.6861572265625,40000
3130,Cà Phê Đá - Phạm Đình Toái,Trà Vải Sen 700ml,,51000,0,0,0,Quận 3,Hồ Chí Minh,4.9,10,Cà Phê/Trà,189,10.775890350341797,106.6861572265625,40000
3130,Cà Phê Đá - Phạm Đình Toái,Trà Vải Đào 700ml,,51000,0,0,0,Quận 3,Hồ Chí Minh,4.9,10,Cà Phê/Trà,189,10.775890350341797,106.6861572265625,40000
3130,Cà Phê Đá - Phạm Đình Toái,Trà Gừng Nóng ,,25000,2,0,0,Quận 3,Hồ Chí Minh,4.9,10,Cà Phê/Trà,189,10.775890350341797,106.6861572265625,40000
3130,Cà Phê Đá - Phạm Đình Toái,Hồng Trà Tắc Trân Châu Trắng 700ml,,29000,1,0,0,Quận 3,Hồ Chí Minh,4.9,10,Cà Phê/Trà,189,10.775890350341797,106.6861572265625,40000
3130,Cà Phê Đá - Phạm Đình Toái,Trà Ổi trân châu trắng 700ml,,39000,1,0,0,Quận 3,Hồ Chí Minh,4.9,10,Cà Phê/Trà,189,10.775890350341797,106.6861572265625,40000
3130,Cà Phê Đá - Phạm Đình Toái,Trà Dưa Lưới Trân Châu Trắng 700ml,,40000,2,0,0,Quận 3,Hồ Chí Minh,4.9,10,Cà Phê/Trà,189,10.775890350341797,106.6861572265625,40000
3130,Cà Phê Đá - Phạm Đình Toái,Trà Tắc 700ml,,30000,1,0,0,Quận 3,Hồ Chí Minh,4.9,10,Cà Phê/Trà,189,10.775890350341797,106.6861572265625,40000
3130,Cà Phê Đá - Phạm Đình Toái,Trà Hoa Đỏ Trân Châu Trắng 700ml,,40000,0,0,0,Quận 3,Hồ Chí Minh,4.9,10,Cà Phê/Trà,189,10.775890350341797,106.6861572265625,40000
3130,Cà Phê Đá - Phạm Đình Toái,Trà Chanh 700ml,,30000,0,0,0,Quận 3,Hồ Chí Minh,4.9,10,Cà Phê/Trà,189,10.775890350341797,106.6861572265625,40000
3130,Cà Phê Đá - Phạm Đình Toái,Trà Lipton Đá 500ml,ghi rỏ món ĐÁ/ NÓNG,30000,0,0,0,Quận 3,Hồ Chí Minh,4.9,10,Cà Phê/Trà,189,10.775890350341797,106.6861572265625,40000
3130,Cà Phê Đá - Phạm Đình Toái,Sữa Tươi Trân Châu Đường Đen 700ml,,40000,0,0,0,Quận 3,Hồ Chí Minh,4.9,10,Cà Phê/Trà,189,10.775890350341797,106.6861572265625,40000
3130,Cà Phê Đá - Phạm Đình Toái,Trà Sữa Trân Châu Hoàng Kim 700ml,,40000,1,0,0,Quận 3,Hồ Chí Minh,4.9,10,Cà Phê/Trà,189,10.775890350341797,106.6861572265625,40000
3130,Cà Phê Đá - Phạm Đình Toái,Trà Sữa Trân Châu Đen 700ml,,40000,2,0,0,Quận 3,Hồ Chí Minh,4.9,10,Cà Phê/Trà,189,10.775890350341797,106.6861572265625,40000
3130,Cà Phê Đá - Phạm Đình Toái,Trà Sữa Trân Châu Trắng 700ml,,40000,0,0,0,Quận 3,Hồ Chí Minh,4.9,10,Cà Phê/Trà,189,10.775890350341797,106.6861572265625,40000
3130,Cà Phê Đá - Phạm Đình Toái,Trà Sữa Phô Mai Tươi 700ml,,30000,1,0,0,Quận 3,Hồ Chí Minh,4.9,10,Cà Phê/Trà,189,10.775890350341797,106.6861572265625,40000
3130,Cà Phê Đá - Phạm Đình Toái,Trà Sữa Sương Sáo 700ml,,40000,0,0,0,Quận 3,Hồ Chí Minh,4.9,10,Cà Phê/Trà,189,10.775890350341797,106.6861572265625,40000
3130,Cà Phê Đá - Phạm Đình Toái,Trà Sữa Socola Trân Châu Hoàng Kim 700ml,,44000,0,0,0,Quận 3,Hồ Chí Minh,4.9,10,Cà Phê/Trà,189,10.775890350341797,106.6861572265625,40000
3130,Cà Phê Đá - Phạm Đình Toái,Trà Sữa Socola Phô Mai Tươi 700ml,,44000,0,0,0,Quận 3,Hồ Chí Minh,4.9,10,Cà Phê/Trà,189,10.775890350341797,106.6861572265625,40000
3130,Cà Phê Đá - Phạm Đình Toái,Trà Sữa Socola Trân Châu Trắng 700ml,,44000,1,0,0,Quận 3,Hồ Chí Minh,4.9,10,Cà Phê/Trà,189,10.775890350341797,106.6861572265625,40000
3130,Cà Phê Đá - Phạm Đình Toái,Trà Sữa Socola Trân Châu Đen 700ml,,44000,0,0,0,Quận 3,Hồ Chí Minh,4.9,10,Cà Phê/Trà,189,10.775890350341797,106.6861572265625,40000
3130,Cà Phê Đá - Phạm Đình Toái,Trà Sữa Đậu Đỏ 700ml,,44000,0,0,0,Quận 3,Hồ Chí Minh,4.9,10,Cà Phê/Trà,189,10.775890350341797,106.6861572265625,40000
3130,Cà Phê Đá - Phạm Đình Toái,Lipton Sữa Đá,,38000,1,0,0,Quận 3,Hồ Chí Minh,4.9,10,Cà Phê/Trà,189,10.775890350341797,106.6861572265625,40000
3130,Cà Phê Đá - Phạm Đình Toái,Yaourt Trái Cây 500ml,,45000,3,0,0,Quận 3,Hồ Chí Minh,4.9,10,Cà Phê/Trà,189,10.775890350341797,106.6861572265625,40000
3130,Cà Phê Đá - Phạm Đình Toái,Yaourt Việt Quốc 500ml,,42000,1,0,0,Quận 3,Hồ Chí Minh,4.9,10,Cà Phê/Trà,189,10.775890350341797,106.6861572265625,40000
3130,Cà Phê Đá - Phạm Đình Toái,Yaourt Dâu Tươi 500ml,,44000,0,0,0,Quận 3,Hồ Chí Minh,4.9,10,Cà Phê/Trà,189,10.775890350341797,106.6861572265625,40000
3130,Cà Phê Đá - Phạm Đình Toái,Yaourt Đá 500ml,,24000,0,0,0,Quận 3,Hồ Chí Minh,4.9,10,Cà Phê/Trà,189,10.775890350341797,106.6861572265625,40000
3130,Cà Phê Đá - Phạm Đình Toái,Yaourt Chanh Dây 500ml,,44000,1,0,0,Quận 3,Hồ Chí Minh,4.9,10,Cà Phê/Trà,189,10.775890350341797,106.6861572265625,40000
3130,Cà Phê Đá - Phạm Đình Toái,Thơm Ép 500ml,,40000,1,0,0,Quận 3,Hồ Chí Minh,4.9,10,Cà Phê/Trà,189,10.775890350341797,106.6861572265625,40000
3130,Cà Phê Đá - Phạm Đình Toái,Cam Dâu Tươi Ép 700ml,,44000,1,0,0,Quận 3,Hồ Chí Minh,4.9,10,Cà Phê/Trà,189,10.775890350341797,106.6861572265625,40000
3130,Cà Phê Đá - Phạm Đình Toái,Cóc Ép 500ml,,40000,3,0,0,Quận 3,Hồ Chí Minh,4.9,10,Cà Phê/Trà,189,10.775890350341797,106.6861572265625,40000
3130,Cà Phê Đá - Phạm Đình Toái,Dâu Tươi Ép 500ml,,55000,0,0,0,Quận 3,Hồ Chí Minh,4.9,10,Cà Phê/Trà,189,10.775890350341797,106.6861572265625,40000
3130,Cà Phê Đá - Phạm Đình Toái,Cam Tươi Ép 500ml,,37000,0,0,0,Quận 3,Hồ Chí Minh,4.9,10,Cà Phê/Trà,189,10.775890350341797,106.6861572265625,40000
3130,Cà Phê Đá - Phạm Đình Toái,Ổi Ép 500ml,,40000,0,0,0,Quận 3,Hồ Chí Minh,4.9,10,Cà Phê/Trà,189,10.775890350341797,106.6861572265625,40000
3130,Cà Phê Đá - Phạm Đình Toái,Đá Chanh 500ml,,36000,0,0,0,Quận 3,Hồ Chí Minh,4.9,10,Cà Phê/Trà,189,10.775890350341797,106.6861572265625,40000
3130,Cà Phê Đá - Phạm Đình Toái,Cam Cà Rốt Ép 500ml,,40000,0,0,0,Quận 3,Hồ Chí Minh,4.9,10,Cà Phê/Trà,189,10.775890350341797,106.6861572265625,40000
3130,Cà Phê Đá - Phạm Đình Toái,Cam + Thơm Ép 500ml,,40000,1,0,0,Quận 3,Hồ Chí Minh,4.9,10,Cà Phê/Trà,189,10.775890350341797,106.6861572265625,40000
3130,Cà Phê Đá - Phạm Đình Toái,Thơm + Cà Rốt Ép 500ml,,40000,0,0,0,Quận 3,Hồ Chí Minh,4.9,10,Cà Phê/Trà,189,10.775890350341797,106.6861572265625,40000
3130,Cà Phê Đá - Phạm Đình Toái,Xí Muội Tắc 500ml,,36000,2,0,0,Quận 3,Hồ Chí Minh,4.9,10,Cà Phê/Trà,189,10.775890350341797,106.6861572265625,40000
3130,Cà Phê Đá - Phạm Đình Toái,Chanh Dây Ép 500ml,,37000,2,0,0,Quận 3,Hồ Chí Minh,4.9,10,Cà Phê/Trà,189,10.775890350341797,106.6861572265625,40000
3130,Cà Phê Đá - Phạm Đình Toái,Thơm + Chanh Dây Ép 500ml,,44000,2,0,0,Quận 3,Hồ Chí Minh,4.9,10,Cà Phê/Trà,189,10.775890350341797,106.6861572265625,40000
3130,Cà Phê Đá - Phạm Đình Toái,Chanh Muối 500ml,,36000,0,0,0,Quận 3,Hồ Chí Minh,4.9,10,Cà Phê/Trà,189,10.775890350341797,106.6861572265625,40000
3130,Cà Phê Đá - Phạm Đình Toái,Cà Rốt Ép 500ml,,40000,0,0,0,Quận 3,Hồ Chí Minh,4.9,10,Cà Phê/Trà,189,10.775890350341797,106.6861572265625,40000
3130,Cà Phê Đá - Phạm Đình Toái,Cà Chua Ép 500ml,,40000,0,0,0,Quận 3,Hồ Chí Minh,4.9,10,Cà Phê/Trà,189,10.775890350341797,106.6861572265625,40000
3130,Cà Phê Đá - Phạm Đình Toái,Sinh Tố Bơ 350ml,,34000,13,0,0,Quận 3,Hồ Chí Minh,4.9,10,Cà Phê/Trà,189,10.775890350341797,106.6861572265625,40000
3130,Cà Phê Đá - Phạm Đình Toái,Sinh Tố Sampoche 350ml,,34000,1,0,0,Quận 3,Hồ Chí Minh,4.9,10,Cà Phê/Trà,189,10.775890350341797,106.6861572265625,40000
3130,Cà Phê Đá - Phạm Đình Toái,Sinh Tố Dâu 350ml,,42000,1,0,0,Quận 3,Hồ Chí Minh,4.9,10,Cà Phê/Trà,189,10.775890350341797,106.6861572265625,40000
3130,Cà Phê Đá - Phạm Đình Toái,Sinh Tố Mãng Cầu 350ml,,42000,1,0,0,Quận 3,Hồ Chí Minh,4.9,10,Cà Phê/Trà,189,10.775890350341797,106.6861572265625,40000
3130,Cà Phê Đá - Phạm Đình Toái,Sinh Tố Bơ Sầu Riêng 350ml,,48000,2,0,0,Quận 3,Hồ Chí Minh,4.9,10,Cà Phê/Trà,189,10.775890350341797,106.6861572265625,40000
3130,Cà Phê Đá - Phạm Đình Toái,Cốt Dừa Cà Phê 350ml,,48000,0,0,0,Quận 3,Hồ Chí Minh,4.9,10,Cà Phê/Trà,189,10.775890350341797,106.6861572265625,40000
3130,Cà Phê Đá - Phạm Đình Toái,Sinh Tố Sầu Riêng 350ml,,48000,1,0,0,Quận 3,Hồ Chí Minh,4.9,10,Cà Phê/Trà,189,10.775890350341797,106.6861572265625,40000
3130,Cà Phê Đá - Phạm Đình Toái,Cốt Dừa Cốm Xanh 350ml,,48000,0,0,0,Quận 3,Hồ Chí Minh,4.9,10,Cà Phê/Trà,189,10.775890350341797,106.6861572265625,40000
10980,Nina - Sinh Tố Bùi Viện - Bùi Viện,Sinh Tố BƠ,"* Tất cả Các loại Sinh Tố trong Menu này, Quán Nina, Chỉ dùng Duy Nhất  SỮA ĐẶC để xay Sinh Tố (Không dùng Đường) Xin khách hãy yên tâm. Quán NINA xin chân thành Cảm ơn Rất nhiều đến Các ACE Khách iu.",45000,109,0,0,Quận 1,Hồ Chí Minh,4.7,69,Sinh tố/Nước ép/Sữa,189,10.767149925231934,106.69291687011719,40000
10980,Nina - Sinh Tố Bùi Viện - Bùi Viện,Sinh tố DÂU,ST CHỈ DÙNG * SỮA ĐẶC  *( KO DÙNG ĐƯỜNG),45000,30,0,0,Quận 1,Hồ Chí Minh,4.7,69,Sinh tố/Nước ép/Sữa,189,10.767149925231934,106.69291687011719,40000
10980,Nina - Sinh Tố Bùi Viện - Bùi Viện,Sinh tố SAPOCHE,ST CHỈ DÙNG *SỮA ĐẶC * ( KO DÙNG ĐƯỜNG),40000,30,1,1,Quận 1,Hồ Chí Minh,4.7,69,Sinh tố/Nước ép/Sữa,189,10.767149925231934,106.69291687011719,40000
10980,Nina - Sinh Tố Bùi Viện - Bùi Viện,Sinh tố DỪA,ST CHỈ DÙNG *SỮA ĐẶC *  (KO DÙNG ĐƯỜNG),40000,15,0,0,Quận 1,Hồ Chí Minh,4.7,69,Sinh tố/Nước ép/Sữa,189,10.767149925231934,106.69291687011719,40000
10980,Nina - Sinh Tố Bùi Viện - Bùi Viện,St BƠ  + DỪA,ST CHỈ DÙNG  * SỮA ĐẶC * ( KO DÙNG ĐƯỜNG),48000,10,0,0,Quận 1,Hồ Chí Minh,4.7,69,Sinh tố/Nước ép/Sữa,189,10.767149925231934,106.69291687011719,40000
10980,Nina - Sinh Tố Bùi Viện - Bùi Viện,Sinh tố DƯA GANG,Thứ 3 hằng tuần - Nhập code SIEUDEAL9K - GIẢM 15K,40000,16,1,1,Quận 1,Hồ Chí Minh,4.7,69,Sinh tố/Nước ép/Sữa,189,10.767149925231934,106.69291687011719,40000
10980,Nina - Sinh Tố Bùi Viện - Bùi Viện,Sinh tố XOÀI,ST CHỈ DÙNG  * SỮA ĐẶC * ( KO DÙNG ĐƯỜNG),40000,27,0,0,Quận 1,Hồ Chí Minh,4.7,69,Sinh tố/Nước ép/Sữa,189,10.767149925231934,106.69291687011719,40000
10980,Nina - Sinh Tố Bùi Viện - Bùi Viện,Sinh Tố MÃNG CẦU,,45000,15,0,0,Quận 1,Hồ Chí Minh,4.7,69,Sinh tố/Nước ép/Sữa,189,10.767149925231934,106.69291687011719,40000
10980,Nina - Sinh Tố Bùi Viện - Bùi Viện,Sinh tố THẬP CẨM,ST CHỈ DÙNG *SỮA ĐẶC * ( KO DÙNG ĐƯỜNG),50000,8,0,0,Quận 1,Hồ Chí Minh,4.7,69,Sinh tố/Nước ép/Sữa,189,10.767149925231934,106.69291687011719,40000
10980,Nina - Sinh Tố Bùi Viện - Bùi Viện,Sinh tố CHUỐI ,ST CHỈ DÙNG * SỮA ĐẶC * ( KO DÙNG ĐƯỜNG),40000,1,0,0,Quận 1,Hồ Chí Minh,4.7,69,Sinh tố/Nước ép/Sữa,189,10.767149925231934,106.69291687011719,40000
10980,Nina - Sinh Tố Bùi Viện - Bùi Viện,Sinh tố ĐU ĐỦ,ST CHỈ DÙNG * SỮA ĐẶC * ( KO DÙNG ĐƯỜNG),40000,5,0,0,Quận 1,Hồ Chí Minh,4.7,69,Sinh tố/Nước ép/Sữa,189,10.767149925231934,106.69291687011719,40000
10980,Nina - Sinh Tố Bùi Viện - Bùi Viện,Sinh tố THƠM,ST CHỈ DÙNG *SỮA ĐẶC * ( KO DÙNG ĐƯỜNG),40000,0,0,0,Quận 1,Hồ Chí Minh,4.7,69,Sinh tố/Nước ép/Sữa,189,10.767149925231934,106.69291687011719,40000
10980,Nina - Sinh Tố Bùi Viện - Bùi Viện,Sinh tố CAM ,ST CHỈ DÙNG * SỮA ĐẶC * ( KO DÙNG ĐUONG),40000,1,0,0,Quận 1,Hồ Chí Minh,4.7,69,Sinh tố/Nước ép/Sữa,189,10.767149925231934,106.69291687011719,40000
10980,Nina - Sinh Tố Bùi Viện - Bùi Viện,Sinh tố ỔI,ST CHỈ DÙNG *SỮA ĐẶC * ( KO DÙNG ĐƯỜNG),40000,2,0,0,Quận 1,Hồ Chí Minh,4.7,69,Sinh tố/Nước ép/Sữa,189,10.767149925231934,106.69291687011719,40000
10980,Nina - Sinh Tố Bùi Viện - Bùi Viện,Sinh tố CHANH DÂY,ST CHỈ DÙNG * SỮA ĐẶC * ( KO DÙNG ĐƯỜNG),40000,0,0,0,Quận 1,Hồ Chí Minh,4.7,69,Sinh tố/Nước ép/Sữa,189,10.767149925231934,106.69291687011719,40000
10980,Nina - Sinh Tố Bùi Viện - Bùi Viện,Sinh tố TÁO ,ST CHỈ DÙNG * SỮA ĐẶC * ( KO DÙNG ĐƯỜNG),40000,0,0,0,Quận 1,Hồ Chí Minh,4.7,69,Sinh tố/Nước ép/Sữa,189,10.767149925231934,106.69291687011719,40000
10980,Nina - Sinh Tố Bùi Viện - Bùi Viện,Sinh tố DƯA HẤU,ST CHỈ DÙNG * SỮA ĐẶC * ( KO DÙNG ĐƯỜNG),40000,1,0,0,Quận 1,Hồ Chí Minh,4.7,69,Sinh tố/Nước ép/Sữa,189,10.767149925231934,106.69291687011719,40000
10980,Nina - Sinh Tố Bùi Viện - Bùi Viện,Sinh tố CÀ CHUA,ST CHỈ DÙNG * SỮA ĐẶC * ( KO DÙNG ĐƯỜNG),40000,1,0,0,Quận 1,Hồ Chí Minh,4.7,69,Sinh tố/Nước ép/Sữa,189,10.767149925231934,106.69291687011719,40000
10980,Nina - Sinh Tố Bùi Viện - Bùi Viện,Sinh tố CHANH ,ST CHỈ DÙNG * SỮA ĐẶC * ( KO DÙNG ĐƯỜNG),40000,1,0,0,Quận 1,Hồ Chí Minh,4.7,69,Sinh tố/Nước ép/Sữa,189,10.767149925231934,106.69291687011719,40000
10980,Nina - Sinh Tố Bùi Viện - Bùi Viện,Sinh tố THANH LONG,ST CHỈ DÙNG *SỮA ĐẶC * (KO DÙNG ĐƯỜNG),40000,1,1,0,Quận 1,Hồ Chí Minh,4.7,69,Sinh tố/Nước ép/Sữa,189,10.767149925231934,106.69291687011719,40000
10980,Nina - Sinh Tố Bùi Viện - Bùi Viện,Sinh tố CÀ RỐT,ST CHỈ DÙNG * SỮA ĐẶC * ( KO DÙNG ĐƯỜNG),40000,0,0,0,Quận 1,Hồ Chí Minh,4.7,69,Sinh tố/Nước ép/Sữa,189,10.767149925231934,106.69291687011719,40000
10980,Nina - Sinh Tố Bùi Viện - Bùi Viện,St DÂU + MÃNG CẦU,ST CHỈ DÙNG  * SỮA ĐẶC * ( KO DÙNG ĐƯỜNG),48000,9,0,0,Quận 1,Hồ Chí Minh,4.7,69,Sinh tố/Nước ép/Sữa,189,10.767149925231934,106.69291687011719,40000
10980,Nina - Sinh Tố Bùi Viện - Bùi Viện,St SAPOCHE + CAFE,ST CHỈ DÙNG * SỮA ĐẶC * ( KO DÙNG ĐƯỜNG),48000,14,1,0,Quận 1,Hồ Chí Minh,4.7,69,Sinh tố/Nước ép/Sữa,189,10.767149925231934,106.69291687011719,40000
10980,Nina - Sinh Tố Bùi Viện - Bùi Viện,St DÂU +VIỆT QUẤT,ST CHỈ DÙNG  * SỮA ĐẶC * ( KO DÙNG ĐƯỜNG),48000,5,1,0,Quận 1,Hồ Chí Minh,4.7,69,Sinh tố/Nước ép/Sữa,189,10.767149925231934,106.69291687011719,40000
10980,Nina - Sinh Tố Bùi Viện - Bùi Viện,St SAPOCHE +DỪA,ST CHỈ DÙNG * SỮA ĐẶC * ( KO DÙNG ĐƯỜNG),48000,3,1,0,Quận 1,Hồ Chí Minh,4.7,69,Sinh tố/Nước ép/Sữa,189,10.767149925231934,106.69291687011719,40000
10980,Nina - Sinh Tố Bùi Viện - Bùi Viện,St BƠ + DÂU,ST CHỈ DÙNG * SỮA ĐẶC * ( KO DÙNG ĐƯỜNG),48000,5,0,0,Quận 1,Hồ Chí Minh,4.7,69,Sinh tố/Nước ép/Sữa,189,10.767149925231934,106.69291687011719,40000
10980,Nina - Sinh Tố Bùi Viện - Bùi Viện,St DÂU +CHUỐI ,ST CHỈ DÙNG * SỮA ĐẶC * ( KO DÙNG ĐƯỜNG),48000,6,0,0,Quận 1,Hồ Chí Minh,4.7,69,Sinh tố/Nước ép/Sữa,189,10.767149925231934,106.69291687011719,40000
10980,Nina - Sinh Tố Bùi Viện - Bùi Viện,St BƠ + CHUỐI ,ST CHỈ DÙNG * SỮA ĐẶC * ( KO DÙNG ĐƯỜNG),48000,6,0,0,Quận 1,Hồ Chí Minh,4.7,69,Sinh tố/Nước ép/Sữa,189,10.767149925231934,106.69291687011719,40000
10980,Nina - Sinh Tố Bùi Viện - Bùi Viện,St SAPOCHE + MILO,ST CHỈ DÙNG * SỮA ĐẶC * ( KO DÙNG ĐƯỜNG),48000,2,0,0,Quận 1,Hồ Chí Minh,4.7,69,Sinh tố/Nước ép/Sữa,189,10.767149925231934,106.69291687011719,40000
10980,Nina - Sinh Tố Bùi Viện - Bùi Viện,St BƠ + DƯA GANG,ST CHỈ DÙNG  * SỮA ĐẶC * ( KO  DÙNG ĐƯỜNG),48000,6,0,0,Quận 1,Hồ Chí Minh,4.7,69,Sinh tố/Nước ép/Sữa,189,10.767149925231934,106.69291687011719,40000
10980,Nina - Sinh Tố Bùi Viện - Bùi Viện,St DỪA + CACAO,ST CHỈ DÙNG * SỮA ĐẶC * ( KO DÙNG ĐƯỜNG),48000,2,0,0,Quận 1,Hồ Chí Minh,4.7,69,Sinh tố/Nước ép/Sữa,189,10.767149925231934,106.69291687011719,40000
10980,Nina - Sinh Tố Bùi Viện - Bùi Viện,St BƠ + CAFE,ST CHỈ DÙNG  * SỮA ĐẶC * ( KO DÙNG ĐƯỜNG),48000,3,0,0,Quận 1,Hồ Chí Minh,4.7,69,Sinh tố/Nước ép/Sữa,189,10.767149925231934,106.69291687011719,40000
10980,Nina - Sinh Tố Bùi Viện - Bùi Viện,St XOÀI +DÂU,ST CHỈ DÙNG  * SỮA ĐẶC * ( KO DÙNG ĐƯỜNG),48000,2,0,0,Quận 1,Hồ Chí Minh,4.7,69,Sinh tố/Nước ép/Sữa,189,10.767149925231934,106.69291687011719,40000
10980,Nina - Sinh Tố Bùi Viện - Bùi Viện,St CHUỐI +  MILO,ST CHỈ DÙNG * SỮA ĐẶC * ( KO DÙNG ĐƯỜNG),48000,4,0,0,Quận 1,Hồ Chí Minh,4.7,69,Sinh tố/Nước ép/Sữa,189,10.767149925231934,106.69291687011719,40000
10980,Nina - Sinh Tố Bùi Viện - Bùi Viện,St DỪA +MILO,ST CHỈ DÙNG * SỮA ĐẶC * ( KO DÙNG ĐƯỜNG),48000,3,0,0,Quận 1,Hồ Chí Minh,4.7,69,Sinh tố/Nước ép/Sữa,189,10.767149925231934,106.69291687011719,40000
10980,Nina - Sinh Tố Bùi Viện - Bùi Viện,St SAPOCHE +CACAO,ST CHỈ DÙNG * SỮA ĐẶC * ( KO DÙNG ĐƯỜNG),48000,2,1,0,Quận 1,Hồ Chí Minh,4.7,69,Sinh tố/Nước ép/Sữa,189,10.767149925231934,106.69291687011719,40000
10980,Nina - Sinh Tố Bùi Viện - Bùi Viện,St BƠ +TRÀ XANH,ST CHỈ DÙNG  * SỮA ĐẶC * ( KO DÙNG ĐƯỜNG),48000,0,0,0,Quận 1,Hồ Chí Minh,4.7,69,Sinh tố/Nước ép/Sữa,189,10.767149925231934,106.69291687011719,40000
10980,Nina - Sinh Tố Bùi Viện - Bùi Viện,St DỪA +DÂU,ST CHỈ DÙNG * SỮA ĐẶC * ( KO DÙNG ĐƯỜNG),48000,1,0,0,Quận 1,Hồ Chí Minh,4.7,69,Sinh tố/Nước ép/Sữa,189,10.767149925231934,106.69291687011719,40000
10980,Nina - Sinh Tố Bùi Viện - Bùi Viện,St DÂU +CAM,ST CHỈ DÙNG  *SỮA ĐẶC * ( KO DÙNG ĐƯỜNG),48000,0,0,0,Quận 1,Hồ Chí Minh,4.7,69,Sinh tố/Nước ép/Sữa,189,10.767149925231934,106.69291687011719,40000
10980,Nina - Sinh Tố Bùi Viện - Bùi Viện,St MÃNG CẦU +XOÀI,ST CHỈ DÙNG * SỮA ĐẶC * ( KO DÙNG ĐƯỜNG),48000,0,0,0,Quận 1,Hồ Chí Minh,4.7,69,Sinh tố/Nước ép/Sữa,189,10.767149925231934,106.69291687011719,40000
10980,Nina - Sinh Tố Bùi Viện - Bùi Viện,St XOÀI + DỪA,ST CHỈ DÙNG * SỮA ĐẶC * ( KO DÙNG ĐƯỜNG),48000,0,0,0,Quận 1,Hồ Chí Minh,4.7,69,Sinh tố/Nước ép/Sữa,189,10.767149925231934,106.69291687011719,40000
10980,Nina - Sinh Tố Bùi Viện - Bùi Viện,St BƠ  + XOÀI,ST CHỈ DÙNG  * SỮA ĐẶC * ( KO DÙNG ĐƯỜNG),48000,0,0,0,Quận 1,Hồ Chí Minh,4.7,69,Sinh tố/Nước ép/Sữa,189,10.767149925231934,106.69291687011719,40000
10980,Nina - Sinh Tố Bùi Viện - Bùi Viện,St CHUỐI  +XOÀI,ST CHỈ DÙNG * SỮA ĐẶC * ( KO DÙNG ĐƯỜNG),48000,0,0,0,Quận 1,Hồ Chí Minh,4.7,69,Sinh tố/Nước ép/Sữa,189,10.767149925231934,106.69291687011719,40000
10980,Nina - Sinh Tố Bùi Viện - Bùi Viện,St CHANH DÂY  +THƠM,ST CHỈ DÙNG  * SỮA ĐẶC * ( KO DÙNG ĐƯỜNG),48000,0,0,0,Quận 1,Hồ Chí Minh,4.7,69,Sinh tố/Nước ép/Sữa,189,10.767149925231934,106.69291687011719,40000
10980,Nina - Sinh Tố Bùi Viện - Bùi Viện,St MÃNG CẦU +DỪA,ST CHỈ DÙNG  * SỮA ĐẶC * ( KO DÙNG ĐƯỜNG),48000,2,0,0,Quận 1,Hồ Chí Minh,4.7,69,Sinh tố/Nước ép/Sữa,189,10.767149925231934,106.69291687011719,40000
10980,Nina - Sinh Tố Bùi Viện - Bùi Viện,St DÂU +ỔI,St Chỉ Dùng  *SỮA ĐẶC *,48000,2,0,0,Quận 1,Hồ Chí Minh,4.7,69,Sinh tố/Nước ép/Sữa,189,10.767149925231934,106.69291687011719,40000
10980,Nina - Sinh Tố Bùi Viện - Bùi Viện,St CAROT +CAM ,ST CHỈ DÙNG  * SỮA ĐẶC * ( KO DÙNG ĐƯỜNG),48000,0,0,0,Quận 1,Hồ Chí Minh,4.7,69,Sinh tố/Nước ép/Sữa,189,10.767149925231934,106.69291687011719,40000
10980,Nina - Sinh Tố Bùi Viện - Bùi Viện,St BƠ + CHOCOLAT,ST CHỈ DÙNG  * SỮA ĐẶC * ( KO DÙNG ĐƯỜNG),48000,0,0,0,Quận 1,Hồ Chí Minh,4.7,69,Sinh tố/Nước ép/Sữa,189,10.767149925231934,106.69291687011719,40000
10980,Nina - Sinh Tố Bùi Viện - Bùi Viện,St CAM  +THƠM,ST CHỈ DÙNG * SỮA ĐẶC * ( KO DÙNG ĐƯỜNG),48000,1,0,0,Quận 1,Hồ Chí Minh,4.7,69,Sinh tố/Nước ép/Sữa,189,10.767149925231934,106.69291687011719,40000
10980,Nina - Sinh Tố Bùi Viện - Bùi Viện,St XOÀI +BƠ +CHUỐI,ST CHỈ DÙNG * SỮA ĐẶC * ( KO DÙNG ĐƯỜNG),50000,3,0,0,Quận 1,Hồ Chí Minh,4.7,69,Sinh tố/Nước ép/Sữa,189,10.767149925231934,106.69291687011719,40000
10980,Nina - Sinh Tố Bùi Viện - Bùi Viện,St CAM  + CHANH ,ST CHỈ DÙNG  * SỮA ĐẶC * ( KO DÙNG ĐƯỜNG),48000,0,0,0,Quận 1,Hồ Chí Minh,4.7,69,Sinh tố/Nước ép/Sữa,189,10.767149925231934,106.69291687011719,40000
10980,Nina - Sinh Tố Bùi Viện - Bùi Viện,St DÂU +CHOCOLA,ST CHỈ DÙNG *SỮA ĐẶC * ( KO DÙNG ĐƯỜNG),48000,0,0,0,Quận 1,Hồ Chí Minh,4.7,69,Sinh tố/Nước ép/Sữa,189,10.767149925231934,106.69291687011719,40000
10980,Nina - Sinh Tố Bùi Viện - Bùi Viện,St MÃNG CẦU +THƠM,ST CHỈ DÙNG * SỮA ĐẶC * ( KO DÙNG ĐƯỜNG),48000,0,0,0,Quận 1,Hồ Chí Minh,4.7,69,Sinh tố/Nước ép/Sữa,189,10.767149925231934,106.69291687011719,40000
10980,Nina - Sinh Tố Bùi Viện - Bùi Viện,St DỪA +THƠM,ST CHỈ DÙNG * SỮA ĐẶC * ( KO DÙNG ĐƯỜNG),48000,0,0,0,Quận 1,Hồ Chí Minh,4.7,69,Sinh tố/Nước ép/Sữa,189,10.767149925231934,106.69291687011719,40000
10980,Nina - Sinh Tố Bùi Viện - Bùi Viện,St CHUỐI  +SỮA CHUA,ST CHỈ DÙNG  * SỮA ĐẶC * ( KO DÙNG ĐƯỜNG),48000,1,0,0,Quận 1,Hồ Chí Minh,4.7,69,Sinh tố/Nước ép/Sữa,189,10.767149925231934,106.69291687011719,40000
10980,Nina - Sinh Tố Bùi Viện - Bùi Viện,St CHUỐI  +VIỆT QUẤT,ST CHỈ DÙNG * SỮA ĐẶC * ( KO DÙNG ĐƯỜNG),45000,3,0,0,Quận 1,Hồ Chí Minh,4.7,69,Sinh tố/Nước ép/Sữa,189,10.767149925231934,106.69291687011719,40000
10980,Nina - Sinh Tố Bùi Viện - Bùi Viện,St CAM +TÁO ,ST CHỈ DÙNG  * SỮA ĐẶC * ( KO DÙNG ĐƯỜNG),48000,0,0,0,Quận 1,Hồ Chí Minh,4.7,69,Sinh tố/Nước ép/Sữa,189,10.767149925231934,106.69291687011719,40000
10980,Nina - Sinh Tố Bùi Viện - Bùi Viện,St DAU + CA CHUA,St chỉ dùng *SỮA ĐẶC*,48000,0,0,0,Quận 1,Hồ Chí Minh,4.7,69,Sinh tố/Nước ép/Sữa,189,10.767149925231934,106.69291687011719,40000
10980,Nina - Sinh Tố Bùi Viện - Bùi Viện,St XOÀI +THƠM,ST CHỈ DÙNG * SỮA ĐẶC * ( KO DÙNG ĐƯỜNG),48000,1,0,0,Quận 1,Hồ Chí Minh,4.7,69,Sinh tố/Nước ép/Sữa,189,10.767149925231934,106.69291687011719,40000
10980,Nina - Sinh Tố Bùi Viện - Bùi Viện,St DÂU +THƠM,ST CHỈ DÙNG  *  SỮA ĐẶC * ( KO DÙNG ĐƯỜNG),48000,1,0,0,Quận 1,Hồ Chí Minh,4.7,69,Sinh tố/Nước ép/Sữa,189,10.767149925231934,106.69291687011719,40000
10980,Nina - Sinh Tố Bùi Viện - Bùi Viện,St XOÀI +THƠM + CHUỐI,ST CHỈ DÙNG * SỮA ĐẶC * ( KO DÙNG ĐƯỜNG),50000,1,0,0,Quận 1,Hồ Chí Minh,4.7,69,Sinh tố/Nước ép/Sữa,189,10.767149925231934,106.69291687011719,40000
10980,Nina - Sinh Tố Bùi Viện - Bùi Viện,St THƠM +TÁO ,ST CHỈ DÙNG * SỮA ĐẶC * ( KO DÙNG ĐƯỜNG),48000,0,0,0,Quận 1,Hồ Chí Minh,4.7,69,Sinh tố/Nước ép/Sữa,189,10.767149925231934,106.69291687011719,40000
10980,Nina - Sinh Tố Bùi Viện - Bùi Viện,St MÃNG CẦU +ỔI,ST CHỈ DÙNG * SỮA ĐẶC * ( KO DÙNG ĐƯỜNG),48000,1,0,0,Quận 1,Hồ Chí Minh,4.7,69,Sinh tố/Nước ép/Sữa,189,10.767149925231934,106.69291687011719,40000
10980,Nina - Sinh Tố Bùi Viện - Bùi Viện,St XOÀI +CAM ,ST CHỈ DÙNG * SỮA ĐẶC * ( KO DÙNG ĐƯỜNG),48000,0,0,0,Quận 1,Hồ Chí Minh,4.7,69,Sinh tố/Nước ép/Sữa,189,10.767149925231934,106.69291687011719,40000
10980,Nina - Sinh Tố Bùi Viện - Bùi Viện,St THƠM +CHANH DÂY,ST CHỈ DÙNG * SỮA ĐẶC * ( KO DÙNG ĐƯỜNG),48000,0,0,0,Quận 1,Hồ Chí Minh,4.7,69,Sinh tố/Nước ép/Sữa,189,10.767149925231934,106.69291687011719,40000
10980,Nina - Sinh Tố Bùi Viện - Bùi Viện,Sinh Tố BƠ + MILO,,48000,1,0,0,Quận 1,Hồ Chí Minh,4.7,69,Sinh tố/Nước ép/Sữa,189,10.767149925231934,106.69291687011719,40000
10980,Nina - Sinh Tố Bùi Viện - Bùi Viện,St CAM  +XOÀI,ST CHỈ DÙNG  * SỮA ĐẶC * ( KO DÙNG ĐƯỜNG),48000,0,0,0,Quận 1,Hồ Chí Minh,4.7,69,Sinh tố/Nước ép/Sữa,189,10.767149925231934,106.69291687011719,40000
10980,Nina - Sinh Tố Bùi Viện - Bùi Viện,Sinh Tố DÂU + CÀ CHUA,,48000,1,0,1,Quận 1,Hồ Chí Minh,4.7,69,Sinh tố/Nước ép/Sữa,189,10.767149925231934,106.69291687011719,40000
10980,Nina - Sinh Tố Bùi Viện - Bùi Viện,Sinh Tố RAU MÁ + DỪA ,,40000,7,0,0,Quận 1,Hồ Chí Minh,4.7,69,Sinh tố/Nước ép/Sữa,189,10.767149925231934,106.69291687011719,40000
10980,Nina - Sinh Tố Bùi Viện - Bùi Viện,Sinh Tố BƠ  + MILO,,48000,0,0,0,Quận 1,Hồ Chí Minh,4.7,69,Sinh tố/Nước ép/Sữa,189,10.767149925231934,106.69291687011719,40000
10980,Nina - Sinh Tố Bùi Viện - Bùi Viện,Nước ép DƯA HẤU,Thứ 3 hằng tuần - Nhập code SIEUDEAL9K - GIẢM 15K,35000,10,1,0,Quận 1,Hồ Chí Minh,4.7,69,Sinh tố/Nước ép/Sữa,189,10.767149925231934,106.69291687011719,40000
10980,Nina - Sinh Tố Bùi Viện - Bùi Viện,Nước ép THƠM,,35000,10,0,0,Quận 1,Hồ Chí Minh,4.7,69,Sinh tố/Nước ép/Sữa,189,10.767149925231934,106.69291687011719,40000
10980,Nina - Sinh Tố Bùi Viện - Bùi Viện,Nước ép CAM  +CAROT,,40000,3,0,0,Quận 1,Hồ Chí Minh,4.7,69,Sinh tố/Nước ép/Sữa,189,10.767149925231934,106.69291687011719,40000
10980,Nina - Sinh Tố Bùi Viện - Bùi Viện,Nước Ép THƠM +TÁO ?,,40000,11,0,0,Quận 1,Hồ Chí Minh,4.7,69,Sinh tố/Nước ép/Sữa,189,10.767149925231934,106.69291687011719,40000
10980,Nina - Sinh Tố Bùi Viện - Bùi Viện,Nước ép ỔI,,35000,6,0,0,Quận 1,Hồ Chí Minh,4.7,69,Sinh tố/Nước ép/Sữa,189,10.767149925231934,106.69291687011719,40000
10980,Nina - Sinh Tố Bùi Viện - Bùi Viện,Nước Ép CÓC +ỔI,,40000,3,0,0,Quận 1,Hồ Chí Minh,4.7,69,Sinh tố/Nước ép/Sữa,189,10.767149925231934,106.69291687011719,40000
10980,Nina - Sinh Tố Bùi Viện - Bùi Viện,Nước Ép DÂU +THƠM,,40000,1,0,0,Quận 1,Hồ Chí Minh,4.7,69,Sinh tố/Nước ép/Sữa,189,10.767149925231934,106.69291687011719,40000
10980,Nina - Sinh Tố Bùi Viện - Bùi Viện,Nước Ép CÓC,,35000,3,0,0,Quận 1,Hồ Chí Minh,4.7,69,Sinh tố/Nước ép/Sữa,189,10.767149925231934,106.69291687011719,40000
10980,Nina - Sinh Tố Bùi Viện - Bùi Viện,Nước Ép CAM ? +DÂU,,40000,1,0,0,Quận 1,Hồ Chí Minh,4.7,69,Sinh tố/Nước ép/Sữa,189,10.767149925231934,106.69291687011719,40000
10980,Nina - Sinh Tố Bùi Viện - Bùi Viện,NƯỚC ÉP CAM,,35000,0,0,0,Quận 1,Hồ Chí Minh,4.7,69,Sinh tố/Nước ép/Sữa,189,10.767149925231934,106.69291687011719,40000
10980,Nina - Sinh Tố Bùi Viện - Bùi Viện,Nước Ép THƠM +CAROT,,40000,4,0,0,Quận 1,Hồ Chí Minh,4.7,69,Sinh tố/Nước ép/Sữa,189,10.767149925231934,106.69291687011719,40000
10980,Nina - Sinh Tố Bùi Viện - Bùi Viện,Nước ép DÂU,,35000,3,0,0,Quận 1,Hồ Chí Minh,4.7,69,Sinh tố/Nước ép/Sữa,189,10.767149925231934,106.69291687011719,40000
10980,Nina - Sinh Tố Bùi Viện - Bùi Viện,TÁO  +ỔI,,40000,1,0,0,Quận 1,Hồ Chí Minh,4.7,69,Sinh tố/Nước ép/Sữa,189,10.767149925231934,106.69291687011719,40000
10980,Nina - Sinh Tố Bùi Viện - Bùi Viện,NƯỚC ÉP TÁO,,35000,4,0,0,Quận 1,Hồ Chí Minh,4.7,69,Sinh tố/Nước ép/Sữa,189,10.767149925231934,106.69291687011719,40000
10980,Nina - Sinh Tố Bùi Viện - Bùi Viện,Nước Ép CAROT,,35000,7,0,0,Quận 1,Hồ Chí Minh,4.7,69,Sinh tố/Nước ép/Sữa,189,10.767149925231934,106.69291687011719,40000
10980,Nina - Sinh Tố Bùi Viện - Bùi Viện,Nước Ép THẬP CẨM,,45000,0,0,0,Quận 1,Hồ Chí Minh,4.7,69,Sinh tố/Nước ép/Sữa,189,10.767149925231934,106.69291687011719,40000
10980,Nina - Sinh Tố Bùi Viện - Bùi Viện,Nước ép CÀ CHUA,,35000,3,0,0,Quận 1,Hồ Chí Minh,4.7,69,Sinh tố/Nước ép/Sữa,189,10.767149925231934,106.69291687011719,40000
10980,Nina - Sinh Tố Bùi Viện - Bùi Viện,Ép CAM+ THƠM,,40000,0,0,0,Quận 1,Hồ Chí Minh,4.7,69,Sinh tố/Nước ép/Sữa,189,10.767149925231934,106.69291687011719,40000
10980,Nina - Sinh Tố Bùi Viện - Bùi Viện,Nước Ép THƠM + CHANH DÂY,,40000,0,0,0,Quận 1,Hồ Chí Minh,4.7,69,Sinh tố/Nước ép/Sữa,189,10.767149925231934,106.69291687011719,40000
10980,Nina - Sinh Tố Bùi Viện - Bùi Viện,Nước Ep THƠM -  CÓC,,40000,0,0,0,Quận 1,Hồ Chí Minh,4.7,69,Sinh tố/Nước ép/Sữa,189,10.767149925231934,106.69291687011719,40000
10980,Nina - Sinh Tố Bùi Viện - Bùi Viện,Nước Ép CAM+ÔI,,40000,0,0,0,Quận 1,Hồ Chí Minh,4.7,69,Sinh tố/Nước ép/Sữa,189,10.767149925231934,106.69291687011719,40000
10980,Nina - Sinh Tố Bùi Viện - Bùi Viện,Nước Ép CAM  - TÁO,,40000,0,0,0,Quận 1,Hồ Chí Minh,4.7,69,Sinh tố/Nước ép/Sữa,189,10.767149925231934,106.69291687011719,40000
10980,Nina - Sinh Tố Bùi Viện - Bùi Viện,Nước Ép TÁO. - CÀ RỐT,,40000,0,0,0,Quận 1,Hồ Chí Minh,4.7,69,Sinh tố/Nước ép/Sữa,189,10.767149925231934,106.69291687011719,40000
10980,Nina - Sinh Tố Bùi Viện - Bùi Viện,Nước Ép DƯA HẤU. - CÀ RỐT,,40000,0,0,0,Quận 1,Hồ Chí Minh,4.7,69,Sinh tố/Nước ép/Sữa,189,10.767149925231934,106.69291687011719,40000
10980,Nina - Sinh Tố Bùi Viện - Bùi Viện,Nước Ép DƯA HẤU - THƠM,,40000,0,0,0,Quận 1,Hồ Chí Minh,4.7,69,Sinh tố/Nước ép/Sữa,189,10.767149925231934,106.69291687011719,40000
10980,Nina - Sinh Tố Bùi Viện - Bùi Viện,Ép Ổi - THƠM,,40000,1,0,0,Quận 1,Hồ Chí Minh,4.7,69,Sinh tố/Nước ép/Sữa,189,10.767149925231934,106.69291687011719,40000
10980,Nina - Sinh Tố Bùi Viện - Bùi Viện,Nước Ép CAM+SỮA,,40000,0,0,0,Quận 1,Hồ Chí Minh,4.7,69,Sinh tố/Nước ép/Sữa,189,10.767149925231934,106.69291687011719,40000
10980,Nina - Sinh Tố Bùi Viện - Bùi Viện,Nước Ép CHANH DÂY,,35000,0,0,0,Quận 1,Hồ Chí Minh,4.7,69,Sinh tố/Nước ép/Sữa,189,10.767149925231934,106.69291687011719,40000
10980,Nina - Sinh Tố Bùi Viện - Bùi Viện,Nước Ép CÓC. TÁO,,40000,1,0,0,Quận 1,Hồ Chí Minh,4.7,69,Sinh tố/Nước ép/Sữa,189,10.767149925231934,106.69291687011719,40000
10980,Nina - Sinh Tố Bùi Viện - Bùi Viện,Nước Ép XOÀI +CAM,,40000,0,0,0,Quận 1,Hồ Chí Minh,4.7,69,Sinh tố/Nước ép/Sữa,189,10.767149925231934,106.69291687011719,40000
10980,Nina - Sinh Tố Bùi Viện - Bùi Viện,Nước Ép XOÀI,,35000,0,0,0,Quận 1,Hồ Chí Minh,4.7,69,Sinh tố/Nước ép/Sữa,189,10.767149925231934,106.69291687011719,40000
10980,Nina - Sinh Tố Bùi Viện - Bùi Viện,Nước Ép CÀ RỐT + TÁO,,40000,1,0,0,Quận 1,Hồ Chí Minh,4.7,69,Sinh tố/Nước ép/Sữa,189,10.767149925231934,106.69291687011719,40000
10980,Nina - Sinh Tố Bùi Viện - Bùi Viện,Nước Ép CÓC + THƠM,,40000,1,0,0,Quận 1,Hồ Chí Minh,4.7,69,Sinh tố/Nước ép/Sữa,189,10.767149925231934,106.69291687011719,40000
10980,Nina - Sinh Tố Bùi Viện - Bùi Viện,Ép Ổi+ DƯA HẦU,,40000,0,0,0,Quận 1,Hồ Chí Minh,4.7,69,Sinh tố/Nước ép/Sữa,189,10.767149925231934,106.69291687011719,40000
10980,Nina - Sinh Tố Bùi Viện - Bùi Viện,Nước Ép CA RỐT + CHANH DÂY,,40000,0,0,0,Quận 1,Hồ Chí Minh,4.7,69,Sinh tố/Nước ép/Sữa,189,10.767149925231934,106.69291687011719,40000
10980,Nina - Sinh Tố Bùi Viện - Bùi Viện,Nước Ép THANH LONG,,35000,0,0,0,Quận 1,Hồ Chí Minh,4.7,69,Sinh tố/Nước ép/Sữa,189,10.767149925231934,106.69291687011719,40000
10980,Nina - Sinh Tố Bùi Viện - Bùi Viện,Nước Ép CÀ CHUA + CAROT,,40000,0,0,0,Quận 1,Hồ Chí Minh,4.7,69,Sinh tố/Nước ép/Sữa,189,10.767149925231934,106.69291687011719,40000
10980,Nina - Sinh Tố Bùi Viện - Bùi Viện,Ép TÁO + CÀ RỐT,,40000,0,0,0,Quận 1,Hồ Chí Minh,4.7,69,Sinh tố/Nước ép/Sữa,189,10.767149925231934,106.69291687011719,40000
10980,Nina - Sinh Tố Bùi Viện - Bùi Viện,Combo 1 Nước ép Dưa hấu +1 Nước ép Cam ,1 Nước ép Dưa hấu +1 Nước ép Cam ,70000,0,0,0,Quận 1,Hồ Chí Minh,4.7,69,Sinh tố/Nước ép/Sữa,189,10.767149925231934,106.69291687011719,40000
10980,Nina - Sinh Tố Bùi Viện - Bùi Viện,Combo 1 Nước ép Thơm+ Cà rốt + 1 Nước ép Cà chua,1 Nước ép Thơm+ Cà rốt + 1 Nước ép Cà chua,70000,1,0,0,Quận 1,Hồ Chí Minh,4.7,69,Sinh tố/Nước ép/Sữa,189,10.767149925231934,106.69291687011719,40000
10980,Nina - Sinh Tố Bùi Viện - Bùi Viện,Combo 1 Nước ép Táo + 1 Nước ép Cà Rốt , 1 Nước ép Táo + 1 Nước ép Cà Rốt ,70000,0,0,0,Quận 1,Hồ Chí Minh,4.7,69,Sinh tố/Nước ép/Sữa,189,10.767149925231934,106.69291687011719,40000
10980,Nina - Sinh Tố Bùi Viện - Bùi Viện,Trà tắc ( Ly1 lít),"Nước đc đun sôi, pha chế chiết xuất từ máy Kangen Nhật",25000,2,0,0,Quận 1,Hồ Chí Minh,4.7,69,Sinh tố/Nước ép/Sữa,189,10.767149925231934,106.69291687011719,40000
10980,Nina - Sinh Tố Bùi Viện - Bùi Viện,Trà tắc xí muội ( Ly1 lít),"Nước đc đun sôi, pha chế chiết xuất từ máy Kangen Nhật",30000,0,0,0,Quận 1,Hồ Chí Minh,4.7,69,Sinh tố/Nước ép/Sữa,189,10.767149925231934,106.69291687011719,40000
10980,Nina - Sinh Tố Bùi Viện - Bùi Viện,RAU MÁ + SỮA ,Ly siêu tố khống lổ ,30000,2,0,0,Quận 1,Hồ Chí Minh,4.7,69,Sinh tố/Nước ép/Sữa,189,10.767149925231934,106.69291687011719,40000
10980,Nina - Sinh Tố Bùi Viện - Bùi Viện,RAU MÁ ĐƯỜNG ,Ly siêu tp khổng lồ ,20000,2,1,0,Quận 1,Hồ Chí Minh,4.7,69,Sinh tố/Nước ép/Sữa,189,10.767149925231934,106.69291687011719,40000
10980,Nina - Sinh Tố Bùi Viện - Bùi Viện,Trà Đường ( Ly 1 Lít),Nước đung sôi pha chế từ Máy Nước KANGEN,10000,0,0,0,Quận 1,Hồ Chí Minh,4.7,69,Sinh tố/Nước ép/Sữa,189,10.767149925231934,106.69291687011719,40000
10980,Nina - Sinh Tố Bùi Viện - Bùi Viện,Trà Đường +Cafe( Ly 1 Lít),"Nước đc đun sôi, Pha chế từ Máy Nước KANGEN",15000,0,0,0,Quận 1,Hồ Chí Minh,4.7,69,Sinh tố/Nước ép/Sữa,189,10.767149925231934,106.69291687011719,40000
7722,Bros Milk Tea - Lê Thị Riêng,Sữa tươi Matcha Uji (M)/Uji matcha latte ,Món chưa bao gồm topping,50000,118,1,0,Quận 1,Hồ Chí Minh,5.0,465,Trà sữa,189,10.771380424499512,106.69239044189453,42000
7722,Bros Milk Tea - Lê Thị Riêng,Lục trà bưởi hồng (M)/Grapefruit green tea,,40000,44,0,0,Quận 1,Hồ Chí Minh,5.0,465,Trà sữa,189,10.771380424499512,106.69239044189453,42000
7722,Bros Milk Tea - Lê Thị Riêng,Uji matcha chanh (M)/Uji matcha lemon,,40000,22,0,0,Quận 1,Hồ Chí Minh,5.0,465,Trà sữa,189,10.771380424499512,106.69239044189453,42000
7722,Bros Milk Tea - Lê Thị Riêng,Sữa tươi Matcha Uji (L)/Uji Matcha Latte,,60000,88,0,0,Quận 1,Hồ Chí Minh,5.0,465,Trà sữa,189,10.771380424499512,106.69239044189453,42000
7722,Bros Milk Tea - Lê Thị Riêng,Lục trà bưởi hồng (L)/Grapefruit green tea,,48000,39,2,0,Quận 1,Hồ Chí Minh,5.0,465,Trà sữa,189,10.771380424499512,106.69239044189453,42000
7722,Bros Milk Tea - Lê Thị Riêng,Uji Matcha chanh (L)/Uji Matcha Lemon,,48000,8,0,0,Quận 1,Hồ Chí Minh,5.0,465,Trà sữa,189,10.771380424499512,106.69239044189453,42000
7722,Bros Milk Tea - Lê Thị Riêng,Trà sữa signature Bros (M)/Bros signature milk tea,Món chưa bao gồm topping,37000,449,3,0,Quận 1,Hồ Chí Minh,5.0,465,Trà sữa,189,10.771380424499512,106.69239044189453,42000
7722,Bros Milk Tea - Lê Thị Riêng,Lục trà sữa mật ong (M)/Honey green milk tea,Món chưa bao gồm topping,37000,291,2,0,Quận 1,Hồ Chí Minh,5.0,465,Trà sữa,189,10.771380424499512,106.69239044189453,42000
7722,Bros Milk Tea - Lê Thị Riêng,Lục trà sữa Xoài (L)/Mango green milk tea,Món chưa bao gồm topping,52000,217,3,0,Quận 1,Hồ Chí Minh,5.0,465,Trà sữa,189,10.771380424499512,106.69239044189453,42000
7722,Bros Milk Tea - Lê Thị Riêng,Trà sữa truyền thống (M)/Original milk tea,Món chưa bao gồm topping,32000,69,0,0,Quận 1,Hồ Chí Minh,5.0,465,Trà sữa,189,10.771380424499512,106.69239044189453,42000
7722,Bros Milk Tea - Lê Thị Riêng,Trà sữa ô long (M)/Olong milk tea,Món chưa bao gồm topping,37000,51,0,0,Quận 1,Hồ Chí Minh,5.0,465,Trà sữa,189,10.771380424499512,106.69239044189453,42000
7722,Bros Milk Tea - Lê Thị Riêng,Lục trà sữa (M)/Green milk tea,Món chưa bao gồm topping,32000,72,1,0,Quận 1,Hồ Chí Minh,5.0,465,Trà sữa,189,10.771380424499512,106.69239044189453,42000
7722,Bros Milk Tea - Lê Thị Riêng,Trà sữa uyên ương (M)/Coffee milk tea,Món chưa bao gồm topping,37000,46,0,0,Quận 1,Hồ Chí Minh,5.0,465,Trà sữa,189,10.771380424499512,106.69239044189453,42000
7722,Bros Milk Tea - Lê Thị Riêng,Trà sữa Plus (M)/Plus milk tea,Món đậm trà vị sẽ hơi ngọt để trung hoà. Mặc định đá chung hoặc riêng (không thay đổi mức đường đá). Khách vui lòng cân nhắc trước khi order nha,39000,46,0,0,Quận 1,Hồ Chí Minh,5.0,465,Trà sữa,189,10.771380424499512,106.69239044189453,42000
7722,Bros Milk Tea - Lê Thị Riêng,Trà sữa cacao (M)/Cacao milk tea,Món chưa bao gồm topping,37000,48,0,0,Quận 1,Hồ Chí Minh,5.0,465,Trà sữa,189,10.771380424499512,106.69239044189453,42000
7722,Bros Milk Tea - Lê Thị Riêng,Trà sữa ô long mật ong (M)/Honey olong milk tea,Món chưa bao gồm topping,42000,21,0,0,Quận 1,Hồ Chí Minh,5.0,465,Trà sữa,189,10.771380424499512,106.69239044189453,42000
7722,Bros Milk Tea - Lê Thị Riêng,Trà sữa đào (M)/Peach milk tea,Món chưa bao gồm topping,37000,21,0,0,Quận 1,Hồ Chí Minh,5.0,465,Trà sữa,189,10.771380424499512,106.69239044189453,42000
7722,Bros Milk Tea - Lê Thị Riêng,Trà sữa mật ong (M)/Honey milk tea,Món chưa bao gồm topping,37000,18,0,0,Quận 1,Hồ Chí Minh,5.0,465,Trà sữa,189,10.771380424499512,106.69239044189453,42000
7722,Bros Milk Tea - Lê Thị Riêng,Trà sữa caramel (M)/Caramel milk tea,Món chưa bao gồm topping,37000,8,0,0,Quận 1,Hồ Chí Minh,5.0,465,Trà sữa,189,10.771380424499512,106.69239044189453,42000
7722,Bros Milk Tea - Lê Thị Riêng,Trà sữa chocolate (M)/Chocolate milk tea,Món chưa bao gồm topping,37000,21,0,0,Quận 1,Hồ Chí Minh,5.0,465,Trà sữa,189,10.771380424499512,106.69239044189453,42000
7722,Bros Milk Tea - Lê Thị Riêng,Trà sữa Plus (L)/Plus milk tea,Món thiên đậm trà nên độ ngọt sẽ khá cao để trung hoà (vừa uống) nên sẽ không thể thay đổi lượng đường đá. Quý khách vui lòng cân nhắc trước khi đặt món. BROS xin cảm ơn,48000,46,1,0,Quận 1,Hồ Chí Minh,5.0,465,Trà sữa,189,10.771380424499512,106.69239044189453,42000
7722,Bros Milk Tea - Lê Thị Riêng,Trà sữa truyền thống (L)/Original milk tea,Món chưa bao gồm topping,39000,91,0,0,Quận 1,Hồ Chí Minh,5.0,465,Trà sữa,189,10.771380424499512,106.69239044189453,42000
7722,Bros Milk Tea - Lê Thị Riêng,Trà sữa ô long (L)/Olong milk tea,Món chưa bao gồm topping,45000,67,0,0,Quận 1,Hồ Chí Minh,5.0,465,Trà sữa,189,10.771380424499512,106.69239044189453,42000
7722,Bros Milk Tea - Lê Thị Riêng,Lục trà sữa (L)/Green milk tea,Món chưa bao gồm topping,39000,110,0,0,Quận 1,Hồ Chí Minh,5.0,465,Trà sữa,189,10.771380424499512,106.69239044189453,42000
7722,Bros Milk Tea - Lê Thị Riêng,Trà sữa uyên ương (L)/Coffee milk tea,Món chưa bao gồm topping,45000,35,0,0,Quận 1,Hồ Chí Minh,5.0,465,Trà sữa,189,10.771380424499512,106.69239044189453,42000
7722,Bros Milk Tea - Lê Thị Riêng,Trà sữa Cacao (L)/Cacao milk tea,Món chưa bao gồm topping,45000,48,0,0,Quận 1,Hồ Chí Minh,5.0,465,Trà sữa,189,10.771380424499512,106.69239044189453,42000
7722,Bros Milk Tea - Lê Thị Riêng,Trà sữa ô long mật ong (L)/Honey olong milk tea,Món chưa bao gồm topping,52000,23,0,0,Quận 1,Hồ Chí Minh,5.0,465,Trà sữa,189,10.771380424499512,106.69239044189453,42000
7722,Bros Milk Tea - Lê Thị Riêng,Trà sữa đào (L)/Peach milk tea,Món chưa bao gồm topping,45000,22,1,0,Quận 1,Hồ Chí Minh,5.0,465,Trà sữa,189,10.771380424499512,106.69239044189453,42000
7722,Bros Milk Tea - Lê Thị Riêng,Trà sữa mật ong (L)/Honey milk tea,Món chưa bao gồm topping,45000,29,1,0,Quận 1,Hồ Chí Minh,5.0,465,Trà sữa,189,10.771380424499512,106.69239044189453,42000
7722,Bros Milk Tea - Lê Thị Riêng,Trà sữa Caramel (L)/Caramel milk tea,Món chưa bao gồm topping,45000,12,0,0,Quận 1,Hồ Chí Minh,5.0,465,Trà sữa,189,10.771380424499512,106.69239044189453,42000
7722,Bros Milk Tea - Lê Thị Riêng,Trà sữa Chocolate (L)/Chocolate milk tea,Món chưa bao gồm topping,45000,16,0,0,Quận 1,Hồ Chí Minh,5.0,465,Trà sữa,189,10.771380424499512,106.69239044189453,42000
7722,Bros Milk Tea - Lê Thị Riêng,Lục trà sữa mật ong (L)/Honey green milk tea,Món chưa bao gồm topping,45000,242,1,0,Quận 1,Hồ Chí Minh,5.0,465,Trà sữa,189,10.771380424499512,106.69239044189453,42000
7722,Bros Milk Tea - Lê Thị Riêng,Trà sữa Signature Bros (L)/Bros Signature milk tea,Món chưa bao gồm topping,45000,208,0,0,Quận 1,Hồ Chí Minh,5.0,465,Trà sữa,189,10.771380424499512,106.69239044189453,42000
7722,Bros Milk Tea - Lê Thị Riêng,Lục trà sữa Xoài (M)/Mango green milk tea,Món chưa bao gồm topping,42000,189,0,0,Quận 1,Hồ Chí Minh,5.0,465,Trà sữa,189,10.771380424499512,106.69239044189453,42000
7722,Bros Milk Tea - Lê Thị Riêng,Lục trà xoài (M)/Mango green tea,Món chưa bao gồm topping,37000,100,0,0,Quận 1,Hồ Chí Minh,5.0,465,Trà sữa,189,10.771380424499512,106.69239044189453,42000
7722,Bros Milk Tea - Lê Thị Riêng,Lục trà mật ong (M)/Honey green tea,Món chưa bao gồm topping,32000,41,0,0,Quận 1,Hồ Chí Minh,5.0,465,Trà sữa,189,10.771380424499512,106.69239044189453,42000
7722,Bros Milk Tea - Lê Thị Riêng,Lục trà chanh mật ong (M)/Honey lemon green tea,Món chưa bao gồm topping,40000,31,0,0,Quận 1,Hồ Chí Minh,5.0,465,Trà sữa,189,10.771380424499512,106.69239044189453,42000
7722,Bros Milk Tea - Lê Thị Riêng,Lục trà lài (M)/Green tea ,Món chưa bao gồm topping,27000,23,0,0,Quận 1,Hồ Chí Minh,5.0,465,Trà sữa,189,10.771380424499512,106.69239044189453,42000
7722,Bros Milk Tea - Lê Thị Riêng,Hồng trà chanh mật ong (M)/Honey lemon black tea,Món chưa bao gồm topping,40000,19,0,0,Quận 1,Hồ Chí Minh,5.0,465,Trà sữa,189,10.771380424499512,106.69239044189453,42000
7722,Bros Milk Tea - Lê Thị Riêng,Hồng trà (M)/Black tea,Món chưa bao gồm topping,27000,19,0,0,Quận 1,Hồ Chí Minh,5.0,465,Trà sữa,189,10.771380424499512,106.69239044189453,42000
7722,Bros Milk Tea - Lê Thị Riêng,Hồng trà mật ong (M)/Honey black tea,Món chưa bao gồm topping,32000,25,0,0,Quận 1,Hồ Chí Minh,5.0,465,Trà sữa,189,10.771380424499512,106.69239044189453,42000
7722,Bros Milk Tea - Lê Thị Riêng,Trà vải (M)/Lychee tea,Món chưa bao gồm topping,35000,18,0,0,Quận 1,Hồ Chí Minh,5.0,465,Trà sữa,189,10.771380424499512,106.69239044189453,42000
7722,Bros Milk Tea - Lê Thị Riêng,Lục trà chanh dây (M)/Passion fruit green tea,Món chưa bao gồm topping,37000,27,0,0,Quận 1,Hồ Chí Minh,5.0,465,Trà sữa,189,10.771380424499512,106.69239044189453,42000
7722,Bros Milk Tea - Lê Thị Riêng,Lục trà ổi (M)/Guava green tea,Món chưa bao gồm topping,40000,26,1,0,Quận 1,Hồ Chí Minh,5.0,465,Trà sữa,189,10.771380424499512,106.69239044189453,42000
7722,Bros Milk Tea - Lê Thị Riêng,Trà đào (M)/Peach tea,Món chưa bao gồm topping,35000,9,0,0,Quận 1,Hồ Chí Minh,5.0,465,Trà sữa,189,10.771380424499512,106.69239044189453,42000
7722,Bros Milk Tea - Lê Thị Riêng,Trà ô long mật ong (M)/Honey Olong tea,Món chưa bao gồm topping,37000,7,0,0,Quận 1,Hồ Chí Minh,5.0,465,Trà sữa,189,10.771380424499512,106.69239044189453,42000
7722,Bros Milk Tea - Lê Thị Riêng,Hồng trà chanh (M)/Lemon black tea,Món chưa bao gồm topping,35000,14,0,0,Quận 1,Hồ Chí Minh,5.0,465,Trà sữa,189,10.771380424499512,106.69239044189453,42000
7722,Bros Milk Tea - Lê Thị Riêng,Trà ô long xanh (M)/Olong green tea,Món chưa bao gồm topping,32000,8,0,0,Quận 1,Hồ Chí Minh,5.0,465,Trà sữa,189,10.771380424499512,106.69239044189453,42000
7722,Bros Milk Tea - Lê Thị Riêng,Lục trà chanh (L)/Lemon green tea,Món chưa bao gồm topping,42000,7,0,0,Quận 1,Hồ Chí Minh,5.0,465,Trà sữa,189,10.771380424499512,106.69239044189453,42000
7722,Bros Milk Tea - Lê Thị Riêng,Nước chanh mật ong (M)/Honey lemon water,Món chưa bao gồm topping,35000,1,0,0,Quận 1,Hồ Chí Minh,5.0,465,Trà sữa,189,10.771380424499512,106.69239044189453,42000
7722,Bros Milk Tea - Lê Thị Riêng,Nước chanh mật ong (L)/Honey lemon water,Món chưa bao gồm topping,42000,5,0,0,Quận 1,Hồ Chí Minh,5.0,465,Trà sữa,189,10.771380424499512,106.69239044189453,42000
7722,Bros Milk Tea - Lê Thị Riêng,Lục trà xoài (L)/Mango green tea,Món chưa bao gồm topping,45000,71,2,0,Quận 1,Hồ Chí Minh,5.0,465,Trà sữa,189,10.771380424499512,106.69239044189453,42000
7722,Bros Milk Tea - Lê Thị Riêng,Lục trà mật ong (L)/Honey green tea,Món chưa bao gồm topping,38000,40,0,0,Quận 1,Hồ Chí Minh,5.0,465,Trà sữa,189,10.771380424499512,106.69239044189453,42000
7722,Bros Milk Tea - Lê Thị Riêng,Lục trà chanh mật ong (L)/Honey lemon green tea ,Món chưa bao gồm topping,48000,20,0,0,Quận 1,Hồ Chí Minh,5.0,465,Trà sữa,189,10.771380424499512,106.69239044189453,42000
7722,Bros Milk Tea - Lê Thị Riêng,Lục trà lài (L)/Green tea,Món chưa bao gồm topping,32000,27,0,0,Quận 1,Hồ Chí Minh,5.0,465,Trà sữa,189,10.771380424499512,106.69239044189453,42000
7722,Bros Milk Tea - Lê Thị Riêng,Hồng trà chanh mật ong (L)/Honey lemon black tea,Món chưa bao gồm topping,48000,19,0,0,Quận 1,Hồ Chí Minh,5.0,465,Trà sữa,189,10.771380424499512,106.69239044189453,42000
7722,Bros Milk Tea - Lê Thị Riêng,Hồng trà (L)/Black tea,Món chưa bao gồm topping,32000,17,1,0,Quận 1,Hồ Chí Minh,5.0,465,Trà sữa,189,10.771380424499512,106.69239044189453,42000
7722,Bros Milk Tea - Lê Thị Riêng,Hồng trà mật ong (L)/Honey black tea,Món chưa bao gồm topping,38000,13,1,0,Quận 1,Hồ Chí Minh,5.0,465,Trà sữa,189,10.771380424499512,106.69239044189453,42000
7722,Bros Milk Tea - Lê Thị Riêng,Trà vải (L)/Lychee tea,Món chưa bao gồm topping,42000,13,0,0,Quận 1,Hồ Chí Minh,5.0,465,Trà sữa,189,10.771380424499512,106.69239044189453,42000
7722,Bros Milk Tea - Lê Thị Riêng,Trà ô long mật ong (L)/ Honey olong tea,Món chưa bao gồm topping,45000,8,0,0,Quận 1,Hồ Chí Minh,5.0,465,Trà sữa,189,10.771380424499512,106.69239044189453,42000
7722,Bros Milk Tea - Lê Thị Riêng,Trà đào (L)/Peach tea,Món chưa bao gồm topping,42000,5,0,0,Quận 1,Hồ Chí Minh,5.0,465,Trà sữa,189,10.771380424499512,106.69239044189453,42000
7722,Bros Milk Tea - Lê Thị Riêng,Hồng trà chanh (L)/Lemon black tea,Món chưa bao gồm topping,42000,4,0,0,Quận 1,Hồ Chí Minh,5.0,465,Trà sữa,189,10.771380424499512,106.69239044189453,42000
7722,Bros Milk Tea - Lê Thị Riêng,Trà ô long xanh (L)/Olong green tea,Món chưa bao gồm topping,38000,8,0,0,Quận 1,Hồ Chí Minh,5.0,465,Trà sữa,189,10.771380424499512,106.69239044189453,42000
7722,Bros Milk Tea - Lê Thị Riêng,Lục trà chanh dây (L)/Passion fruit green tea,Món chưa bao gồm topping,45000,22,0,0,Quận 1,Hồ Chí Minh,5.0,465,Trà sữa,189,10.771380424499512,106.69239044189453,42000
7722,Bros Milk Tea - Lê Thị Riêng,Lục trà ổi (L)/Guava green tea,Món chưa bao gồm topping,48000,13,0,0,Quận 1,Hồ Chí Minh,5.0,465,Trà sữa,189,10.771380424499512,106.69239044189453,42000
7722,Bros Milk Tea - Lê Thị Riêng,Lục trà chanh (M)/Lemon green tea,Món chưa bao gồm topping,42000,4,0,0,Quận 1,Hồ Chí Minh,5.0,465,Trà sữa,189,10.771380424499512,106.69239044189453,42000
7722,Bros Milk Tea - Lê Thị Riêng,Trà bí đao (M)/Winter melon tea,Món chưa bao gồm topping,27000,25,0,0,Quận 1,Hồ Chí Minh,5.0,465,Trà sữa,189,10.771380424499512,106.69239044189453,42000
7722,Bros Milk Tea - Lê Thị Riêng,Hồng trà bí đao (M)/Winter melon black tea,Món chưa bao gồm topping,32000,6,0,0,Quận 1,Hồ Chí Minh,5.0,465,Trà sữa,189,10.771380424499512,106.69239044189453,42000
7722,Bros Milk Tea - Lê Thị Riêng,Trà ô long bí đao (M)/Winter melon olong tea,Món chưa bao gồm topping,35000,3,0,0,Quận 1,Hồ Chí Minh,5.0,465,Trà sữa,189,10.771380424499512,106.69239044189453,42000
7722,Bros Milk Tea - Lê Thị Riêng,Trà chanh bí đao (M)/Lemon winter melon tea,Món chưa bao gồm topping,35000,4,0,0,Quận 1,Hồ Chí Minh,5.0,465,Trà sữa,189,10.771380424499512,106.69239044189453,42000
7722,Bros Milk Tea - Lê Thị Riêng,Bí đao sữa tươi (M)/Winter melon latte,Món chưa bao gồm topping,40000,4,0,0,Quận 1,Hồ Chí Minh,5.0,465,Trà sữa,189,10.771380424499512,106.69239044189453,42000
7722,Bros Milk Tea - Lê Thị Riêng,Trà bí đao (L)/Winter melon tea,Món chưa bao gồm topping,32000,14,0,0,Quận 1,Hồ Chí Minh,5.0,465,Trà sữa,189,10.771380424499512,106.69239044189453,42000
7722,Bros Milk Tea - Lê Thị Riêng,Hồng trà bí đao (L)/Winter melon black tea,Món chưa bao gồm topping,38000,2,0,0,Quận 1,Hồ Chí Minh,5.0,465,Trà sữa,189,10.771380424499512,106.69239044189453,42000
7722,Bros Milk Tea - Lê Thị Riêng,Trà olong bí đao (L)/ Winter melon olong tea,Món chưa bao gồm topping,42000,3,0,0,Quận 1,Hồ Chí Minh,5.0,465,Trà sữa,189,10.771380424499512,106.69239044189453,42000
7722,Bros Milk Tea - Lê Thị Riêng,Trà chanh bí đao (L)/Lemon winter melon tea,Món chưa bao gồm topping,42000,4,0,0,Quận 1,Hồ Chí Minh,5.0,465,Trà sữa,189,10.771380424499512,106.69239044189453,42000
7722,Bros Milk Tea - Lê Thị Riêng,Bí đao sữa tươi (L)/Winter melon latte,Món chưa bao gồm topping,51000,2,0,0,Quận 1,Hồ Chí Minh,5.0,465,Trà sữa,189,10.771380424499512,106.69239044189453,42000
7722,Bros Milk Tea - Lê Thị Riêng,Sữa tươi trân châu đen (M)/Black bubble fresh milk,Món đã bao gồm 1 phần trân châu đen.,45000,17,1,0,Quận 1,Hồ Chí Minh,5.0,465,Trà sữa,189,10.771380424499512,106.69239044189453,42000
7722,Bros Milk Tea - Lê Thị Riêng,Hồng trà sữa tươi (M)/Black tea latte,Món chưa bao gồm topping,40000,12,0,0,Quận 1,Hồ Chí Minh,5.0,465,Trà sữa,189,10.771380424499512,106.69239044189453,42000
7722,Bros Milk Tea - Lê Thị Riêng,Cacao sữa tươi (M)/Cacao latte,Món chưa bao gồm topping,45000,10,0,0,Quận 1,Hồ Chí Minh,5.0,465,Trà sữa,189,10.771380424499512,106.69239044189453,42000
7722,Bros Milk Tea - Lê Thị Riêng,Lục trà sữa tươi (M)/Green tea latte,Món chưa bao gồm topping,40000,4,0,0,Quận 1,Hồ Chí Minh,5.0,465,Trà sữa,189,10.771380424499512,106.69239044189453,42000
7722,Bros Milk Tea - Lê Thị Riêng,Ô long sữa tươi (M)/Olong latte,Món chưa bao gồm topping,45000,4,0,0,Quận 1,Hồ Chí Minh,5.0,465,Trà sữa,189,10.771380424499512,106.69239044189453,42000
7722,Bros Milk Tea - Lê Thị Riêng,Lục trà mật ong sữa tươi (M)/Honey green tea latte,Món chưa bao gồm topping,45000,2,1,0,Quận 1,Hồ Chí Minh,5.0,465,Trà sữa,189,10.771380424499512,106.69239044189453,42000
7722,Bros Milk Tea - Lê Thị Riêng,Hồng trà mật ong latte (M)/Honey black tea latte,Món chưa bao gồm topping,45000,2,0,0,Quận 1,Hồ Chí Minh,5.0,465,Trà sữa,189,10.771380424499512,106.69239044189453,42000
7722,Bros Milk Tea - Lê Thị Riêng,Ô long mật ong latte (M)/Honey Olong tea latte,Món chưa bao gồm topping,50000,0,0,0,Quận 1,Hồ Chí Minh,5.0,465,Trà sữa,189,10.771380424499512,106.69239044189453,42000
7722,Bros Milk Tea - Lê Thị Riêng,Sữa tươi trân châu đen (L)/Black bubble fresh milk,Món đã có sẵn 1 phần trân châu đen.,57000,0,0,0,Quận 1,Hồ Chí Minh,5.0,465,Trà sữa,189,10.771380424499512,106.69239044189453,42000
7722,Bros Milk Tea - Lê Thị Riêng,Hồng trà sữa tươi (L)/Black bubble fresh milk,Món chưa bao gồm topping,52000,6,1,0,Quận 1,Hồ Chí Minh,5.0,465,Trà sữa,189,10.771380424499512,106.69239044189453,42000
7722,Bros Milk Tea - Lê Thị Riêng,Cacao sữa tươi (L)/Cacao latte,Món chưa bao gồm topping,57000,8,0,0,Quận 1,Hồ Chí Minh,5.0,465,Trà sữa,189,10.771380424499512,106.69239044189453,42000
7722,Bros Milk Tea - Lê Thị Riêng,Lục trà sữa tươi (L)/Green tea latte,Món chưa bao gồm topping,52000,2,0,0,Quận 1,Hồ Chí Minh,5.0,465,Trà sữa,189,10.771380424499512,106.69239044189453,42000
7722,Bros Milk Tea - Lê Thị Riêng,Ô long sữa tươi (L)/Olong latte,Món chưa bao gồm topping,57000,3,0,0,Quận 1,Hồ Chí Minh,5.0,465,Trà sữa,189,10.771380424499512,106.69239044189453,42000
7722,Bros Milk Tea - Lê Thị Riêng,Lục trà mật ong sữa tươi (L)/Honey green tea latte,Món chưa bao gồm topping,57000,3,0,0,Quận 1,Hồ Chí Minh,5.0,465,Trà sữa,189,10.771380424499512,106.69239044189453,42000
7722,Bros Milk Tea - Lê Thị Riêng,Hồng trà mật ong latte (L)/Honey black tea latte,Món chưa bao gồm topping,57000,0,0,0,Quận 1,Hồ Chí Minh,5.0,465,Trà sữa,189,10.771380424499512,106.69239044189453,42000
7722,Bros Milk Tea - Lê Thị Riêng,Ô long mật ong latte (L)/Honey olong tea latte,Món chưa bao gồm topping,60000,4,0,0,Quận 1,Hồ Chí Minh,5.0,465,Trà sữa,189,10.771380424499512,106.69239044189453,42000
7722,Bros Milk Tea - Lê Thị Riêng,Trà sữa macchiato (M)/Milk tea macchiato,Món chưa bao gồm topping. Mặt định đá chung/topping chung/Macchiato chung,42000,8,0,0,Quận 1,Hồ Chí Minh,5.0,465,Trà sữa,189,10.771380424499512,106.69239044189453,42000
7722,Bros Milk Tea - Lê Thị Riêng,Hồng trà macchiato (M)/Black tea macchiato,Món chưa bao gồm topping. Mặt định đá chung/topping chung/Macchiato chung,37000,14,0,0,Quận 1,Hồ Chí Minh,5.0,465,Trà sữa,189,10.771380424499512,106.69239044189453,42000
7722,Bros Milk Tea - Lê Thị Riêng,Lục trà sữa macchiato (M)/Green milk tea macchiato,Món chưa bao gồm topping. Mặt định đá chung/topping chung/Macchiato chung,42000,4,0,0,Quận 1,Hồ Chí Minh,5.0,465,Trà sữa,189,10.771380424499512,106.69239044189453,42000
7722,Bros Milk Tea - Lê Thị Riêng,Ô long sữa macchiato (M)/Olong milk tea macchiato,Món chưa bao gồm topping. Mặt định đá chung/topping chung/Macchiato chung,47000,4,0,0,Quận 1,Hồ Chí Minh,5.0,465,Trà sữa,189,10.771380424499512,106.69239044189453,42000
7722,Bros Milk Tea - Lê Thị Riêng,Cacao macchiato (M),Món chưa bao gồm topping. Mặt định đá chung/topping chung/Macchiato chung,42000,4,0,0,Quận 1,Hồ Chí Minh,5.0,465,Trà sữa,189,10.771380424499512,106.69239044189453,42000
7722,Bros Milk Tea - Lê Thị Riêng,Lục trà macchiato (M)/Green tea macchiato,Món chưa bao gồm topping. Mặt định đá chung/topping chung/Macchiato chung,37000,3,0,0,Quận 1,Hồ Chí Minh,5.0,465,Trà sữa,189,10.771380424499512,106.69239044189453,42000
7722,Bros Milk Tea - Lê Thị Riêng,Trà sữa uyên ương macchiato (M)/Coffee milk tea macchiato,Món chưa bao gồm topping. Mặt định đá chung/topping chung/Macchiato chung,47000,1,0,0,Quận 1,Hồ Chí Minh,5.0,465,Trà sữa,189,10.771380424499512,106.69239044189453,42000
7722,Bros Milk Tea - Lê Thị Riêng,Trà ô long macchiato (M)/Olong tea macchiato,Món chưa bao gồm topping. Mặt định đá chung/topping chung/Macchiato chung,42000,5,0,0,Quận 1,Hồ Chí Minh,5.0,465,Trà sữa,189,10.771380424499512,106.69239044189453,42000
7722,Bros Milk Tea - Lê Thị Riêng,Lục trà sữa xoài macchiato (M)/Mango green milk tea macchiato,Món chưa bao gồm topping. Mặt định đá chung/topping chung/Macchiato chung,54000,5,0,0,Quận 1,Hồ Chí Minh,5.0,465,Trà sữa,189,10.771380424499512,106.69239044189453,42000
7722,Bros Milk Tea - Lê Thị Riêng,Trà sữa macchiato (L)/Milk tea macchiato ,Món chưa bao gồm topping. Mặt định đá chung/topping chung,54000,8,0,0,Quận 1,Hồ Chí Minh,5.0,465,Trà sữa,189,10.771380424499512,106.69239044189453,42000
7722,Bros Milk Tea - Lê Thị Riêng,Hồng trà macchiato (L)/Black tea macchiato,Món chưa bao gồm topping. Mặt định đá chung/Topping chung,47000,10,0,0,Quận 1,Hồ Chí Minh,5.0,465,Trà sữa,189,10.771380424499512,106.69239044189453,42000
7722,Bros Milk Tea - Lê Thị Riêng,Lục trà sữa macchiato (L)/Green milk tea macchiato,Món chưa bao gồm topping. Mặt định đá chung/topping chung,54000,8,0,0,Quận 1,Hồ Chí Minh,5.0,465,Trà sữa,189,10.771380424499512,106.69239044189453,42000
7722,Bros Milk Tea - Lê Thị Riêng,Ô long sữa macchiato (L)/Olong milk tea macchiato,Món chưa bao gồm topping. Mặt định đá chung/topping chung,60000,2,0,0,Quận 1,Hồ Chí Minh,5.0,465,Trà sữa,189,10.771380424499512,106.69239044189453,42000
7722,Bros Milk Tea - Lê Thị Riêng,Cacao Macchiato (L),Món chưa bao gồm topping. Mặt định đá chung/topping chung/Macchiato chung,52000,3,0,0,Quận 1,Hồ Chí Minh,5.0,465,Trà sữa,189,10.771380424499512,106.69239044189453,42000
7722,Bros Milk Tea - Lê Thị Riêng,Lục trà macchiato (L)/Green tea macchiato,Món chưa bao gồm topping. Mặt định đá chung/topping chung/Macchiato chung,47000,4,0,0,Quận 1,Hồ Chí Minh,5.0,465,Trà sữa,189,10.771380424499512,106.69239044189453,42000
7722,Bros Milk Tea - Lê Thị Riêng,Trà sữa uyên ương macchiato (L)/Coffee milk tea macchiato,Món chưa bao gồm topping. Mặt định đá chung/topping chung/Macchiato chung,60000,2,0,0,Quận 1,Hồ Chí Minh,5.0,465,Trà sữa,189,10.771380424499512,106.69239044189453,42000
7722,Bros Milk Tea - Lê Thị Riêng,Trà ô long macchiato (L)/Olong tea macchiato,Món chưa bao gồm topping. Mặt định đá chung/topping chung/Macchiato chung,53000,1,0,0,Quận 1,Hồ Chí Minh,5.0,465,Trà sữa,189,10.771380424499512,106.69239044189453,42000
7722,Bros Milk Tea - Lê Thị Riêng,Lục sữa xoài macchiato (L)/Mango green milk tea macchiato,Món chưa bao gồm topping. Mặt định đá chung/topping chung/Macchiato chung,68000,6,1,0,Quận 1,Hồ Chí Minh,5.0,465,Trà sữa,189,10.771380424499512,106.69239044189453,42000
7722,Bros Milk Tea - Lê Thị Riêng,Cà phê sữa Đà Lạt (M)/Vietnamese milk coffee,Món chưa bao gồm topping,25000,7,0,0,Quận 1,Hồ Chí Minh,5.0,465,Trà sữa,189,10.771380424499512,106.69239044189453,42000
7722,Bros Milk Tea - Lê Thị Riêng,Cà phê đen Đà Lạt (M)/Dalat black coffee,Món chưa bao gồm topping,22000,3,0,0,Quận 1,Hồ Chí Minh,5.0,465,Trà sữa,189,10.771380424499512,106.69239044189453,42000
7722,Bros Milk Tea - Lê Thị Riêng,Cà phê sữa tươi Đà Lạt (M)/Dalat coffee latte,Món chưa bao gồm topping,35000,11,1,0,Quận 1,Hồ Chí Minh,5.0,465,Trà sữa,189,10.771380424499512,106.69239044189453,42000
7722,Bros Milk Tea - Lê Thị Riêng,Cà phê sữa Đà Lạt (L)/Vietnamese milk coffee,Món chưa bao gồm topping,35000,10,0,0,Quận 1,Hồ Chí Minh,5.0,465,Trà sữa,189,10.771380424499512,106.69239044189453,42000
7722,Bros Milk Tea - Lê Thị Riêng,Cà phê đen Đà Lạt (L)/Dalat black coffee,Món chưa bao gồm topping,29000,2,0,0,Quận 1,Hồ Chí Minh,5.0,465,Trà sữa,189,10.771380424499512,106.69239044189453,42000
7722,Bros Milk Tea - Lê Thị Riêng,Cà phê sữa tươi Đà Lạt (L)/Dalat coffee latte,Món chưa bao gồm topping,45000,8,0,0,Quận 1,Hồ Chí Minh,5.0,465,Trà sữa,189,10.771380424499512,106.69239044189453,42000
7722,Bros Milk Tea - Lê Thị Riêng,Bạc xĩu Đà Lạt (M)/Dalat white coffee,Món chưa bao gồm topping,32000,3,0,0,Quận 1,Hồ Chí Minh,5.0,465,Trà sữa,189,10.771380424499512,106.69239044189453,42000
7722,Bros Milk Tea - Lê Thị Riêng,Bạc xỉu Đà Lạt (L)/Dalat white coffee,Món chưa bao gồm topping,42000,10,0,0,Quận 1,Hồ Chí Minh,5.0,465,Trà sữa,189,10.771380424499512,106.69239044189453,42000
7722,Bros Milk Tea - Lê Thị Riêng,Xoài yakult (M)/Mango yakult,Món chưa bao gồm topping,45000,1,0,0,Quận 1,Hồ Chí Minh,5.0,465,Trà sữa,189,10.771380424499512,106.69239044189453,42000
7722,Bros Milk Tea - Lê Thị Riêng,Lục trà yakult (M)/Yakult green tea,Món chưa bao gồm topping,37000,1,0,0,Quận 1,Hồ Chí Minh,5.0,465,Trà sữa,189,10.771380424499512,106.69239044189453,42000
7722,Bros Milk Tea - Lê Thị Riêng,Đào yakult (M)/Peach Yakult,Món chưa bao gồm topping,40000,0,0,0,Quận 1,Hồ Chí Minh,5.0,465,Trà sữa,189,10.771380424499512,106.69239044189453,42000
7722,Bros Milk Tea - Lê Thị Riêng,Lục trà chanh yakult (M)/Lemon yakult green tea,Món chưa bao gồm topping,42000,0,0,0,Quận 1,Hồ Chí Minh,5.0,465,Trà sữa,189,10.771380424499512,106.69239044189453,42000
7722,Bros Milk Tea - Lê Thị Riêng,Yakult soda (M),Món chưa bao gồm topping,35000,0,0,0,Quận 1,Hồ Chí Minh,5.0,465,Trà sữa,189,10.771380424499512,106.69239044189453,42000
7722,Bros Milk Tea - Lê Thị Riêng,Xoài Yakult (L)/Mango Yakult,Món chưa bao gồm topping,57000,0,0,0,Quận 1,Hồ Chí Minh,5.0,465,Trà sữa,189,10.771380424499512,106.69239044189453,42000
7722,Bros Milk Tea - Lê Thị Riêng,Lục trà yakult (L)/Yakult green tea,Món chưa bao gồm topping,45000,1,0,0,Quận 1,Hồ Chí Minh,5.0,465,Trà sữa,189,10.771380424499512,106.69239044189453,42000
7722,Bros Milk Tea - Lê Thị Riêng,Đào Yakult (L)/Peach Yakult,Món chưa bao gồm topping,51000,0,0,0,Quận 1,Hồ Chí Minh,5.0,465,Trà sữa,189,10.771380424499512,106.69239044189453,42000
7722,Bros Milk Tea - Lê Thị Riêng,Lục trà chanh yakult (L)/Lemon green tea yakult,Món chưa bao gồm topping,51000,0,0,0,Quận 1,Hồ Chí Minh,5.0,465,Trà sữa,189,10.771380424499512,106.69239044189453,42000
7722,Bros Milk Tea - Lê Thị Riêng,Yakult Soda (L),Món chưa bao gồm topping,42000,1,0,0,Quận 1,Hồ Chí Minh,5.0,465,Trà sữa,189,10.771380424499512,106.69239044189453,42000
25585,Rarities Coffee Brewery - Hòa Hưng,Cold Brew Arabica Ethiopia ,"Cà phê ủ lạnh Arabica Ethiopia: Hương Hoa trắng, Cam chanh, độ chua cao, ngọt dịu. Sản phẩm mặc định CÓ ĐƯỜNG.",60000,32,0,0,Quận 10,Hồ Chí Minh,5.0,29,Cà Phê/Trà,189,10.780110359191895,106.67637634277344,55000
25585,Rarities Coffee Brewery - Hòa Hưng,Cold Brew Arabica Colombia,"Cà phê ủ lạnh Arabica Colombia: Hương trái cây, Cacao sữa, Trà đen, độ ngọt cao, chua thanh, hậu vị dài. Sản phẩm mặc định CÓ ĐƯỜNG.",55000,14,2,0,Quận 10,Hồ Chí Minh,5.0,29,Cà Phê/Trà,189,10.780110359191895,106.67637634277344,55000
25585,Rarities Coffee Brewery - Hòa Hưng,Cold Brew Arabica Cầu Đất,"Cà phê ủ lạnh Arabica Cầu Đất: Hương Caramel, Mật mía, chua nhẹ, ít đắng, ngọt tự nhiên. Sản phẩm mặc định CÓ ĐƯỜNG.",50000,27,0,0,Quận 10,Hồ Chí Minh,5.0,29,Cà Phê/Trà,189,10.780110359191895,106.67637634277344,55000
25585,Rarities Coffee Brewery - Hòa Hưng,Cold Brew Latte,"Cà phê ủ lạnh, Sữa tươi. Sản phẩm mặc định CÓ ĐƯỜNG.",50000,4,0,0,Quận 10,Hồ Chí Minh,5.0,29,Cà Phê/Trà,189,10.780110359191895,106.67637634277344,55000
25585,Rarities Coffee Brewery - Hòa Hưng,White Cold Brew,"Cà phê ủ lạnh sữa béo. Sản phẩm có Độ ngọt nhất định, không thể làm KHÔNG NGỌT.",50000,3,0,0,Quận 10,Hồ Chí Minh,5.0,29,Cà Phê/Trà,189,10.780110359191895,106.67637634277344,55000
25585,Rarities Coffee Brewery - Hòa Hưng,Brown Cold Brew,"Cà phê ủ lạnh Đường Nâu. Sản phẩm có Độ ngọt nhất định, không thể làm KHÔNG NGỌT.",50000,0,0,0,Quận 10,Hồ Chí Minh,5.0,29,Cà Phê/Trà,189,10.780110359191895,106.67637634277344,55000
25585,Rarities Coffee Brewery - Hòa Hưng,Cold Brew Sweet Cream,"Cà phê ủ lạnh, Bông Kem Sữa. Sản phẩm mặc định CÓ ĐƯỜNG.",50000,10,1,0,Quận 10,Hồ Chí Minh,5.0,29,Cà Phê/Trà,189,10.780110359191895,106.67637634277344,55000
25585,Rarities Coffee Brewery - Hòa Hưng,Cold Brew Vanilla Honey,"Cà phê ủ lạnh Vani Mật Ong. Sản phẩm có Độ ngọt nhất định, không thể làm KHÔNG NGỌT.",55000,2,0,0,Quận 10,Hồ Chí Minh,5.0,29,Cà Phê/Trà,189,10.780110359191895,106.67637634277344,55000
25585,Rarities Coffee Brewery - Hòa Hưng,Vanilla Cold Brew Latte,"Cà phê ủ lạnh sữa Vanilla. Sản phẩm có Độ ngọt nhất định, không thể làm KHÔNG NGỌT.",55000,5,0,0,Quận 10,Hồ Chí Minh,5.0,29,Cà Phê/Trà,189,10.780110359191895,106.67637634277344,55000
25585,Rarities Coffee Brewery - Hòa Hưng,Cold Brew Fine Robusta Krông Năng,"Cà phê ủ lạnh Fine Robusta Krông Năng: Hương Trái Cây Chín, Caramel, Ít chua, Đắng nhẹ. Sản phẩm mặc định CÓ ĐƯỜNG.",45000,7,0,0,Quận 10,Hồ Chí Minh,5.0,29,Cà Phê/Trà,189,10.780110359191895,106.67637634277344,55000
25585,Rarities Coffee Brewery - Hòa Hưng,Fine Robusta - Black Coffee (Hot/ Ice),Cà Phê Đen (Nóng/ Đá) - Robusta Chất lượng cao. Sản phẩm mặc định CÓ ĐƯỜNG.,40000,20,0,0,Quận 10,Hồ Chí Minh,5.0,29,Cà Phê/Trà,189,10.780110359191895,106.67637634277344,55000
25585,Rarities Coffee Brewery - Hòa Hưng,Fine Robusta - Brown Coffee (Hot/ Ice),Cà Phê Sữa (Nóng/ Đá) - Robusta Chất lượng cao,45000,20,0,0,Quận 10,Hồ Chí Minh,5.0,29,Cà Phê/Trà,189,10.780110359191895,106.67637634277344,55000
25585,Rarities Coffee Brewery - Hòa Hưng,Fine Robusta - White Coffee (Hot/ Ice),Bạc Xỉu (Nóng/ Đá) - Robusta Chất lượng cao,45000,24,0,0,Quận 10,Hồ Chí Minh,5.0,29,Cà Phê/Trà,189,10.780110359191895,106.67637634277344,55000
25585,Rarities Coffee Brewery - Hòa Hưng,Fine Robusta - Americano (Hot/ Ice),Cà phê Americano (Nóng/ Đá) - Robusta Chất lượng cao. Sản phẩm mặc định CÓ ĐƯỜNG.,45000,8,0,0,Quận 10,Hồ Chí Minh,5.0,29,Cà Phê/Trà,189,10.780110359191895,106.67637634277344,55000
25585,Rarities Coffee Brewery - Hòa Hưng,White Coffee Jelly ,"Bạc Xỉu Thạch cà phê. Sản phẩm có Độ ngọt nhất định, không thể làm KHÔNG NGỌT.",50000,4,0,0,Quận 10,Hồ Chí Minh,5.0,29,Cà Phê/Trà,189,10.780110359191895,106.67637634277344,55000
25585,Rarities Coffee Brewery - Hòa Hưng,Fine Robusta - Latte (Hot/ Ice),Cà phê Latte (Nóng/ Đá) - Robusta Chất lượng cao. Sản phẩm mặc định CÓ ĐƯỜNG.,50000,2,0,0,Quận 10,Hồ Chí Minh,5.0,29,Cà Phê/Trà,189,10.780110359191895,106.67637634277344,55000
25585,Rarities Coffee Brewery - Hòa Hưng,Earl Grey Coffee Latte (Hot/ Ice),Cà phê Sữa Bá Tước Khói (Nóng/ Đá). Sản phẩm mặc định CÓ ĐƯỜNG.,55000,10,0,0,Quận 10,Hồ Chí Minh,5.0,29,Cà Phê/Trà,189,10.780110359191895,106.67637634277344,55000
25585,Rarities Coffee Brewery - Hòa Hưng,Roasted Almond Coffee Latte (Hot/ Ice),"Cà phê sữa Hạnh nhân nướng (Nóng/ Đá). Sản phẩm có Độ ngọt nhất định, không thể làm KHÔNG NGỌT.",55000,10,0,0,Quận 10,Hồ Chí Minh,5.0,29,Cà Phê/Trà,189,10.780110359191895,106.67637634277344,55000
25585,Rarities Coffee Brewery - Hòa Hưng,Caramel Coffee Latte (Hot/ Ice),"Cà Phê Sữa Caramel (Nóng/ Đá). Sản phẩm có Độ ngọt nhất định, không thể làm KHÔNG NGỌT.",55000,1,0,0,Quận 10,Hồ Chí Minh,5.0,29,Cà Phê/Trà,189,10.780110359191895,106.67637634277344,55000
25585,Rarities Coffee Brewery - Hòa Hưng,Mocha Coffee Latte (Hot/ Ice),"Cà Phê Sữa Socola (Nóng/ Đá). Sản phẩm có Độ ngọt nhất định, không thể làm KHÔNG NGỌT.",55000,1,0,0,Quận 10,Hồ Chí Minh,5.0,29,Cà Phê/Trà,189,10.780110359191895,106.67637634277344,55000
25585,Rarities Coffee Brewery - Hòa Hưng,Vanilla Boba Coffee Latte,"Cà phê sữa Vani, Mini Trân Châu. Sản phẩm có Độ ngọt nhất định, không thể làm KHÔNG NGỌT.",60000,1,0,0,Quận 10,Hồ Chí Minh,5.0,29,Cà Phê/Trà,189,10.780110359191895,106.67637634277344,55000
25585,Rarities Coffee Brewery - Hòa Hưng,Coffee Caramel Cream,"Cà phê Caramel Kem Sữa. Sản phẩm có Độ ngọt nhất định, không thể làm KHÔNG NGỌT.",60000,1,0,0,Quận 10,Hồ Chí Minh,5.0,29,Cà Phê/Trà,189,10.780110359191895,106.67637634277344,55000
25585,Rarities Coffee Brewery - Hòa Hưng,Coffee Chocolate Cream,"Cà phê Socola Kem Sữa. Sản phẩm có Độ ngọt nhất định, không thể làm KHÔNG NGỌT",60000,1,0,0,Quận 10,Hồ Chí Minh,5.0,29,Cà Phê/Trà,189,10.780110359191895,106.67637634277344,55000
25585,Rarities Coffee Brewery - Hòa Hưng,Cold Brew Butterscotch Toffee,"Cà phê ủ lạnh Kẹo Bơ Đường. Sản phẩm có Độ ngọt nhất định, không thể làm KHÔNG NGỌT.",60000,28,1,0,Quận 10,Hồ Chí Minh,5.0,29,Cà Phê/Trà,189,10.780110359191895,106.67637634277344,55000
25585,Rarities Coffee Brewery - Hòa Hưng,Cold Brew Honey Oat,"Cà phê ủ lạnh Yến Mạch Mật Ong. Sản phẩm có Độ ngọt nhất định, không thể làm KHÔNG NGỌT.",60000,3,0,0,Quận 10,Hồ Chí Minh,5.0,29,Cà Phê/Trà,189,10.780110359191895,106.67637634277344,55000
25585,Rarities Coffee Brewery - Hòa Hưng,Cold Brew Tiramisu,"Cà phê ủ lạnh Tiramisu. Sản phẩm có Độ ngọt nhất định, không thể làm KHÔNG NGỌT.",60000,6,0,0,Quận 10,Hồ Chí Minh,5.0,29,Cà Phê/Trà,189,10.780110359191895,106.67637634277344,55000
25585,Rarities Coffee Brewery - Hòa Hưng,Cold Brew Earl Grey,Cà phê ủ lạnh Trà Bá Tước Khói. Sản phẩm mặc định CÓ ĐƯỜNG.,55000,2,0,0,Quận 10,Hồ Chí Minh,5.0,29,Cà Phê/Trà,189,10.780110359191895,106.67637634277344,55000
25585,Rarities Coffee Brewery - Hòa Hưng,Cold Brew Bana Cotta,"Cà phê ủ lạnh Sữa Chuối, bánh Pudding Cà phê. Sản phẩm có Độ ngọt nhất định, không thể làm KHÔNG NGỌT.",55000,0,0,0,Quận 10,Hồ Chí Minh,5.0,29,Cà Phê/Trà,189,10.780110359191895,106.67637634277344,55000
25585,Rarities Coffee Brewery - Hòa Hưng,Cold Brew Vanilla Lavender,"Cà phê ủ lạnh Sữa Vani Hoa Oải Hương, Thạch Cà phê. Sản phẩm có Độ ngọt nhất định, không thể làm KHÔNG NGỌT.",55000,1,0,0,Quận 10,Hồ Chí Minh,5.0,29,Cà Phê/Trà,189,10.780110359191895,106.67637634277344,55000
25585,Rarities Coffee Brewery - Hòa Hưng,Cold Brew Sweet Potato,"Cà phê ủ lạnh Khoai Lang Tím.  Sản phẩm có Độ ngọt nhất định, không thể làm KHÔNG NGỌT. ",55000,2,0,0,Quận 10,Hồ Chí Minh,5.0,29,Cà Phê/Trà,189,10.780110359191895,106.67637634277344,55000
25585,Rarities Coffee Brewery - Hòa Hưng,Cold Brew Longan Osmanthus,"Cà phê ủ lạnh Nhãn Hoa Mộc Tê. Sản phẩm có Độ ngọt nhất định, không thể làm KHÔNG NGỌT.",55000,6,0,0,Quận 10,Hồ Chí Minh,5.0,29,Cà Phê/Trà,189,10.780110359191895,106.67637634277344,55000
25585,Rarities Coffee Brewery - Hòa Hưng,Cold Brew Fresh Peach,"Cà phê ủ lạnh Đào tươi. Sản phẩm có Độ ngọt nhất định, không thể làm KHÔNG NGỌT.",55000,2,0,0,Quận 10,Hồ Chí Minh,5.0,29,Cà Phê/Trà,189,10.780110359191895,106.67637634277344,55000
25585,Rarities Coffee Brewery - Hòa Hưng,Cold Brew Berry Jelly,"Cà phê ủ lạnh Thạch Trái Mọng. Sản phẩm có Độ ngọt nhất định, không thể làm KHÔNG NGỌT.",55000,10,0,0,Quận 10,Hồ Chí Minh,5.0,29,Cà Phê/Trà,189,10.780110359191895,106.67637634277344,55000
25585,Rarities Coffee Brewery - Hòa Hưng,Cold Brew Ananas,"Cà phê ủ lạnh Thơm. Sản phẩm có Độ ngọt nhất định, không thể làm KHÔNG NGỌT.",55000,22,0,0,Quận 10,Hồ Chí Minh,5.0,29,Cà Phê/Trà,189,10.780110359191895,106.67637634277344,55000
25585,Rarities Coffee Brewery - Hòa Hưng,Cold Brew Honey Calamansi,"Cà phê ủ lạnh Tắc Mật ong. Sản phẩm có Độ ngọt nhất định, không thể làm KHÔNG NGỌT.",55000,8,0,0,Quận 10,Hồ Chí Minh,5.0,29,Cà Phê/Trà,189,10.780110359191895,106.67637634277344,55000
25585,Rarities Coffee Brewery - Hòa Hưng,Cold Brew Plum Sour,"Cà phê ủ lạnh Mận Thơm. Sản phẩm có Độ ngọt nhất định, không thể làm KHÔNG NGỌT.",55000,5,0,0,Quận 10,Hồ Chí Minh,5.0,29,Cà Phê/Trà,189,10.780110359191895,106.67637634277344,55000
25585,Rarities Coffee Brewery - Hòa Hưng,Smoky Earl Grey Choco,"Socola Trà Bá Tước Khói Kem Sữa. Sản phẩm có Độ ngọt nhất định, không thể làm KHÔNG NGỌT.",60000,0,0,0,Quận 10,Hồ Chí Minh,5.0,29,Cà Phê/Trà,189,10.780110359191895,106.67637634277344,55000
25585,Rarities Coffee Brewery - Hòa Hưng,Choco Mint,"Socola Bạc Hà Kem Sữa. Sản phẩm có Độ ngọt nhất định, không thể làm KHÔNG NGỌT.",60000,2,0,0,Quận 10,Hồ Chí Minh,5.0,29,Cà Phê/Trà,189,10.780110359191895,106.67637634277344,55000
25585,Rarities Coffee Brewery - Hòa Hưng,Chocolate Latte (Hot/ Ice),"Socola Sữa Tươi (Nóng/ Đá). Sản phẩm có Độ ngọt nhất định, không thể làm KHÔNG NGỌT.",55000,0,0,0,Quận 10,Hồ Chí Minh,5.0,29,Cà Phê/Trà,189,10.780110359191895,106.67637634277344,55000
25585,Rarities Coffee Brewery - Hòa Hưng,Strawberry Matcha Latte ,"Trà Xanh Nhật Dâu Tây Kem Sữa. Sản phẩm có Độ ngọt nhất định, không thể làm KHÔNG NGỌT.",60000,2,0,0,Quận 10,Hồ Chí Minh,5.0,29,Cà Phê/Trà,189,10.780110359191895,106.67637634277344,55000
25585,Rarities Coffee Brewery - Hòa Hưng,Taro Matcha Latte,"Trà Xanh Nhật Khoai Lang Tím Kem Sữa. Sản phẩm có Độ ngọt nhất định, không thể làm KHÔNG NGỌT.",60000,2,0,0,Quận 10,Hồ Chí Minh,5.0,29,Cà Phê/Trà,189,10.780110359191895,106.67637634277344,55000
25585,Rarities Coffee Brewery - Hòa Hưng,Matcha Caramel Latte (Hot/ Ice),"Trà Xanh Nhật sữa Caramel (Nóng/ Đá). Sản phẩm có Độ ngọt nhất định, không thể làm KHÔNG NGỌT.",55000,7,0,0,Quận 10,Hồ Chí Minh,5.0,29,Cà Phê/Trà,189,10.780110359191895,106.67637634277344,55000
25585,Rarities Coffee Brewery - Hòa Hưng,Jasmine Matcha Latte (Hot/ Ice),Trà Xanh Nhật sữa Hoa Nhài (Nóng/ Đá). Sản phẩm mặc định CÓ ĐƯỜNG.,55000,14,1,0,Quận 10,Hồ Chí Minh,5.0,29,Cà Phê/Trà,189,10.780110359191895,106.67637634277344,55000
25585,Rarities Coffee Brewery - Hòa Hưng,Vanilla Strawberry Oat Milk (Hot/ Ice),"Vani Dâu Tây Sữa Yến Mạch (Nóng/ Đá). Sản phẩm có Độ ngọt nhất định, không thể làm KHÔNG NGỌT.",55000,2,0,0,Quận 10,Hồ Chí Minh,5.0,29,Cà Phê/Trà,189,10.780110359191895,106.67637634277344,55000
25585,Rarities Coffee Brewery - Hòa Hưng,Pure Oat Milk (Hot/ Ice),Sữa Yến Mạch Nguyên Vị (Nóng/ Đá). Sản phẩm mặc định CÓ ĐƯỜNG.,50000,0,0,0,Quận 10,Hồ Chí Minh,5.0,29,Cà Phê/Trà,189,10.780110359191895,106.67637634277344,55000
25585,Rarities Coffee Brewery - Hòa Hưng,Houjicha Latte (Hot/ Ice),Trà Xanh Nhật Rang Sữa tươi (Nóng/ Đá). Sản phẩm mặc định CÓ ĐƯỜNG. ,55000,4,0,0,Quận 10,Hồ Chí Minh,5.0,29,Cà Phê/Trà,189,10.780110359191895,106.67637634277344,55000
25585,Rarities Coffee Brewery - Hòa Hưng,Longan Jasmine Matcha,"Trà Xanh Nhật Lài Nhãn. Sản phẩm có Độ ngọt nhất định, không thể làm KHÔNG NGỌT.",60000,1,0,0,Quận 10,Hồ Chí Minh,5.0,29,Cà Phê/Trà,189,10.780110359191895,106.67637634277344,55000
25585,Rarities Coffee Brewery - Hòa Hưng,Tea Milk Cream,Trà Foam Kem Sữa. Sản phẩm mặc định CÓ ĐƯỜNG.,50000,0,0,0,Quận 10,Hồ Chí Minh,5.0,29,Cà Phê/Trà,189,10.780110359191895,106.67637634277344,55000
25585,Rarities Coffee Brewery - Hòa Hưng,Gold Peach Tea,"Trà Thanh Đào. Sản phẩm có Độ ngọt nhất định, không thể làm KHÔNG NGỌT.",50000,0,0,0,Quận 10,Hồ Chí Minh,5.0,29,Cà Phê/Trà,189,10.780110359191895,106.67637634277344,55000
25585,Rarities Coffee Brewery - Hòa Hưng,Rasberry Chia Seed Tea,"Trà Phúc Bồn Tử Hạt Chia. Sản phẩm có Độ ngọt nhất định, không thể làm KHÔNG NGỌT.",50000,4,0,0,Quận 10,Hồ Chí Minh,5.0,29,Cà Phê/Trà,189,10.780110359191895,106.67637634277344,55000
25585,Rarities Coffee Brewery - Hòa Hưng,Pink Apricot Tea,"Trà Dâu Xí Muội. Sản phẩm có Độ ngọt nhất định, không thể làm KHÔNG NGỌT.",50000,6,1,0,Quận 10,Hồ Chí Minh,5.0,29,Cà Phê/Trà,189,10.780110359191895,106.67637634277344,55000
25585,Rarities Coffee Brewery - Hòa Hưng,Almond Milk Tea,"Trà sữa Hạnh Nhân. Sản phẩm có độ ngọt nhất định, không thể làm KHÔNG NGHỌT.",50000,0,0,0,Quận 10,Hồ Chí Minh,5.0,29,Cà Phê/Trà,189,10.780110359191895,106.67637634277344,55000
25585,Rarities Coffee Brewery - Hòa Hưng,Plumberry Croisant (French Butter),Bánh Sừng bò Ngàn lớp mứt Mận Phúc Bồn Tử,68000,5,0,0,Quận 10,Hồ Chí Minh,5.0,29,Cà Phê/Trà,189,10.780110359191895,106.67637634277344,55000
25585,Rarities Coffee Brewery - Hòa Hưng,Hazelnut Nutella Croissant (French Butter),Bánh sừng bò ngàn lớp sốt Nutella,68000,7,1,0,Quận 10,Hồ Chí Minh,5.0,29,Cà Phê/Trà,189,10.780110359191895,106.67637634277344,55000
25585,Rarities Coffee Brewery - Hòa Hưng,Plain Croissant (French Butter),Bánh Sừng Bò Ngàn Lớp ,60000,7,0,0,Quận 10,Hồ Chí Minh,5.0,29,Cà Phê/Trà,189,10.780110359191895,106.67637634277344,55000
25585,Rarities Coffee Brewery - Hòa Hưng,Chocolate Suisse (French Butter),Bánh cuộn Socola Ngàn Lớp,60000,5,0,0,Quận 10,Hồ Chí Minh,5.0,29,Cà Phê/Trà,189,10.780110359191895,106.67637634277344,55000
25585,Rarities Coffee Brewery - Hòa Hưng,Swedish Cinnamon Rolls ,Bánh Quế Cuộn kiểu Thuỵ Điển ,55000,18,0,0,Quận 10,Hồ Chí Minh,5.0,29,Cà Phê/Trà,189,10.780110359191895,106.67637634277344,55000
25585,Rarities Coffee Brewery - Hòa Hưng,Chocochip Cookie (4 pieces),Bánh quy Socola (4 cái),25000,7,0,1,Quận 10,Hồ Chí Minh,5.0,29,Cà Phê/Trà,189,10.780110359191895,106.67637634277344,55000
25585,Rarities Coffee Brewery - Hòa Hưng,Raspberry Jam Yoghurt,"Sữa chua, Mứt Phúc Bồn Tử, Ngũ cốc tổng hợp",60000,1,0,0,Quận 10,Hồ Chí Minh,5.0,29,Cà Phê/Trà,189,10.780110359191895,106.67637634277344,55000
25585,Rarities Coffee Brewery - Hòa Hưng,Honey Granola Yoghurt,"Sữa chua, Mật ong, Ngũ cốc tổng hợp",55000,6,0,0,Quận 10,Hồ Chí Minh,5.0,29,Cà Phê/Trà,189,10.780110359191895,106.67637634277344,55000
25585,Rarities Coffee Brewery - Hòa Hưng,Cold Brew Arabica Cầu Đất- 500ml,"Cà phê ủ lạnh Arabica Cầu Đất: Hương Caramel, Mật mía, chua nhẹ, ít đắng, ngọt tự nhiên. Sản phẩm mặc định KHÔNG ĐƯỜNG.",175000,3,1,0,Quận 10,Hồ Chí Minh,5.0,29,Cà Phê/Trà,189,10.780110359191895,106.67637634277344,55000
25585,Rarities Coffee Brewery - Hòa Hưng,Cold Brew Arabica Colombia - 500ml,"Cà phê ủ lạnh Arabica Colombia: Hương trái cây, Cacao sữa, Trà đen, độ ngọt cao, chua thanh, hậu vị dài. Sản phẩm mặc định KHÔNG ĐƯỜNG",190000,2,1,0,Quận 10,Hồ Chí Minh,5.0,29,Cà Phê/Trà,189,10.780110359191895,106.67637634277344,55000
25585,Rarities Coffee Brewery - Hòa Hưng,Cold Brew Arabica Ethiopia - 500ml,"Cà phê ủ lạnh Arabica Ethiopia: Hương Hoa trắng, Cam chanh, độ chua cao, ngọt dịu. Sản phẩm mặc định KHÔNG ĐƯỜNG.",220000,1,0,0,Quận 10,Hồ Chí Minh,5.0,29,Cà Phê/Trà,189,10.780110359191895,106.67637634277344,55000
25585,Rarities Coffee Brewery - Hòa Hưng,Cold Brew Fine Robusta Krông Năng - 500ml,"Cà Phê ủ lạnh Fine Robusta Krông Năng: Hương Trái Cây Chín, Caramel, Ít chua, Đắng nhẹ. Sản phẩm mặc định KHÔNG ĐƯỜNG.",165000,0,0,0,Quận 10,Hồ Chí Minh,5.0,29,Cà Phê/Trà,189,10.780110359191895,106.67637634277344,55000
23342,Trà Dâu Thi Thi - Hồ Thị Kỷ,Trà dâu tây,,25000,218,1,0,Quận 10,Hồ Chí Minh,4.9,52,Cà Phê/Trà,189,10.766500473022461,106.67627716064453,25000
23342,Trà Dâu Thi Thi - Hồ Thị Kỷ,Trà dâu tằm,,25000,102,0,0,Quận 10,Hồ Chí Minh,4.9,52,Cà Phê/Trà,189,10.766500473022461,106.67627716064453,25000
23342,Trà Dâu Thi Thi - Hồ Thị Kỷ,Trà đào dầm,,22000,13,0,0,Quận 10,Hồ Chí Minh,4.9,52,Cà Phê/Trà,189,10.766500473022461,106.67627716064453,25000
23342,Trà Dâu Thi Thi - Hồ Thị Kỷ,Trà tắc - lớn,Ly lớn,15000,24,0,0,Quận 10,Hồ Chí Minh,4.9,52,Cà Phê/Trà,189,10.766500473022461,106.67627716064453,25000
23342,Trà Dâu Thi Thi - Hồ Thị Kỷ,Trà đào miếng,Có 2 miếng đào,25000,19,0,0,Quận 10,Hồ Chí Minh,4.9,52,Cà Phê/Trà,189,10.766500473022461,106.67627716064453,25000
23342,Trà Dâu Thi Thi - Hồ Thị Kỷ,Trà vải dầm,,22000,30,0,0,Quận 10,Hồ Chí Minh,4.9,52,Cà Phê/Trà,189,10.766500473022461,106.67627716064453,25000
23342,Trà Dâu Thi Thi - Hồ Thị Kỷ,Trà mãng cầu,,30000,13,0,0,Quận 10,Hồ Chí Minh,4.9,52,Cà Phê/Trà,189,10.766500473022461,106.67627716064453,25000
23342,Trà Dâu Thi Thi - Hồ Thị Kỷ,Trà thơm - dứa,,25000,7,0,0,Quận 10,Hồ Chí Minh,4.9,52,Cà Phê/Trà,189,10.766500473022461,106.67627716064453,25000
23342,Trà Dâu Thi Thi - Hồ Thị Kỷ,Trà đặc biệt full topping,"Trà tự chọn và topping: dâu tây, dâu tằm, thơm, đào miếng",60000,2,0,0,Quận 10,Hồ Chí Minh,4.9,52,Cà Phê/Trà,189,10.766500473022461,106.67627716064453,25000
23342,Trà Dâu Thi Thi - Hồ Thị Kỷ,Trà thạch vải,Trà và thạch vải,25000,12,0,0,Quận 10,Hồ Chí Minh,4.9,52,Cà Phê/Trà,189,10.766500473022461,106.67627716064453,25000
23342,Trà Dâu Thi Thi - Hồ Thị Kỷ,Trà thạch đào,,25000,0,0,0,Quận 10,Hồ Chí Minh,4.9,52,Cà Phê/Trà,189,10.766500473022461,106.67627716064453,25000
23342,Trà Dâu Thi Thi - Hồ Thị Kỷ,Trà Thạch Dâu,Nước trà dâu và thạch dâu ( ko có miếng dâu ),30000,8,0,0,Quận 10,Hồ Chí Minh,4.9,52,Cà Phê/Trà,189,10.766500473022461,106.67627716064453,25000
23342,Trà Dâu Thi Thi - Hồ Thị Kỷ,Trà Nhãn,,25000,8,0,0,Quận 10,Hồ Chí Minh,4.9,52,Cà Phê/Trà,189,10.766500473022461,106.67627716064453,25000
23342,Trà Dâu Thi Thi - Hồ Thị Kỷ,Hồng trà trân châu ,,25000,6,0,0,Quận 10,Hồ Chí Minh,4.9,52,Cà Phê/Trà,189,10.766500473022461,106.67627716064453,25000
23342,Trà Dâu Thi Thi - Hồ Thị Kỷ,Hồng trà sùi bọt,,20000,6,0,0,Quận 10,Hồ Chí Minh,4.9,52,Cà Phê/Trà,189,10.766500473022461,106.67627716064453,25000
23342,Trà Dâu Thi Thi - Hồ Thị Kỷ,Sâm dứa sữa,,25000,3,0,0,Quận 10,Hồ Chí Minh,4.9,52,Cà Phê/Trà,189,10.766500473022461,106.67627716064453,25000
23342,Trà Dâu Thi Thi - Hồ Thị Kỷ,Bạc xĩu,,25000,0,0,0,Quận 10,Hồ Chí Minh,4.9,52,Cà Phê/Trà,189,10.766500473022461,106.67627716064453,25000
23342,Trà Dâu Thi Thi - Hồ Thị Kỷ,Trà sữa đơn giản vậy thôi,,20000,4,0,0,Quận 10,Hồ Chí Minh,4.9,52,Cà Phê/Trà,189,10.766500473022461,106.67627716064453,25000
23342,Trà Dâu Thi Thi - Hồ Thị Kỷ,Cafe sữa đá,,20000,3,0,0,Quận 10,Hồ Chí Minh,4.9,52,Cà Phê/Trà,189,10.766500473022461,106.67627716064453,25000
23342,Trà Dâu Thi Thi - Hồ Thị Kỷ,Cafe đá,,15000,3,0,0,Quận 10,Hồ Chí Minh,4.9,52,Cà Phê/Trà,189,10.766500473022461,106.67627716064453,25000
23342,Trà Dâu Thi Thi - Hồ Thị Kỷ,Sữa tươi cafe,,25000,0,0,0,Quận 10,Hồ Chí Minh,4.9,52,Cà Phê/Trà,189,10.766500473022461,106.67627716064453,25000
23342,Trà Dâu Thi Thi - Hồ Thị Kỷ,Trà sữa trân châu ,,25000,5,0,0,Quận 10,Hồ Chí Minh,4.9,52,Cà Phê/Trà,189,10.766500473022461,106.67627716064453,25000
23342,Trà Dâu Thi Thi - Hồ Thị Kỷ,Sữa Tươi Trân Châu Đường Đen,,30000,3,0,0,Quận 10,Hồ Chí Minh,4.9,52,Cà Phê/Trà,189,10.766500473022461,106.67627716064453,25000
23342,Trà Dâu Thi Thi - Hồ Thị Kỷ,Bánh tráng muối tỏi,2 bịch,20000,11,0,0,Quận 10,Hồ Chí Minh,4.9,52,Cà Phê/Trà,189,10.766500473022461,106.67627716064453,25000
23342,Trà Dâu Thi Thi - Hồ Thị Kỷ,Flan,hủ to,15000,12,0,0,Quận 10,Hồ Chí Minh,4.9,52,Cà Phê/Trà,189,10.766500473022461,106.67627716064453,25000
23342,Trà Dâu Thi Thi - Hồ Thị Kỷ,Bánh Tráng Tỏi Ko Cay,,20000,0,0,0,Quận 10,Hồ Chí Minh,4.9,52,Cà Phê/Trà,189,10.766500473022461,106.67627716064453,25000
23342,Trà Dâu Thi Thi - Hồ Thị Kỷ,Yaourt dâu tằm,,30000,3,0,0,Quận 10,Hồ Chí Minh,4.9,52,Cà Phê/Trà,189,10.766500473022461,106.67627716064453,25000
23342,Trà Dâu Thi Thi - Hồ Thị Kỷ,Yaourt đá,,25000,3,1,0,Quận 10,Hồ Chí Minh,4.9,52,Cà Phê/Trà,189,10.766500473022461,106.67627716064453,25000
23342,Trà Dâu Thi Thi - Hồ Thị Kỷ,Yaourt đào,,30000,1,0,0,Quận 10,Hồ Chí Minh,4.9,52,Cà Phê/Trà,189,10.766500473022461,106.67627716064453,25000
23342,Trà Dâu Thi Thi - Hồ Thị Kỷ,Yaourt dâu,,30000,1,1,0,Quận 10,Hồ Chí Minh,4.9,52,Cà Phê/Trà,189,10.766500473022461,106.67627716064453,25000
23342,Trà Dâu Thi Thi - Hồ Thị Kỷ,Yaourt cam nha đam,,30000,0,0,0,Quận 10,Hồ Chí Minh,4.9,52,Cà Phê/Trà,189,10.766500473022461,106.67627716064453,25000
23342,Trà Dâu Thi Thi - Hồ Thị Kỷ,Soda Dâu,,25000,0,0,0,Quận 10,Hồ Chí Minh,4.9,52,Cà Phê/Trà,189,10.766500473022461,106.67627716064453,25000
23342,Trà Dâu Thi Thi - Hồ Thị Kỷ,Soda Dưa Lưới,,25000,3,0,0,Quận 10,Hồ Chí Minh,4.9,52,Cà Phê/Trà,189,10.766500473022461,106.67627716064453,25000
23342,Trà Dâu Thi Thi - Hồ Thị Kỷ,Soda Việt Quất,,25000,0,0,0,Quận 10,Hồ Chí Minh,4.9,52,Cà Phê/Trà,189,10.766500473022461,106.67627716064453,25000
23342,Trà Dâu Thi Thi - Hồ Thị Kỷ,Soda Đào,,25000,0,0,0,Quận 10,Hồ Chí Minh,4.9,52,Cà Phê/Trà,189,10.766500473022461,106.67627716064453,25000
23342,Trà Dâu Thi Thi - Hồ Thị Kỷ,Soda Vải,,25000,0,0,0,Quận 10,Hồ Chí Minh,4.9,52,Cà Phê/Trà,189,10.766500473022461,106.67627716064453,25000
23342,Trà Dâu Thi Thi - Hồ Thị Kỷ,Cafe Sữa Gấu,,35000,1,0,0,Quận 10,Hồ Chí Minh,4.9,52,Cà Phê/Trà,189,10.766500473022461,106.67627716064453,25000
23342,Trà Dâu Thi Thi - Hồ Thị Kỷ,Sâm Dứa Sữa Gấu,,35000,0,0,0,Quận 10,Hồ Chí Minh,4.9,52,Cà Phê/Trà,189,10.766500473022461,106.67627716064453,25000
23342,Trà Dâu Thi Thi - Hồ Thị Kỷ,Cacao Sữa Gấu,,35000,2,0,0,Quận 10,Hồ Chí Minh,4.9,52,Cà Phê/Trà,189,10.766500473022461,106.67627716064453,25000
23342,Trà Dâu Thi Thi - Hồ Thị Kỷ,Matcha Sữa Gấu,,35000,0,0,0,Quận 10,Hồ Chí Minh,4.9,52,Cà Phê/Trà,189,10.766500473022461,106.67627716064453,25000
20306,Kha Food - Bữa Ăn Tròn Vị - Lê Văn Sỹ,Cơm tấm sườn nướng,,49000,0,0,0,Quận 3,Hồ Chí Minh,0.0,0,Cơm/Cơm tấm,189,10.786210060119629,106.68023681640625,70000
20306,Kha Food - Bữa Ăn Tròn Vị - Lê Văn Sỹ,Cơm tấm ba chỉ nướng,,57000,0,0,0,Quận 3,Hồ Chí Minh,0.0,0,Cơm/Cơm tấm,189,10.786210060119629,106.68023681640625,70000
20306,Kha Food - Bữa Ăn Tròn Vị - Lê Văn Sỹ,Cơm tấm sườn chả,,57000,0,0,0,Quận 3,Hồ Chí Minh,0.0,0,Cơm/Cơm tấm,189,10.786210060119629,106.68023681640625,70000
20306,Kha Food - Bữa Ăn Tròn Vị - Lê Văn Sỹ,Cơm tấm sương bì thịt,,59000,0,0,0,Quận 3,Hồ Chí Minh,0.0,0,Cơm/Cơm tấm,189,10.786210060119629,106.68023681640625,70000
20306,Kha Food - Bữa Ăn Tròn Vị - Lê Văn Sỹ,Cơm tấm sườn trứng,,57000,0,0,0,Quận 3,Hồ Chí Minh,0.0,0,Cơm/Cơm tấm,189,10.786210060119629,106.68023681640625,70000
20306,Kha Food - Bữa Ăn Tròn Vị - Lê Văn Sỹ,Cơm tấm sườn bì chả,,69000,0,0,0,Quận 3,Hồ Chí Minh,0.0,0,Cơm/Cơm tấm,189,10.786210060119629,106.68023681640625,70000
20306,Kha Food - Bữa Ăn Tròn Vị - Lê Văn Sỹ,Cơm tấm đặc biệt,,79000,0,0,0,Quận 3,Hồ Chí Minh,0.0,0,Cơm/Cơm tấm,189,10.786210060119629,106.68023681640625,70000
4210,Sinh Tố Pé Trâm - Lý Chính Thắng,Sinh tố bơ,,38000,163,2,0,Quận 3,Hồ Chí Minh,5.0,78,Sinh tố/Nước ép/Sữa,189,10.790849685668945,106.68566131591797,35000
4210,Sinh Tố Pé Trâm - Lý Chính Thắng,Sinh tố dâu,,38000,308,0,0,Quận 3,Hồ Chí Minh,5.0,78,Sinh tố/Nước ép/Sữa,189,10.790849685668945,106.68566131591797,35000
4210,Sinh Tố Pé Trâm - Lý Chính Thắng,Sinh tố sapoche,,28000,96,3,0,Quận 3,Hồ Chí Minh,5.0,78,Sinh tố/Nước ép/Sữa,189,10.790849685668945,106.68566131591797,35000
4210,Sinh Tố Pé Trâm - Lý Chính Thắng,Sinh tố mãng cầu,,28000,59,0,0,Quận 3,Hồ Chí Minh,5.0,78,Sinh tố/Nước ép/Sữa,189,10.790849685668945,106.68566131591797,35000
4210,Sinh Tố Pé Trâm - Lý Chính Thắng,Sinh tố dưa gang,,28000,32,0,0,Quận 3,Hồ Chí Minh,5.0,78,Sinh tố/Nước ép/Sữa,189,10.790849685668945,106.68566131591797,35000
4210,Sinh Tố Pé Trâm - Lý Chính Thắng,Sinh tố cam - dâu,,40000,2,0,0,Quận 3,Hồ Chí Minh,5.0,78,Sinh tố/Nước ép/Sữa,189,10.790849685668945,106.68566131591797,35000
4210,Sinh Tố Pé Trâm - Lý Chính Thắng,Sinh tố xoài,,28000,83,1,0,Quận 3,Hồ Chí Minh,5.0,78,Sinh tố/Nước ép/Sữa,189,10.790849685668945,106.68566131591797,35000
4210,Sinh Tố Pé Trâm - Lý Chính Thắng,Sinh tố bơ - dâu,,40000,18,1,0,Quận 3,Hồ Chí Minh,5.0,78,Sinh tố/Nước ép/Sữa,189,10.790849685668945,106.68566131591797,35000
4210,Sinh Tố Pé Trâm - Lý Chính Thắng,Sinh tố mãng cầu - dâu,,40000,24,0,0,Quận 3,Hồ Chí Minh,5.0,78,Sinh tố/Nước ép/Sữa,189,10.790849685668945,106.68566131591797,35000
4210,Sinh Tố Pé Trâm - Lý Chính Thắng,Sinh tố bơ - mãng cầu,,40000,13,2,0,Quận 3,Hồ Chí Minh,5.0,78,Sinh tố/Nước ép/Sữa,189,10.790849685668945,106.68566131591797,35000
4210,Sinh Tố Pé Trâm - Lý Chính Thắng,Milo dằm trân châu,,35000,15,0,0,Quận 3,Hồ Chí Minh,5.0,78,Sinh tố/Nước ép/Sữa,189,10.790849685668945,106.68566131591797,35000
4210,Sinh Tố Pé Trâm - Lý Chính Thắng,Sinh tố bơ sapoche,,40000,8,0,0,Quận 3,Hồ Chí Minh,5.0,78,Sinh tố/Nước ép/Sữa,189,10.790849685668945,106.68566131591797,35000
4210,Sinh Tố Pé Trâm - Lý Chính Thắng,Sinh tố dâu - cà chua,,40000,1,0,0,Quận 3,Hồ Chí Minh,5.0,78,Sinh tố/Nước ép/Sữa,189,10.790849685668945,106.68566131591797,35000
4210,Sinh Tố Pé Trâm - Lý Chính Thắng,Sinh tố dừa - bơ,,40000,65,2,0,Quận 3,Hồ Chí Minh,5.0,78,Sinh tố/Nước ép/Sữa,189,10.790849685668945,106.68566131591797,35000
4210,Sinh Tố Pé Trâm - Lý Chính Thắng,Sinh tố cà phê,,28000,3,0,0,Quận 3,Hồ Chí Minh,5.0,78,Sinh tố/Nước ép/Sữa,189,10.790849685668945,106.68566131591797,35000
4210,Sinh Tố Pé Trâm - Lý Chính Thắng,Sinh tố cà chua,,28000,4,0,0,Quận 3,Hồ Chí Minh,5.0,78,Sinh tố/Nước ép/Sữa,189,10.790849685668945,106.68566131591797,35000
4210,Sinh Tố Pé Trâm - Lý Chính Thắng,Sinh tố dừa,,38000,35,0,0,Quận 3,Hồ Chí Minh,5.0,78,Sinh tố/Nước ép/Sữa,189,10.790849685668945,106.68566131591797,35000
4210,Sinh Tố Pé Trâm - Lý Chính Thắng,Sinh tố thập cẩm,,40000,2,0,0,Quận 3,Hồ Chí Minh,5.0,78,Sinh tố/Nước ép/Sữa,189,10.790849685668945,106.68566131591797,35000
4210,Sinh Tố Pé Trâm - Lý Chính Thắng,Sinh tố dừa dâu,,40000,16,0,0,Quận 3,Hồ Chí Minh,5.0,78,Sinh tố/Nước ép/Sữa,189,10.790849685668945,106.68566131591797,35000
4210,Sinh Tố Pé Trâm - Lý Chính Thắng,Trà Mãng Cầu ,,35000,17,0,0,Quận 3,Hồ Chí Minh,5.0,78,Sinh tố/Nước ép/Sữa,189,10.790849685668945,106.68566131591797,35000
4210,Sinh Tố Pé Trâm - Lý Chính Thắng,Nước ép cam,,28000,85,0,0,Quận 3,Hồ Chí Minh,5.0,78,Sinh tố/Nước ép/Sữa,189,10.790849685668945,106.68566131591797,35000
4210,Sinh Tố Pé Trâm - Lý Chính Thắng,Nước ép thơm,,30000,102,2,0,Quận 3,Hồ Chí Minh,5.0,78,Sinh tố/Nước ép/Sữa,189,10.790849685668945,106.68566131591797,35000
4210,Sinh Tố Pé Trâm - Lý Chính Thắng,Nước ép cam - cà rốt,,35000,28,1,0,Quận 3,Hồ Chí Minh,5.0,78,Sinh tố/Nước ép/Sữa,189,10.790849685668945,106.68566131591797,35000
4210,Sinh Tố Pé Trâm - Lý Chính Thắng,Nước ép ổi,,28000,47,0,0,Quận 3,Hồ Chí Minh,5.0,78,Sinh tố/Nước ép/Sữa,189,10.790849685668945,106.68566131591797,35000
4210,Sinh Tố Pé Trâm - Lý Chính Thắng,Nước ép dưa hấu,,28000,26,0,0,Quận 3,Hồ Chí Minh,5.0,78,Sinh tố/Nước ép/Sữa,189,10.790849685668945,106.68566131591797,35000
4210,Sinh Tố Pé Trâm - Lý Chính Thắng,Nước ép táo,,30000,9,0,0,Quận 3,Hồ Chí Minh,5.0,78,Sinh tố/Nước ép/Sữa,189,10.790849685668945,106.68566131591797,35000
4210,Sinh Tố Pé Trâm - Lý Chính Thắng,Nước ép cà rốt,,28000,13,0,0,Quận 3,Hồ Chí Minh,5.0,78,Sinh tố/Nước ép/Sữa,189,10.790849685668945,106.68566131591797,35000
4210,Sinh Tố Pé Trâm - Lý Chính Thắng,Nước trà tắc,,20000,13,0,0,Quận 3,Hồ Chí Minh,5.0,78,Sinh tố/Nước ép/Sữa,189,10.790849685668945,106.68566131591797,35000
4210,Sinh Tố Pé Trâm - Lý Chính Thắng,Nước ép cam - thơm,,35000,28,0,0,Quận 3,Hồ Chí Minh,5.0,78,Sinh tố/Nước ép/Sữa,189,10.790849685668945,106.68566131591797,35000
4210,Sinh Tố Pé Trâm - Lý Chính Thắng,Nước ép thơm - cà rốt,,35000,12,0,0,Quận 3,Hồ Chí Minh,5.0,78,Sinh tố/Nước ép/Sữa,189,10.790849685668945,106.68566131591797,35000
4210,Sinh Tố Pé Trâm - Lý Chính Thắng,Nước ép ổi - táo,,35000,20,0,0,Quận 3,Hồ Chí Minh,5.0,78,Sinh tố/Nước ép/Sữa,189,10.790849685668945,106.68566131591797,35000
4210,Sinh Tố Pé Trâm - Lý Chính Thắng,Nước ép chanh dây,,28000,4,0,0,Quận 3,Hồ Chí Minh,5.0,78,Sinh tố/Nước ép/Sữa,189,10.790849685668945,106.68566131591797,35000
4210,Sinh Tố Pé Trâm - Lý Chính Thắng,Nước ép thập cẩm,,35000,1,0,0,Quận 3,Hồ Chí Minh,5.0,78,Sinh tố/Nước ép/Sữa,189,10.790849685668945,106.68566131591797,35000
4210,Sinh Tố Pé Trâm - Lý Chính Thắng,Nước ép cà chua,,28000,4,0,0,Quận 3,Hồ Chí Minh,5.0,78,Sinh tố/Nước ép/Sữa,189,10.790849685668945,106.68566131591797,35000
4210,Sinh Tố Pé Trâm - Lý Chính Thắng,Nước ép cà chua - cà rốt,,35000,5,0,0,Quận 3,Hồ Chí Minh,5.0,78,Sinh tố/Nước ép/Sữa,189,10.790849685668945,106.68566131591797,35000
4210,Sinh Tố Pé Trâm - Lý Chính Thắng,Nước ép thơm - cà chua,,35000,6,0,0,Quận 3,Hồ Chí Minh,5.0,78,Sinh tố/Nước ép/Sữa,189,10.790849685668945,106.68566131591797,35000
4210,Sinh Tố Pé Trâm - Lý Chính Thắng,Nước ép cóc,,28000,11,0,0,Quận 3,Hồ Chí Minh,5.0,78,Sinh tố/Nước ép/Sữa,189,10.790849685668945,106.68566131591797,35000
4210,Sinh Tố Pé Trâm - Lý Chính Thắng,Nước ép cam - cà chua,,35000,0,0,0,Quận 3,Hồ Chí Minh,5.0,78,Sinh tố/Nước ép/Sữa,189,10.790849685668945,106.68566131591797,35000
4210,Sinh Tố Pé Trâm - Lý Chính Thắng,Nước ép thơm - táo,,35000,24,2,0,Quận 3,Hồ Chí Minh,5.0,78,Sinh tố/Nước ép/Sữa,189,10.790849685668945,106.68566131591797,35000
4210,Sinh Tố Pé Trâm - Lý Chính Thắng,Nước ép cam - táo,,35000,1,0,0,Quận 3,Hồ Chí Minh,5.0,78,Sinh tố/Nước ép/Sữa,189,10.790849685668945,106.68566131591797,35000
4210,Sinh Tố Pé Trâm - Lý Chính Thắng,Yaourt dâu,,40000,8,2,0,Quận 3,Hồ Chí Minh,5.0,78,Sinh tố/Nước ép/Sữa,189,10.790849685668945,106.68566131591797,35000
4210,Sinh Tố Pé Trâm - Lý Chính Thắng,Yaourt chanh dây,,35000,3,1,0,Quận 3,Hồ Chí Minh,5.0,78,Sinh tố/Nước ép/Sữa,189,10.790849685668945,106.68566131591797,35000
4210,Sinh Tố Pé Trâm - Lý Chính Thắng,Yaourt dưa gang,,35000,4,0,0,Quận 3,Hồ Chí Minh,5.0,78,Sinh tố/Nước ép/Sữa,189,10.790849685668945,106.68566131591797,35000
4210,Sinh Tố Pé Trâm - Lý Chính Thắng,Yaourt đá,,20000,4,1,0,Quận 3,Hồ Chí Minh,5.0,78,Sinh tố/Nước ép/Sữa,189,10.790849685668945,106.68566131591797,35000
4210,Sinh Tố Pé Trâm - Lý Chính Thắng,Yaourt cam,,35000,0,0,0,Quận 3,Hồ Chí Minh,5.0,78,Sinh tố/Nước ép/Sữa,189,10.790849685668945,106.68566131591797,35000
4210,Sinh Tố Pé Trâm - Lý Chính Thắng,Yaourt thơm,,40000,2,0,0,Quận 3,Hồ Chí Minh,5.0,78,Sinh tố/Nước ép/Sữa,189,10.790849685668945,106.68566131591797,35000
4210,Sinh Tố Pé Trâm - Lý Chính Thắng,Yaourt cà rốt,,35000,0,0,0,Quận 3,Hồ Chí Minh,5.0,78,Sinh tố/Nước ép/Sữa,189,10.790849685668945,106.68566131591797,35000
4210,Sinh Tố Pé Trâm - Lý Chính Thắng,Yaourt cà chua,,35000,0,0,0,Quận 3,Hồ Chí Minh,5.0,78,Sinh tố/Nước ép/Sữa,189,10.790849685668945,106.68566131591797,35000
4210,Sinh Tố Pé Trâm - Lý Chính Thắng,Yaourt cà phê,,35000,1,0,0,Quận 3,Hồ Chí Minh,5.0,78,Sinh tố/Nước ép/Sữa,189,10.790849685668945,106.68566131591797,35000
4210,Sinh Tố Pé Trâm - Lý Chính Thắng,Sữa tươi cà phê,,25000,4,0,0,Quận 3,Hồ Chí Minh,5.0,78,Sinh tố/Nước ép/Sữa,189,10.790849685668945,106.68566131591797,35000
4210,Sinh Tố Pé Trâm - Lý Chính Thắng,Cà phê sữa đá,,25000,6,0,0,Quận 3,Hồ Chí Minh,5.0,78,Sinh tố/Nước ép/Sữa,189,10.790849685668945,106.68566131591797,35000
4210,Sinh Tố Pé Trâm - Lý Chính Thắng,Cà phê đen đá,,20000,1,0,0,Quận 3,Hồ Chí Minh,5.0,78,Sinh tố/Nước ép/Sữa,189,10.790849685668945,106.68566131591797,35000
4210,Sinh Tố Pé Trâm - Lý Chính Thắng,Đá Me,,25000,13,0,0,Quận 3,Hồ Chí Minh,5.0,78,Sinh tố/Nước ép/Sữa,189,10.790849685668945,106.68566131591797,35000
4210,Sinh Tố Pé Trâm - Lý Chính Thắng,Chanh muối,,20000,2,0,0,Quận 3,Hồ Chí Minh,5.0,78,Sinh tố/Nước ép/Sữa,189,10.790849685668945,106.68566131591797,35000
4210,Sinh Tố Pé Trâm - Lý Chính Thắng,Trà sữa Cozy đào,,25000,41,0,0,Quận 3,Hồ Chí Minh,5.0,78,Sinh tố/Nước ép/Sữa,189,10.790849685668945,106.68566131591797,35000
4210,Sinh Tố Pé Trâm - Lý Chính Thắng,Nước chanh,,20000,5,1,0,Quận 3,Hồ Chí Minh,5.0,78,Sinh tố/Nước ép/Sữa,189,10.790849685668945,106.68566131591797,35000
4210,Sinh Tố Pé Trâm - Lý Chính Thắng,Trà Cozy đào,,15000,16,0,0,Quận 3,Hồ Chí Minh,5.0,78,Sinh tố/Nước ép/Sữa,189,10.790849685668945,106.68566131591797,35000
11806,Cà Phê Sâm Lạnh 166 - Trường Sa,Cà phê sữa,,18000,2,0,0,Quận Bình Thạnh,Hồ Chí Minh,0.0,0,Cà Phê/Trà,189,10.79407024383545,106.69686126708984,16000
11806,Cà Phê Sâm Lạnh 166 - Trường Sa,Rau má đậu xanh ,,18000,0,0,0,Quận Bình Thạnh,Hồ Chí Minh,0.0,0,Cà Phê/Trà,189,10.79407024383545,106.69686126708984,16000
11806,Cà Phê Sâm Lạnh 166 - Trường Sa,Sâm lạnh,,12000,0,0,0,Quận Bình Thạnh,Hồ Chí Minh,0.0,0,Cà Phê/Trà,189,10.79407024383545,106.69686126708984,16000
11806,Cà Phê Sâm Lạnh 166 - Trường Sa,Bạc xỉu,,18000,2,0,0,Quận Bình Thạnh,Hồ Chí Minh,0.0,0,Cà Phê/Trà,189,10.79407024383545,106.69686126708984,16000
11806,Cà Phê Sâm Lạnh 166 - Trường Sa,Trà tắc,,14000,0,0,0,Quận Bình Thạnh,Hồ Chí Minh,0.0,0,Cà Phê/Trà,189,10.79407024383545,106.69686126708984,16000
11806,Cà Phê Sâm Lạnh 166 - Trường Sa,Rau má đậu xanh sữa ,,20000,0,0,0,Quận Bình Thạnh,Hồ Chí Minh,0.0,0,Cà Phê/Trà,189,10.79407024383545,106.69686126708984,16000
11806,Cà Phê Sâm Lạnh 166 - Trường Sa,Sâm dứa,,18000,0,0,0,Quận Bình Thạnh,Hồ Chí Minh,0.0,0,Cà Phê/Trà,189,10.79407024383545,106.69686126708984,16000
11806,Cà Phê Sâm Lạnh 166 - Trường Sa,cacao sữa tươi ,,25000,0,0,0,Quận Bình Thạnh,Hồ Chí Minh,0.0,0,Cà Phê/Trà,189,10.79407024383545,106.69686126708984,16000
11806,Cà Phê Sâm Lạnh 166 - Trường Sa,nước mía ,,15000,0,0,0,Quận Bình Thạnh,Hồ Chí Minh,0.0,0,Cà Phê/Trà,189,10.79407024383545,106.69686126708984,16000
11806,Cà Phê Sâm Lạnh 166 - Trường Sa,sữa tươi matcha ,,25000,0,0,0,Quận Bình Thạnh,Hồ Chí Minh,0.0,0,Cà Phê/Trà,189,10.79407024383545,106.69686126708984,16000
11806,Cà Phê Sâm Lạnh 166 - Trường Sa,Cà phê đá,,15000,1,0,0,Quận Bình Thạnh,Hồ Chí Minh,0.0,0,Cà Phê/Trà,189,10.79407024383545,106.69686126708984,16000
11806,Cà Phê Sâm Lạnh 166 - Trường Sa,Sữa tươi cà phê,,20000,0,0,0,Quận Bình Thạnh,Hồ Chí Minh,0.0,0,Cà Phê/Trà,189,10.79407024383545,106.69686126708984,16000
11806,Cà Phê Sâm Lạnh 166 - Trường Sa,Đá chanh,,18000,0,0,0,Quận Bình Thạnh,Hồ Chí Minh,0.0,0,Cà Phê/Trà,189,10.79407024383545,106.69686126708984,16000
11806,Cà Phê Sâm Lạnh 166 - Trường Sa,Trà chanh mật ong,,22000,0,0,0,Quận Bình Thạnh,Hồ Chí Minh,0.0,0,Cà Phê/Trà,189,10.79407024383545,106.69686126708984,16000
11806,Cà Phê Sâm Lạnh 166 - Trường Sa,chanh dây mật ong ,,20000,0,0,0,Quận Bình Thạnh,Hồ Chí Minh,0.0,0,Cà Phê/Trà,189,10.79407024383545,106.69686126708984,16000
11806,Cà Phê Sâm Lạnh 166 - Trường Sa,đá me ,,25000,0,0,0,Quận Bình Thạnh,Hồ Chí Minh,0.0,0,Cà Phê/Trà,189,10.79407024383545,106.69686126708984,16000
11806,Cà Phê Sâm Lạnh 166 - Trường Sa,chanh muối ,,20000,0,0,0,Quận Bình Thạnh,Hồ Chí Minh,0.0,0,Cà Phê/Trà,189,10.79407024383545,106.69686126708984,16000
11806,Cà Phê Sâm Lạnh 166 - Trường Sa,Yaourt đá,,24000,0,0,0,Quận Bình Thạnh,Hồ Chí Minh,0.0,0,Cà Phê/Trà,189,10.79407024383545,106.69686126708984,16000
11806,Cà Phê Sâm Lạnh 166 - Trường Sa,sữa đá chanh ,,20000,0,0,0,Quận Bình Thạnh,Hồ Chí Minh,0.0,0,Cà Phê/Trà,189,10.79407024383545,106.69686126708984,16000
499,Miki - Nước Ép & Trà Sữa - Trường Sa,Nước ép dưa hấu - cà rốt - táo - cam,,45000,1,0,0,Quận 3,Hồ Chí Minh,4.6,11,Sinh tố/Nước ép/Sữa,189,10.785269737243652,106.68052673339844,40000
499,Miki - Nước Ép & Trà Sữa - Trường Sa,Nước ép cần - táo - cà rốt - dền,,45000,0,0,0,Quận 3,Hồ Chí Minh,4.6,11,Sinh tố/Nước ép/Sữa,189,10.785269737243652,106.68052673339844,40000
499,Miki - Nước Ép & Trà Sữa - Trường Sa,Nước ép táo - cà rốt - dền,,45000,0,0,0,Quận 3,Hồ Chí Minh,4.6,11,Sinh tố/Nước ép/Sữa,189,10.785269737243652,106.68052673339844,40000
499,Miki - Nước Ép & Trà Sữa - Trường Sa,Nước ép cần - táo - cam - dền,,45000,2,0,0,Quận 3,Hồ Chí Minh,4.6,11,Sinh tố/Nước ép/Sữa,189,10.785269737243652,106.68052673339844,40000
499,Miki - Nước Ép & Trà Sữa - Trường Sa,Nước ép dền - lê - táo,,45000,0,0,0,Quận 3,Hồ Chí Minh,4.6,11,Sinh tố/Nước ép/Sữa,189,10.785269737243652,106.68052673339844,40000
499,Miki - Nước Ép & Trà Sữa - Trường Sa,Nước ép dền - táo,,40000,0,0,0,Quận 3,Hồ Chí Minh,4.6,11,Sinh tố/Nước ép/Sữa,189,10.785269737243652,106.68052673339844,40000
499,Miki - Nước Ép & Trà Sữa - Trường Sa,Nước mía truyền thống,Đá 20%,25000,9,0,0,Quận 3,Hồ Chí Minh,4.6,11,Sinh tố/Nước ép/Sữa,189,10.785269737243652,106.68052673339844,40000
499,Miki - Nước Ép & Trà Sữa - Trường Sa,Nước ép cóc cà rốt,,30000,2,0,0,Quận 3,Hồ Chí Minh,4.6,11,Sinh tố/Nước ép/Sữa,189,10.785269737243652,106.68052673339844,40000
499,Miki - Nước Ép & Trà Sữa - Trường Sa,Nước ép táo thơm cà chua,,40000,0,0,0,Quận 3,Hồ Chí Minh,4.6,11,Sinh tố/Nước ép/Sữa,189,10.785269737243652,106.68052673339844,40000
499,Miki - Nước Ép & Trà Sữa - Trường Sa,Nước ép táo thơm cam,"Mixed apple, pineapple and orange juice",45000,1,0,0,Quận 3,Hồ Chí Minh,4.6,11,Sinh tố/Nước ép/Sữa,189,10.785269737243652,106.68052673339844,40000
499,Miki - Nước Ép & Trà Sữa - Trường Sa,Nước ép táo thơm dâu,"Mixed apple, pineapple and strawberry juice",45000,0,0,0,Quận 3,Hồ Chí Minh,4.6,11,Sinh tố/Nước ép/Sữa,189,10.785269737243652,106.68052673339844,40000
499,Miki - Nước Ép & Trà Sữa - Trường Sa,Nước ép táo cam cà rốt,"Mixed apple, orange with carrot juice",45000,0,0,0,Quận 3,Hồ Chí Minh,4.6,11,Sinh tố/Nước ép/Sữa,189,10.785269737243652,106.68052673339844,40000
499,Miki - Nước Ép & Trà Sữa - Trường Sa,Nước ép táo sơ ri,Apple with acerola cherry juice,40000,0,0,0,Quận 3,Hồ Chí Minh,4.6,11,Sinh tố/Nước ép/Sữa,189,10.785269737243652,106.68052673339844,40000
499,Miki - Nước Ép & Trà Sữa - Trường Sa,Nước ép táo cóc,,40000,0,0,0,Quận 3,Hồ Chí Minh,4.6,11,Sinh tố/Nước ép/Sữa,189,10.785269737243652,106.68052673339844,40000
499,Miki - Nước Ép & Trà Sữa - Trường Sa,Nước ép lựu táo,Pomegrante with apple juice,45000,0,0,0,Quận 3,Hồ Chí Minh,4.6,11,Sinh tố/Nước ép/Sữa,189,10.785269737243652,106.68052673339844,40000
499,Miki - Nước Ép & Trà Sữa - Trường Sa,Nước ép ổi cà rốt,Guava with carrot juice,35000,0,0,0,Quận 3,Hồ Chí Minh,4.6,11,Sinh tố/Nước ép/Sữa,189,10.785269737243652,106.68052673339844,40000
499,Miki - Nước Ép & Trà Sữa - Trường Sa,Nước ép ổi sơ ri,Guava with acerola cherry juice,35000,1,0,0,Quận 3,Hồ Chí Minh,4.6,11,Sinh tố/Nước ép/Sữa,189,10.785269737243652,106.68052673339844,40000
499,Miki - Nước Ép & Trà Sữa - Trường Sa,Nước ép ổi táo,Guava with apple juice,40000,0,0,0,Quận 3,Hồ Chí Minh,4.6,11,Sinh tố/Nước ép/Sữa,189,10.785269737243652,106.68052673339844,40000
499,Miki - Nước Ép & Trà Sữa - Trường Sa,Nước ép ổi thơm,Guava with pineapple juice,35000,0,0,0,Quận 3,Hồ Chí Minh,4.6,11,Sinh tố/Nước ép/Sữa,189,10.785269737243652,106.68052673339844,40000
499,Miki - Nước Ép & Trà Sữa - Trường Sa,Nước ép cà rốt thơm,Carrot with pineapple juice,35000,0,0,0,Quận 3,Hồ Chí Minh,4.6,11,Sinh tố/Nước ép/Sữa,189,10.785269737243652,106.68052673339844,40000
499,Miki - Nước Ép & Trà Sữa - Trường Sa,Nước ép cóc táo thơm,Ambarellawwith apple juice,45000,0,0,0,Quận 3,Hồ Chí Minh,4.6,11,Sinh tố/Nước ép/Sữa,189,10.785269737243652,106.68052673339844,40000
499,Miki - Nước Ép & Trà Sữa - Trường Sa,Nước ép cóc sơ ri,Ambarella with acerola cherry juice,35000,1,0,0,Quận 3,Hồ Chí Minh,4.6,11,Sinh tố/Nước ép/Sữa,189,10.785269737243652,106.68052673339844,40000
499,Miki - Nước Ép & Trà Sữa - Trường Sa,Nước ép cóc thơm,Ambarella with pineapple juice,35000,1,0,0,Quận 3,Hồ Chí Minh,4.6,11,Sinh tố/Nước ép/Sữa,189,10.785269737243652,106.68052673339844,40000
499,Miki - Nước Ép & Trà Sữa - Trường Sa,Nước ép cóc xí muội,Ambarella with plum juice,35000,3,0,0,Quận 3,Hồ Chí Minh,4.6,11,Sinh tố/Nước ép/Sữa,189,10.785269737243652,106.68052673339844,40000
499,Miki - Nước Ép & Trà Sữa - Trường Sa,Nước ép cam sơ ri,Orange with acerola cherry juice,35000,0,0,0,Quận 3,Hồ Chí Minh,4.6,11,Sinh tố/Nước ép/Sữa,189,10.785269737243652,106.68052673339844,40000
499,Miki - Nước Ép & Trà Sữa - Trường Sa,Nước ép cam ổi,Orange with guava juice,35000,0,0,0,Quận 3,Hồ Chí Minh,4.6,11,Sinh tố/Nước ép/Sữa,189,10.785269737243652,106.68052673339844,40000
499,Miki - Nước Ép & Trà Sữa - Trường Sa,Nước ép cam xí muội,Orange with plum juice,35000,0,0,0,Quận 3,Hồ Chí Minh,4.6,11,Sinh tố/Nước ép/Sữa,189,10.785269737243652,106.68052673339844,40000
499,Miki - Nước Ép & Trà Sữa - Trường Sa,Nước ép cam táo,Orange with apple juice,40000,0,0,0,Quận 3,Hồ Chí Minh,4.6,11,Sinh tố/Nước ép/Sữa,189,10.785269737243652,106.68052673339844,40000
499,Miki - Nước Ép & Trà Sữa - Trường Sa,Nước ép cam cà rốt,Orange with carrot juice,35000,0,0,0,Quận 3,Hồ Chí Minh,4.6,11,Sinh tố/Nước ép/Sữa,189,10.785269737243652,106.68052673339844,40000
499,Miki - Nước Ép & Trà Sữa - Trường Sa,Bưởi ép,Pomelo juice,40000,0,0,0,Quận 3,Hồ Chí Minh,4.6,11,Sinh tố/Nước ép/Sữa,189,10.785269737243652,106.68052673339844,40000
499,Miki - Nước Ép & Trà Sữa - Trường Sa,Nước ép quýt,Tangerine juice,35000,1,0,0,Quận 3,Hồ Chí Minh,4.6,11,Sinh tố/Nước ép/Sữa,189,10.785269737243652,106.68052673339844,40000
499,Miki - Nước Ép & Trà Sữa - Trường Sa,Cần - táo - cam,Celery with orange juice and apple,45000,0,0,0,Quận 3,Hồ Chí Minh,4.6,11,Sinh tố/Nước ép/Sữa,189,10.785269737243652,106.68052673339844,40000
499,Miki - Nước Ép & Trà Sữa - Trường Sa,Cần - cà rốt - táo,Celery with carrot juice and apple,45000,0,0,0,Quận 3,Hồ Chí Minh,4.6,11,Sinh tố/Nước ép/Sữa,189,10.785269737243652,106.68052673339844,40000
499,Miki - Nước Ép & Trà Sữa - Trường Sa,Cần - cà rốt - thơm,Celery with pineapple juice and carrot,45000,0,0,0,Quận 3,Hồ Chí Minh,4.6,11,Sinh tố/Nước ép/Sữa,189,10.785269737243652,106.68052673339844,40000
499,Miki - Nước Ép & Trà Sữa - Trường Sa,Cần - thơm - táo,Celery with pineapple juice and apple,45000,0,0,0,Quận 3,Hồ Chí Minh,4.6,11,Sinh tố/Nước ép/Sữa,189,10.785269737243652,106.68052673339844,40000
499,Miki - Nước Ép & Trà Sữa - Trường Sa,Cần - lê,Celery with pear juice,45000,0,0,0,Quận 3,Hồ Chí Minh,4.6,11,Sinh tố/Nước ép/Sữa,189,10.785269737243652,106.68052673339844,40000
499,Miki - Nước Ép & Trà Sữa - Trường Sa,Cần - táo,Celery with apple juice,45000,1,0,0,Quận 3,Hồ Chí Minh,4.6,11,Sinh tố/Nước ép/Sữa,189,10.785269737243652,106.68052673339844,40000
499,Miki - Nước Ép & Trà Sữa - Trường Sa,Cần - thơm,,40000,0,0,0,Quận 3,Hồ Chí Minh,4.6,11,Sinh tố/Nước ép/Sữa,189,10.785269737243652,106.68052673339844,40000
499,Miki - Nước Ép & Trà Sữa - Trường Sa,Rau cần ép,Celery juice,35000,0,0,0,Quận 3,Hồ Chí Minh,4.6,11,Sinh tố/Nước ép/Sữa,189,10.785269737243652,106.68052673339844,40000
499,Miki - Nước Ép & Trà Sữa - Trường Sa,Dưa lưới ép,Pepo juice,40000,3,0,0,Quận 3,Hồ Chí Minh,4.6,11,Sinh tố/Nước ép/Sữa,189,10.785269737243652,106.68052673339844,40000
499,Miki - Nước Ép & Trà Sữa - Trường Sa,Nước ép trái cây,Fruit juice,40000,0,0,0,Quận 3,Hồ Chí Minh,4.6,11,Sinh tố/Nước ép/Sữa,189,10.785269737243652,106.68052673339844,40000
499,Miki - Nước Ép & Trà Sữa - Trường Sa,Nước ép táo quýt,Apple with tangerine juice,40000,0,0,0,Quận 3,Hồ Chí Minh,4.6,11,Sinh tố/Nước ép/Sữa,189,10.785269737243652,106.68052673339844,40000
499,Miki - Nước Ép & Trà Sữa - Trường Sa,Nước ép cà chua sơ ri,Acerola cherry with tomato juice,35000,0,0,0,Quận 3,Hồ Chí Minh,4.6,11,Sinh tố/Nước ép/Sữa,189,10.785269737243652,106.68052673339844,40000
499,Miki - Nước Ép & Trà Sữa - Trường Sa,Nước ép cam quýt,Orange juice with tangerine,35000,0,0,0,Quận 3,Hồ Chí Minh,4.6,11,Sinh tố/Nước ép/Sữa,189,10.785269737243652,106.68052673339844,40000
499,Miki - Nước Ép & Trà Sữa - Trường Sa,Nước ép táo thơm sơ ri,"Mixed apple, pineapple and cherry juice",45000,2,0,0,Quận 3,Hồ Chí Minh,4.6,11,Sinh tố/Nước ép/Sữa,189,10.785269737243652,106.68052673339844,40000
499,Miki - Nước Ép & Trà Sữa - Trường Sa,Nước ép lựu thơm,Mixed pomegranate wit pineapple juice,45000,1,0,0,Quận 3,Hồ Chí Minh,4.6,11,Sinh tố/Nước ép/Sữa,189,10.785269737243652,106.68052673339844,40000
499,Miki - Nước Ép & Trà Sữa - Trường Sa,Nước ép lựu dưa hấu,Mixed pomegranate with watermelon juice,45000,2,0,0,Quận 3,Hồ Chí Minh,4.6,11,Sinh tố/Nước ép/Sữa,189,10.785269737243652,106.68052673339844,40000
499,Miki - Nước Ép & Trà Sữa - Trường Sa,Nước ép lê cóc ổi,"Mixed pear, ambarella and guava juice",45000,1,0,0,Quận 3,Hồ Chí Minh,4.6,11,Sinh tố/Nước ép/Sữa,189,10.785269737243652,106.68052673339844,40000
499,Miki - Nước Ép & Trà Sữa - Trường Sa,Nước ép táo cóc ổi,Apple with ambarella and guava juice,40000,0,0,0,Quận 3,Hồ Chí Minh,4.6,11,Sinh tố/Nước ép/Sữa,189,10.785269737243652,106.68052673339844,40000
499,Miki - Nước Ép & Trà Sữa - Trường Sa,Nước ép thanh long thơm táo,Mixed red dragon fruit with pineapple and apple juice,45000,0,0,0,Quận 3,Hồ Chí Minh,4.6,11,Sinh tố/Nước ép/Sữa,189,10.785269737243652,106.68052673339844,40000
499,Miki - Nước Ép & Trà Sữa - Trường Sa,Nước ép thanh long,Red dragon fruit juice,35000,0,0,0,Quận 3,Hồ Chí Minh,4.6,11,Sinh tố/Nước ép/Sữa,189,10.785269737243652,106.68052673339844,40000
499,Miki - Nước Ép & Trà Sữa - Trường Sa,Nước ép dưa hấu ổi thơm,Watermelon with guava and pineapple juice,35000,0,0,0,Quận 3,Hồ Chí Minh,4.6,11,Sinh tố/Nước ép/Sữa,189,10.785269737243652,106.68052673339844,40000
499,Miki - Nước Ép & Trà Sữa - Trường Sa,Nước ép cà rốt sơ ri,Carrot with acerola cherry juice,35000,0,0,0,Quận 3,Hồ Chí Minh,4.6,11,Sinh tố/Nước ép/Sữa,189,10.785269737243652,106.68052673339844,40000
499,Miki - Nước Ép & Trà Sữa - Trường Sa,Nước ép ổi,Guava juice,30000,2,0,0,Quận 3,Hồ Chí Minh,4.6,11,Sinh tố/Nước ép/Sữa,189,10.785269737243652,106.68052673339844,40000
499,Miki - Nước Ép & Trà Sữa - Trường Sa,Nước ép cam sữa,Orange juice with milk,35000,0,0,0,Quận 3,Hồ Chí Minh,4.6,11,Sinh tố/Nước ép/Sữa,189,10.785269737243652,106.68052673339844,40000
499,Miki - Nước Ép & Trà Sữa - Trường Sa,Nước ép cam,Orange juice,35000,1,0,0,Quận 3,Hồ Chí Minh,4.6,11,Sinh tố/Nước ép/Sữa,189,10.785269737243652,106.68052673339844,40000
499,Miki - Nước Ép & Trà Sữa - Trường Sa,Nước ép cà chua,Tomato juice,35000,1,0,0,Quận 3,Hồ Chí Minh,4.6,11,Sinh tố/Nước ép/Sữa,189,10.785269737243652,106.68052673339844,40000
499,Miki - Nước Ép & Trà Sữa - Trường Sa,Nước ép cóc ổi,Ambarella with guava juice,35000,0,0,0,Quận 3,Hồ Chí Minh,4.6,11,Sinh tố/Nước ép/Sữa,189,10.785269737243652,106.68052673339844,40000
499,Miki - Nước Ép & Trà Sữa - Trường Sa,Nước ép lựu,Pomegranate juice,40000,4,0,0,Quận 3,Hồ Chí Minh,4.6,11,Sinh tố/Nước ép/Sữa,189,10.785269737243652,106.68052673339844,40000
499,Miki - Nước Ép & Trà Sữa - Trường Sa,Nước ép thơm cam carốt,Pineapple juice with orange,35000,1,0,0,Quận 3,Hồ Chí Minh,4.6,11,Sinh tố/Nước ép/Sữa,189,10.785269737243652,106.68052673339844,40000
499,Miki - Nước Ép & Trà Sữa - Trường Sa,Nước ép thơm sữa,Pineapple juicw with milk,35000,1,0,0,Quận 3,Hồ Chí Minh,4.6,11,Sinh tố/Nước ép/Sữa,189,10.785269737243652,106.68052673339844,40000
499,Miki - Nước Ép & Trà Sữa - Trường Sa,Nước ép thơm,Pineapple juice,35000,6,0,0,Quận 3,Hồ Chí Minh,4.6,11,Sinh tố/Nước ép/Sữa,189,10.785269737243652,106.68052673339844,40000
499,Miki - Nước Ép & Trà Sữa - Trường Sa,Nước ép cà rốt,Carrot juice,30000,0,0,0,Quận 3,Hồ Chí Minh,4.6,11,Sinh tố/Nước ép/Sữa,189,10.785269737243652,106.68052673339844,40000
499,Miki - Nước Ép & Trà Sữa - Trường Sa,Nước ép dâu sữa,Strawberry juice with milk,45000,2,0,0,Quận 3,Hồ Chí Minh,4.6,11,Sinh tố/Nước ép/Sữa,189,10.785269737243652,106.68052673339844,40000
499,Miki - Nước Ép & Trà Sữa - Trường Sa,Nước ép dâu,Strawberry juice,40000,0,0,0,Quận 3,Hồ Chí Minh,4.6,11,Sinh tố/Nước ép/Sữa,189,10.785269737243652,106.68052673339844,40000
499,Miki - Nước Ép & Trà Sữa - Trường Sa,Nước ép lê sữa,Pear juice with milk,40000,0,0,0,Quận 3,Hồ Chí Minh,4.6,11,Sinh tố/Nước ép/Sữa,189,10.785269737243652,106.68052673339844,40000
499,Miki - Nước Ép & Trà Sữa - Trường Sa,Nước ép cà chua thơm,Tomato with pineapple juice,35000,0,0,0,Quận 3,Hồ Chí Minh,4.6,11,Sinh tố/Nước ép/Sữa,189,10.785269737243652,106.68052673339844,40000
499,Miki - Nước Ép & Trà Sữa - Trường Sa,Nước ép cà chua táo,Tomato with apple juice,40000,0,0,0,Quận 3,Hồ Chí Minh,4.6,11,Sinh tố/Nước ép/Sữa,189,10.785269737243652,106.68052673339844,40000
499,Miki - Nước Ép & Trà Sữa - Trường Sa,Nước ép dưa hấu cà rốt,Watermelon with carrot juice,35000,0,0,0,Quận 3,Hồ Chí Minh,4.6,11,Sinh tố/Nước ép/Sữa,189,10.785269737243652,106.68052673339844,40000
499,Miki - Nước Ép & Trà Sữa - Trường Sa,Nước ép dưa hấu thơm,Watermelon with pineapple juice,35000,2,0,0,Quận 3,Hồ Chí Minh,4.6,11,Sinh tố/Nước ép/Sữa,189,10.785269737243652,106.68052673339844,40000
499,Miki - Nước Ép & Trà Sữa - Trường Sa,Nước ép dâu sơ ri,Acerola cherry with strawberry juice,45000,0,0,0,Quận 3,Hồ Chí Minh,4.6,11,Sinh tố/Nước ép/Sữa,189,10.785269737243652,106.68052673339844,40000
499,Miki - Nước Ép & Trà Sữa - Trường Sa,Nước ép dâu thơm,Strawberry with pineapple juice,40000,1,0,0,Quận 3,Hồ Chí Minh,4.6,11,Sinh tố/Nước ép/Sữa,189,10.785269737243652,106.68052673339844,40000
499,Miki - Nước Ép & Trà Sữa - Trường Sa,Nước ép dâu táo,Strawberry with apple juice,45000,1,0,0,Quận 3,Hồ Chí Minh,4.6,11,Sinh tố/Nước ép/Sữa,189,10.785269737243652,106.68052673339844,40000
499,Miki - Nước Ép & Trà Sữa - Trường Sa,Nước ép dâu lê,Strawberry with pear juice,45000,1,0,0,Quận 3,Hồ Chí Minh,4.6,11,Sinh tố/Nước ép/Sữa,189,10.785269737243652,106.68052673339844,40000
499,Miki - Nước Ép & Trà Sữa - Trường Sa,Nước ép cam dâu,Orange with strawberry juice,40000,0,0,0,Quận 3,Hồ Chí Minh,4.6,11,Sinh tố/Nước ép/Sữa,189,10.785269737243652,106.68052673339844,40000
499,Miki - Nước Ép & Trà Sữa - Trường Sa,Nước ép sơ ri lê,Acerola cherry with pear juice,40000,0,0,0,Quận 3,Hồ Chí Minh,4.6,11,Sinh tố/Nước ép/Sữa,189,10.785269737243652,106.68052673339844,40000
499,Miki - Nước Ép & Trà Sữa - Trường Sa,Nước ép lê cà rốt,Pear with carrot juice,40000,0,0,0,Quận 3,Hồ Chí Minh,4.6,11,Sinh tố/Nước ép/Sữa,189,10.785269737243652,106.68052673339844,40000
499,Miki - Nước Ép & Trà Sữa - Trường Sa,Nước ép lê thơm,Pear with pineapple juice,40000,0,0,0,Quận 3,Hồ Chí Minh,4.6,11,Sinh tố/Nước ép/Sữa,189,10.785269737243652,106.68052673339844,40000
499,Miki - Nước Ép & Trà Sữa - Trường Sa,Nước ép lê táo,Pear with apple juice,45000,0,0,0,Quận 3,Hồ Chí Minh,4.6,11,Sinh tố/Nước ép/Sữa,189,10.785269737243652,106.68052673339844,40000
499,Miki - Nước Ép & Trà Sữa - Trường Sa,Nước ép lê cóc,Pear with ambarella juice,45000,0,0,0,Quận 3,Hồ Chí Minh,4.6,11,Sinh tố/Nước ép/Sữa,189,10.785269737243652,106.68052673339844,40000
499,Miki - Nước Ép & Trà Sữa - Trường Sa,Nước ép lê,Pear juice,40000,0,0,0,Quận 3,Hồ Chí Minh,4.6,11,Sinh tố/Nước ép/Sữa,189,10.785269737243652,106.68052673339844,40000
499,Miki - Nước Ép & Trà Sữa - Trường Sa,Nước ép cà rốt,Carrot juice,30000,1,0,0,Quận 3,Hồ Chí Minh,4.6,11,Sinh tố/Nước ép/Sữa,189,10.785269737243652,106.68052673339844,40000
499,Miki - Nước Ép & Trà Sữa - Trường Sa,Nước ép táo,Apple juice,40000,1,0,0,Quận 3,Hồ Chí Minh,4.6,11,Sinh tố/Nước ép/Sữa,189,10.785269737243652,106.68052673339844,40000
499,Miki - Nước Ép & Trà Sữa - Trường Sa,Nước ép sơ ri,Acerola cherry juice,35000,7,0,0,Quận 3,Hồ Chí Minh,4.6,11,Sinh tố/Nước ép/Sữa,189,10.785269737243652,106.68052673339844,40000
499,Miki - Nước Ép & Trà Sữa - Trường Sa,Nước ép dền - cà rốt,,35000,0,0,0,Quận 3,Hồ Chí Minh,4.6,11,Sinh tố/Nước ép/Sữa,189,10.785269737243652,106.68052673339844,40000
499,Miki - Nước Ép & Trà Sữa - Trường Sa,Nước dừa - cơm dừa,,27000,4,0,0,Quận 3,Hồ Chí Minh,4.6,11,Sinh tố/Nước ép/Sữa,189,10.785269737243652,106.68052673339844,40000
499,Miki - Nước Ép & Trà Sữa - Trường Sa,Dừa tắc,,35000,6,0,0,Quận 3,Hồ Chí Minh,4.6,11,Sinh tố/Nước ép/Sữa,189,10.785269737243652,106.68052673339844,40000
499,Miki - Nước Ép & Trà Sữa - Trường Sa,Cà phê đá,,25000,1,0,0,Quận 3,Hồ Chí Minh,4.6,11,Sinh tố/Nước ép/Sữa,189,10.785269737243652,106.68052673339844,40000
499,Miki - Nước Ép & Trà Sữa - Trường Sa,Cà phê sữa đá,,30000,2,0,0,Quận 3,Hồ Chí Minh,4.6,11,Sinh tố/Nước ép/Sữa,189,10.785269737243652,106.68052673339844,40000
499,Miki - Nước Ép & Trà Sữa - Trường Sa,Sữa tươi cà phê,Fresh milk coffee,35000,1,0,0,Quận 3,Hồ Chí Minh,4.6,11,Sinh tố/Nước ép/Sữa,189,10.785269737243652,106.68052673339844,40000
499,Miki - Nước Ép & Trà Sữa - Trường Sa,Bạc sỉu,White coffee,30000,0,0,0,Quận 3,Hồ Chí Minh,4.6,11,Sinh tố/Nước ép/Sữa,189,10.785269737243652,106.68052673339844,40000
499,Miki - Nước Ép & Trà Sữa - Trường Sa,Chanh dây,,25000,0,0,0,Quận 3,Hồ Chí Minh,4.6,11,Sinh tố/Nước ép/Sữa,189,10.785269737243652,106.68052673339844,40000
499,Miki - Nước Ép & Trà Sữa - Trường Sa,Hồng trà macchiato,Black tea macchiato,35000,0,0,0,Quận 3,Hồ Chí Minh,4.6,11,Sinh tố/Nước ép/Sữa,189,10.785269737243652,106.68052673339844,40000
499,Miki - Nước Ép & Trà Sữa - Trường Sa,Matcha kem cheese,Matcha cheese creamy,55000,5,0,0,Quận 3,Hồ Chí Minh,4.6,11,Sinh tố/Nước ép/Sữa,189,10.785269737243652,106.68052673339844,40000
499,Miki - Nước Ép & Trà Sữa - Trường Sa,Matcha sữa tươi trân châu,Bubble match fresh milk,35000,1,0,0,Quận 3,Hồ Chí Minh,4.6,11,Sinh tố/Nước ép/Sữa,189,10.785269737243652,106.68052673339844,40000
499,Miki - Nước Ép & Trà Sữa - Trường Sa,Socola sữa tươi trân châu,Bubble chocolate fresh milk,35000,1,0,0,Quận 3,Hồ Chí Minh,4.6,11,Sinh tố/Nước ép/Sữa,189,10.785269737243652,106.68052673339844,40000
499,Miki - Nước Ép & Trà Sữa - Trường Sa,Sữa tươi khoai môn trân châu đường đen,Brown sugar bubble taro fresh milk,35000,0,0,0,Quận 3,Hồ Chí Minh,4.6,11,Sinh tố/Nước ép/Sữa,189,10.785269737243652,106.68052673339844,40000
499,Miki - Nước Ép & Trà Sữa - Trường Sa,Sữa tươi trân châu kem cheese,Bubble fresh milk with cheese creamy,55000,1,0,0,Quận 3,Hồ Chí Minh,4.6,11,Sinh tố/Nước ép/Sữa,189,10.785269737243652,106.68052673339844,40000
499,Miki - Nước Ép & Trà Sữa - Trường Sa,Sữa tươi đường đen,Brown sugar fresh milk,30000,4,0,0,Quận 3,Hồ Chí Minh,4.6,11,Sinh tố/Nước ép/Sữa,189,10.785269737243652,106.68052673339844,40000
499,Miki - Nước Ép & Trà Sữa - Trường Sa,Trà sữa truyền thống,,30000,2,0,0,Quận 3,Hồ Chí Minh,4.6,11,Sinh tố/Nước ép/Sữa,189,10.785269737243652,106.68052673339844,40000
28704,Trà Dâu Mr. Đỏ - Đinh Tiên Hoàng,Trà Dâu Tây ,Dâu tươi nguyên chất 100% từ ĐÀ LẠT.,25000,1008,8,0,Quận 1,Thành phố Hồ Chí Minh,4.8,236,Cà Phê/Trà,189,10.792960166931152,106.6958236694336,30000
28704,Trà Dâu Mr. Đỏ - Đinh Tiên Hoàng,Trà dâu tằm ,,25000,535,3,2,Quận 1,Thành phố Hồ Chí Minh,4.8,236,Cà Phê/Trà,189,10.792960166931152,106.6958236694336,30000
28704,Trà Dâu Mr. Đỏ - Đinh Tiên Hoàng,Sữa chua dâu tây,,30000,114,3,0,Quận 1,Thành phố Hồ Chí Minh,4.8,236,Cà Phê/Trà,189,10.792960166931152,106.6958236694336,30000
28704,Trà Dâu Mr. Đỏ - Đinh Tiên Hoàng,Sữa chua dâu tằm,,30000,100,1,0,Quận 1,Thành phố Hồ Chí Minh,4.8,236,Cà Phê/Trà,189,10.792960166931152,106.6958236694336,30000
28704,Trà Dâu Mr. Đỏ - Đinh Tiên Hoàng,Sữa chua đác thơm,,35000,46,0,0,Quận 1,Thành phố Hồ Chí Minh,4.8,236,Cà Phê/Trà,189,10.792960166931152,106.6958236694336,30000
28704,Trà Dâu Mr. Đỏ - Đinh Tiên Hoàng,Sữa chua phúc bồn tử đác thơm,,35000,75,0,0,Quận 1,Thành phố Hồ Chí Minh,4.8,236,Cà Phê/Trà,189,10.792960166931152,106.6958236694336,30000
28704,Trà Dâu Mr. Đỏ - Đinh Tiên Hoàng,Trà Ổi hồng,,25000,146,3,1,Quận 1,Thành phố Hồ Chí Minh,4.8,236,Cà Phê/Trà,189,10.792960166931152,106.6958236694336,30000
28704,Trà Dâu Mr. Đỏ - Đinh Tiên Hoàng,Trà Vải ,,25000,109,1,1,Quận 1,Thành phố Hồ Chí Minh,4.8,236,Cà Phê/Trà,189,10.792960166931152,106.6958236694336,30000
28704,Trà Dâu Mr. Đỏ - Đinh Tiên Hoàng,Trà Đác Thơm ,,25000,178,3,1,Quận 1,Thành phố Hồ Chí Minh,4.8,236,Cà Phê/Trà,189,10.792960166931152,106.6958236694336,30000
28704,Trà Dâu Mr. Đỏ - Đinh Tiên Hoàng,Trà đào đỏ,,30000,46,1,2,Quận 1,Thành phố Hồ Chí Minh,4.8,236,Cà Phê/Trà,189,10.792960166931152,106.6958236694336,30000
28704,Trà Dâu Mr. Đỏ - Đinh Tiên Hoàng,Trà hibicus vải,,35000,11,0,0,Quận 1,Thành phố Hồ Chí Minh,4.8,236,Cà Phê/Trà,189,10.792960166931152,106.6958236694336,30000
28704,Trà Dâu Mr. Đỏ - Đinh Tiên Hoàng,Yakult vải,,35000,26,0,0,Quận 1,Thành phố Hồ Chí Minh,4.8,236,Cà Phê/Trà,189,10.792960166931152,106.6958236694336,30000
28704,Trà Dâu Mr. Đỏ - Đinh Tiên Hoàng,Yakult ổi,,35000,16,0,0,Quận 1,Thành phố Hồ Chí Minh,4.8,236,Cà Phê/Trà,189,10.792960166931152,106.6958236694336,30000
28704,Trà Dâu Mr. Đỏ - Đinh Tiên Hoàng,Yakult đác thơm,,35000,16,0,0,Quận 1,Thành phố Hồ Chí Minh,4.8,236,Cà Phê/Trà,189,10.792960166931152,106.6958236694336,30000
28704,Trà Dâu Mr. Đỏ - Đinh Tiên Hoàng,Trà đào,,30000,36,0,0,Quận 1,Thành phố Hồ Chí Minh,4.8,236,Cà Phê/Trà,189,10.792960166931152,106.6958236694336,30000
28704,Trà Dâu Mr. Đỏ - Đinh Tiên Hoàng,Trà Mãng Cầu,,25000,401,7,1,Quận 1,Thành phố Hồ Chí Minh,4.8,236,Cà Phê/Trà,189,10.792960166931152,106.6958236694336,30000
28704,Trà Dâu Mr. Đỏ - Đinh Tiên Hoàng,Trà Thơm Thốt Nốt,,25000,89,2,2,Quận 1,Thành phố Hồ Chí Minh,4.8,236,Cà Phê/Trà,189,10.792960166931152,106.6958236694336,30000
15799,Nước Mía & Trà Tắc 116 - Rạch Bùng Binh,Mía cam,Ly lớn,20000,120,1,0,Quận 3,Hồ Chí Minh,4.9,136,Sinh tố/Nước ép/Sữa,189,10.78300952911377,106.68031311035156,20000
15799,Nước Mía & Trà Tắc 116 - Rạch Bùng Binh,Nước mía,Ly lớn,14000,332,3,0,Quận 3,Hồ Chí Minh,4.9,136,Sinh tố/Nước ép/Sữa,189,10.78300952911377,106.68031311035156,20000
15799,Nước Mía & Trà Tắc 116 - Rạch Bùng Binh,Nước mía sữa đậu xanh,Ly lớn,20000,13,1,0,Quận 3,Hồ Chí Minh,4.9,136,Sinh tố/Nước ép/Sữa,189,10.78300952911377,106.68031311035156,20000
15799,Nước Mía & Trà Tắc 116 - Rạch Bùng Binh,Nước mía có tắc,Ly lớn,14000,212,3,0,Quận 3,Hồ Chí Minh,4.9,136,Sinh tố/Nước ép/Sữa,189,10.78300952911377,106.68031311035156,20000
15799,Nước Mía & Trà Tắc 116 - Rạch Bùng Binh,mía cốt dừa,,20000,3,1,0,Quận 3,Hồ Chí Minh,4.9,136,Sinh tố/Nước ép/Sữa,189,10.78300952911377,106.68031311035156,20000
15799,Nước Mía & Trà Tắc 116 - Rạch Bùng Binh,Trà tắc,Ly lớn,14000,642,7,0,Quận 3,Hồ Chí Minh,4.9,136,Sinh tố/Nước ép/Sữa,189,10.78300952911377,106.68031311035156,20000
15799,Nước Mía & Trà Tắc 116 - Rạch Bùng Binh,Trà me,,20000,10,0,0,Quận 3,Hồ Chí Minh,4.9,136,Sinh tố/Nước ép/Sữa,189,10.78300952911377,106.68031311035156,20000
15799,Nước Mía & Trà Tắc 116 - Rạch Bùng Binh,Chanh dây không hạt,Ly lớn,20000,118,3,0,Quận 3,Hồ Chí Minh,4.9,136,Sinh tố/Nước ép/Sữa,189,10.78300952911377,106.68031311035156,20000
15799,Nước Mía & Trà Tắc 116 - Rạch Bùng Binh,chanh dây sữa ko hạt,,25000,2,0,0,Quận 3,Hồ Chí Minh,4.9,136,Sinh tố/Nước ép/Sữa,189,10.78300952911377,106.68031311035156,20000
15799,Nước Mía & Trà Tắc 116 - Rạch Bùng Binh,Cafe sữa đá,,16000,8,0,0,Quận 3,Hồ Chí Minh,4.9,136,Sinh tố/Nước ép/Sữa,189,10.78300952911377,106.68031311035156,20000
15799,Nước Mía & Trà Tắc 116 - Rạch Bùng Binh,Cafe đen đá,,14000,4,0,0,Quận 3,Hồ Chí Minh,4.9,136,Sinh tố/Nước ép/Sữa,189,10.78300952911377,106.68031311035156,20000
15799,Nước Mía & Trà Tắc 116 - Rạch Bùng Binh,Sữa tươi cafe,,20000,8,0,0,Quận 3,Hồ Chí Minh,4.9,136,Sinh tố/Nước ép/Sữa,189,10.78300952911377,106.68031311035156,20000
15799,Nước Mía & Trà Tắc 116 - Rạch Bùng Binh,bạc sỉu,,20000,0,0,0,Quận 3,Hồ Chí Minh,4.9,136,Sinh tố/Nước ép/Sữa,189,10.78300952911377,106.68031311035156,20000
15799,Nước Mía & Trà Tắc 116 - Rạch Bùng Binh,Khoai môn sữa,,20000,13,1,0,Quận 3,Hồ Chí Minh,4.9,136,Sinh tố/Nước ép/Sữa,189,10.78300952911377,106.68031311035156,20000
15799,Nước Mía & Trà Tắc 116 - Rạch Bùng Binh,Sâm dứa sữa,,20000,43,0,0,Quận 3,Hồ Chí Minh,4.9,136,Sinh tố/Nước ép/Sữa,189,10.78300952911377,106.68031311035156,20000
15799,Nước Mía & Trà Tắc 116 - Rạch Bùng Binh,Dưa lưới sữa,,20000,12,0,0,Quận 3,Hồ Chí Minh,4.9,136,Sinh tố/Nước ép/Sữa,189,10.78300952911377,106.68031311035156,20000
15799,Nước Mía & Trà Tắc 116 - Rạch Bùng Binh,Sữa bắp,,20000,19,0,0,Quận 3,Hồ Chí Minh,4.9,136,Sinh tố/Nước ép/Sữa,189,10.78300952911377,106.68031311035156,20000
15799,Nước Mía & Trà Tắc 116 - Rạch Bùng Binh,Lipton sữa,,20000,8,0,1,Quận 3,Hồ Chí Minh,4.9,136,Sinh tố/Nước ép/Sữa,189,10.78300952911377,106.68031311035156,20000
15799,Nước Mía & Trà Tắc 116 - Rạch Bùng Binh,Sữa dừa,,20000,7,1,0,Quận 3,Hồ Chí Minh,4.9,136,Sinh tố/Nước ép/Sữa,189,10.78300952911377,106.68031311035156,20000
15799,Nước Mía & Trà Tắc 116 - Rạch Bùng Binh,Cam sữa ly vừa ,,25000,7,0,0,Quận 3,Hồ Chí Minh,4.9,136,Sinh tố/Nước ép/Sữa,189,10.78300952911377,106.68031311035156,20000
15799,Nước Mía & Trà Tắc 116 - Rạch Bùng Binh,Cam ép ly vừa ,,20000,34,0,0,Quận 3,Hồ Chí Minh,4.9,136,Sinh tố/Nước ép/Sữa,189,10.78300952911377,106.68031311035156,20000
15799,Nước Mía & Trà Tắc 116 - Rạch Bùng Binh,cam sữa ly lớn,,30000,2,0,0,Quận 3,Hồ Chí Minh,4.9,136,Sinh tố/Nước ép/Sữa,189,10.78300952911377,106.68031311035156,20000
15799,Nước Mía & Trà Tắc 116 - Rạch Bùng Binh,cam ép ly lớn,,25000,11,1,0,Quận 3,Hồ Chí Minh,4.9,136,Sinh tố/Nước ép/Sữa,189,10.78300952911377,106.68031311035156,20000
15799,Nước Mía & Trà Tắc 116 - Rạch Bùng Binh,Nước rau má,,16000,91,2,0,Quận 3,Hồ Chí Minh,4.9,136,Sinh tố/Nước ép/Sữa,189,10.78300952911377,106.68031311035156,20000
15799,Nước Mía & Trà Tắc 116 - Rạch Bùng Binh,Nước rau má sữa,,20000,23,1,0,Quận 3,Hồ Chí Minh,4.9,136,Sinh tố/Nước ép/Sữa,189,10.78300952911377,106.68031311035156,20000
15799,Nước Mía & Trà Tắc 116 - Rạch Bùng Binh,Rau má đậu xanh,,20000,36,1,0,Quận 3,Hồ Chí Minh,4.9,136,Sinh tố/Nước ép/Sữa,189,10.78300952911377,106.68031311035156,20000
15799,Nước Mía & Trà Tắc 116 - Rạch Bùng Binh,Rau má sữa đậu xanh,,25000,13,0,0,Quận 3,Hồ Chí Minh,4.9,136,Sinh tố/Nước ép/Sữa,189,10.78300952911377,106.68031311035156,20000
15799,Nước Mía & Trà Tắc 116 - Rạch Bùng Binh,Rau má sữa dừa ,,25000,4,0,0,Quận 3,Hồ Chí Minh,4.9,136,Sinh tố/Nước ép/Sữa,189,10.78300952911377,106.68031311035156,20000
15799,Nước Mía & Trà Tắc 116 - Rạch Bùng Binh,Cacao sữa đá,,22000,0,0,0,Quận 3,Hồ Chí Minh,4.9,136,Sinh tố/Nước ép/Sữa,189,10.78300952911377,106.68031311035156,20000
23352,N.U.T - Trà Sữa Hạt - Thạch Thị Thanh,Trà Mãng Cầu Xiêm (size L),"Mãng cầu xiêm chua chua ngọt ngọt kết hợp với trà xanh tự nhiên ...cho ra ly trà thanh mát ngày hè. Không những vậy ,thêm múi mãng cầu dai dai giòn sật sật... vừa uống vừa ăn đã miệng lắm luôn khách ơi!!",34000,22,0,0,Quận 1,Hồ Chí Minh,4.4,8,Sinh tố/Nước ép/Sữa,189,10.791029930114746,106.6913070678711,33500
23352,N.U.T - Trà Sữa Hạt - Thạch Thị Thanh,Trà Vải Hoa Lài (size L),"Thức Uống giúp thư giãn tinh thần, cải thiện tiêu hóa, tăng cường hệ miễn dịch, và hỗ trợ giảm cân. Hương thơm hoa lài giúp giảm căng thẳng, lo âu, và cải thiện chất lượng giấc ngủ. Trà vải lài còn có khả năng chống oxy hóa, bảo vệ tim mạch, và có thể giúp ngăn ngừa một số bệnh ung thư",39000,0,0,0,Quận 1,Hồ Chí Minh,4.4,8,Sinh tố/Nước ép/Sữa,189,10.791029930114746,106.6913070678711,33500
23352,N.U.T - Trà Sữa Hạt - Thạch Thị Thanh,Trà Chanh Gừng Mật Ong (size L),"Trà chanh gừng mật ong có công dụng giải cảm, loại bỏ độc tố trong cơ thể, trị bỏng, giảm mụn, thâm và giúp bạn tăng khả năng tập trung trong công việc. Ngoài ra, chanh, gừng, mật ong còn giúp các bạn nữ giảm cân, giữ dáng, đẹp da và giảm đau bụng trong kỳ kinh nguyệt nữa đấy.",36000,0,0,0,Quận 1,Hồ Chí Minh,4.4,8,Sinh tố/Nước ép/Sữa,189,10.791029930114746,106.6913070678711,33500
23352,N.U.T - Trà Sữa Hạt - Thạch Thị Thanh,Trà Hoa Cúc Long Nhãn (size L),"Trà hoa cúc táo đỏ long nhãn đc nấu bằng đường phèn, để trà có độ ngọt thanh tốt cho sức khoẻ. Trà giúp bồi bổ cơ thể, tăng cường sức đề kháng, cải thiện giấc ngủ, hỗ trợ tiêu hóa, tốt tim mạch. Đặc biệt các thành phần trong trà này có thể giúp nuôi dưỡng làn da, làm sáng mịn và ngăn ngừa lão hóa.",36000,0,0,0,Quận 1,Hồ Chí Minh,4.4,8,Sinh tố/Nước ép/Sữa,189,10.791029930114746,106.6913070678711,33500
23352,N.U.T - Trà Sữa Hạt - Thạch Thị Thanh,YOGURT DÂU (size L) tặng topping nha đam,"Yogurt là loại thực phẩm có lợi cho cơ thể, bổ sung lợi khuẩn đường ruột, cung cấp protein cho cơ thể, giúp ngăn ngừa loãng xương , tốt cho tim mạch và tuần hoàn máu, làm đẹp làn da, giữ dáng…",42000,0,0,0,Quận 1,Hồ Chí Minh,4.4,8,Sinh tố/Nước ép/Sữa,189,10.791029930114746,106.6913070678711,33500
23352,N.U.T - Trà Sữa Hạt - Thạch Thị Thanh,Yogurt Việt Quất (size L) tặng topping nha đam,"Yogurt là loại thực phẩm có lợi cho cơ thể, bổ sung lợi khuẩn đường ruột, cung cấp protein cho cơ thể, giúp ngăn ngừa loãng xương , tốt cho tim mạch và tuần hoàn máu, làm đẹp làn da, giữ dáng…",43000,0,0,0,Quận 1,Hồ Chí Minh,4.4,8,Sinh tố/Nước ép/Sữa,189,10.791029930114746,106.6913070678711,33500
23352,N.U.T - Trà Sữa Hạt - Thạch Thị Thanh,Yogurt Quả Mâm Xôi (size L) tặng topping nha đam,"Yogurt là loại thực phẩm có lợi cho cơ thể, bổ sung lợi khuẩn đường ruột, cung cấp protein cho cơ thể, giúp ngăn ngừa loãng xương , tốt cho tim mạch và tuần hoàn máu, làm đẹp làn da, giữ dáng…",42000,0,0,0,Quận 1,Hồ Chí Minh,4.4,8,Sinh tố/Nước ép/Sữa,189,10.791029930114746,106.6913070678711,33500
23352,N.U.T - Trà Sữa Hạt - Thạch Thị Thanh,Yogurt Chanh Dây (size L) tặng topping nha đam,"Yogurt là loại thực phẩm có lợi cho cơ thể, bổ sung lợi khuẩn đường ruột, cung cấp protein cho cơ thể, giúp ngăn ngừa loãng xương , tốt cho tim mạch và tuần hoàn máu, làm đẹp làn da, giữ dáng…",42000,0,0,0,Quận 1,Hồ Chí Minh,4.4,8,Sinh tố/Nước ép/Sữa,189,10.791029930114746,106.6913070678711,33500
23352,N.U.T - Trà Sữa Hạt - Thạch Thị Thanh,Bánh Bột Lọc Lá Chuối Nhân Tôm Thịt (phần 6 cái),khách đặt vui lòng chờ 15-20p hấp bánh chín-quán kèm sẵn bao tay-Khách thưởng thức bánh tự bóc lớp lá chuối (ăn tới đâu-bóc tới đó) để cảm nhận đc vị bánh nguyên lá hương thơm truyền thống xứ HuếMùi bánh hòa quyện với mùi lá chuối-vỏ dai mền trong veo-nhân tôm thịt đ.đà quyện chút nước chấm mằn mặn,48000,0,0,0,Quận 1,Hồ Chí Minh,4.4,8,Sinh tố/Nước ép/Sữa,189,10.791029930114746,106.6913070678711,33500
23352,N.U.T - Trà Sữa Hạt - Thạch Thị Thanh,Bánh Bột Lọc Lá Chuối Nhân Tôm Thịt (phần 10 cái),khách đặt vui lòng chờ 15-20p hấp bánh chín-quán kèm sẵn bao tay-Khách thưởng thức bánh tự bóc lớp lá chuối (ăn tới đâu-bóc tới đó) để cảm nhận đc vị bánh nguyên lá hương thơm truyền thống xứ HuếMùi bánh hòa quyện với mùi lá chuối-vỏ dai mền trong veo-nhân tôm thịt đ.đà quyện chút nước chấm mằn mặn,78000,0,0,0,Quận 1,Hồ Chí Minh,4.4,8,Sinh tố/Nước ép/Sữa,189,10.791029930114746,106.6913070678711,33500
23352,N.U.T - Trà Sữa Hạt - Thạch Thị Thanh,Bánh Bột Lọc Lá Chuối Nhân Tôm Thịt (phần 15 cái),khách đặt vui lòng chờ 15-20p hấp bánh chín-quán kèm sẵn bao tay-Khách thưởng thức bánh tự bóc lớp lá chuối (ăn tới đâu-bóc tới đó) để cảm nhận đc vị bánh nguyên lá hương thơm truyền thống xứ HuếMùi bánh hòa quyện với mùi lá chuối-vỏ dai mền trong veo-nhân tôm thịt đ.đà quyện chút nước chấm mằn mặn,115000,0,0,0,Quận 1,Hồ Chí Minh,4.4,8,Sinh tố/Nước ép/Sữa,189,10.791029930114746,106.6913070678711,33500
23352,N.U.T - Trà Sữa Hạt - Thạch Thị Thanh,Soda Mãng Cầu Xiêm (size L),"Soda mãng cầu là một loại thức uống giải khát được yêu thích, vào những ngày nóng. Ngoài việc mang lại cảm giác sảng khoái, thức uống này còn có nhiều lợi ích sức khỏe như: tăng cường hệ miễn dịch, hỗ trợ tiêu hóa, cung cấp năng lượng và có thể hỗ trợ giảm cân",39000,0,0,0,Quận 1,Hồ Chí Minh,4.4,8,Sinh tố/Nước ép/Sữa,189,10.791029930114746,106.6913070678711,33500
23352,N.U.T - Trà Sữa Hạt - Thạch Thị Thanh,Soda Trái Vải (size L),"Soda trái vải mang lại nhiều lợi ích cho sức khỏe, bao gồm giải khát, hỗ trợ tiêu hóa, làm đẹp da và cung cấp vitamin. Vải thiều chứa nhiều vitamin và khoáng chất, trong khi soda giúp cân bằng độ pH cho da và hỗ trợ tiêu hóa.",39000,0,0,0,Quận 1,Hồ Chí Minh,4.4,8,Sinh tố/Nước ép/Sữa,189,10.791029930114746,106.6913070678711,33500
23352,N.U.T - Trà Sữa Hạt - Thạch Thị Thanh,Soda Quả Mâm Xôi (size L),"Thức uống vị chua ngọt đặc trưng của mâm xôi và quả vải - kết hợp với vị gas của soda tạo nên sự sảng khoái, thường được yêu thích trong những ngày nóng. Quả mâm xôi cung cấp dồi dào vitamin, khoáng chất và chất chống oxy hóa, có thể hỗ trợ tăng cường sức khỏe tim mạch, hệ miễn dịch, tiêu hóa",39000,0,0,0,Quận 1,Hồ Chí Minh,4.4,8,Sinh tố/Nước ép/Sữa,189,10.791029930114746,106.6913070678711,33500
23352,N.U.T - Trà Sữa Hạt - Thạch Thị Thanh,Soda Dâu Tây Đỏ Mọng (size L),"Soda dâu có vị ngọt, chua nhẹ và hương thơm đặc trưng của dâu tây, tạo cảm giác sảng khoái.Soda dâu có gas giúp giải khát nhanh chóng, đặc biệt là trong những ngày thời tiết nóng bức",36000,0,0,0,Quận 1,Hồ Chí Minh,4.4,8,Sinh tố/Nước ép/Sữa,189,10.791029930114746,106.6913070678711,33500
23352,N.U.T - Trà Sữa Hạt - Thạch Thị Thanh,Soda Chanh Dây (size L),"Soda chanh dây là một thức uống giải khát ngon và nhiều lợi ích cho sức khỏe. Soda chanh dây có vị chua ngọt, thơm mát của chanh dây kết hợp với ga của soda, giúp giải nhiệt và sảng khoái, Ngoài ra, chanh dây còn cung cấp nhiều vitamin và khoáng chất, giúp tăng cường sức đề kháng và hỗ trợ tiêu hóa",36000,0,0,0,Quận 1,Hồ Chí Minh,4.4,8,Sinh tố/Nước ép/Sữa,189,10.791029930114746,106.6913070678711,33500
23352,N.U.T - Trà Sữa Hạt - Thạch Thị Thanh,Soda Quả Việt Quất (size L),"Soda việt quất là thức uống ngon và có nhiều lợi ích cho sức khỏe, đặc biệt là vào mùa hè. Hương vị chua ngọt của việt quất kết hợp với vị sảng khoái của soda tạo nên một thức uống giải khát tuyệt vời. việt quất còn chứa nhiều chất chống oxy hóa và các vitamin, khoáng chất có lợi cho cơ thể",36000,0,0,0,Quận 1,Hồ Chí Minh,4.4,8,Sinh tố/Nước ép/Sữa,189,10.791029930114746,106.6913070678711,33500
4312,Mtea & Coffee - Trần Quốc Toản,Cà phê đen đá,,25000,0,0,0,Quận 3,Hồ Chí Minh,5.0,8,Cà Phê/Trà,189,10.789549827575684,106.68948364257812,40000
4312,Mtea & Coffee - Trần Quốc Toản,Cà phê sữa đá,,29000,7,0,0,Quận 3,Hồ Chí Minh,5.0,8,Cà Phê/Trà,189,10.789549827575684,106.68948364257812,40000
4312,Mtea & Coffee - Trần Quốc Toản,Cà phê muối,,35000,5,0,0,Quận 3,Hồ Chí Minh,5.0,8,Cà Phê/Trà,189,10.789549827575684,106.68948364257812,40000
4312,Mtea & Coffee - Trần Quốc Toản,Cà phê sữa tươi Mtea,,35000,6,0,0,Quận 3,Hồ Chí Minh,5.0,8,Cà Phê/Trà,189,10.789549827575684,106.68948364257812,40000
4312,Mtea & Coffee - Trần Quốc Toản,Cà phê sữa tươi đường đen,,35000,1,0,0,Quận 3,Hồ Chí Minh,5.0,8,Cà Phê/Trà,189,10.789549827575684,106.68948364257812,40000
4312,Mtea & Coffee - Trần Quốc Toản,Cà phê sữa chua,,35000,0,0,0,Quận 3,Hồ Chí Minh,5.0,8,Cà Phê/Trà,189,10.789549827575684,106.68948364257812,40000
4312,Mtea & Coffee - Trần Quốc Toản,Cà phê choco,,45000,1,0,0,Quận 3,Hồ Chí Minh,5.0,8,Cà Phê/Trà,189,10.789549827575684,106.68948364257812,40000
4312,Mtea & Coffee - Trần Quốc Toản,Caramel machiato,,40000,1,0,0,Quận 3,Hồ Chí Minh,5.0,8,Cà Phê/Trà,189,10.789549827575684,106.68948364257812,40000
4312,Mtea & Coffee - Trần Quốc Toản,Cà phê machi - M,,40000,0,0,0,Quận 3,Hồ Chí Minh,5.0,8,Cà Phê/Trà,189,10.789549827575684,106.68948364257812,40000
4312,Mtea & Coffee - Trần Quốc Toản,Cà phê sữa tươi machi - L,,45000,1,0,0,Quận 3,Hồ Chí Minh,5.0,8,Cà Phê/Trà,189,10.789549827575684,106.68948364257812,40000
4312,Mtea & Coffee - Trần Quốc Toản,Ca cao sữa đá,,40000,0,0,0,Quận 3,Hồ Chí Minh,5.0,8,Cà Phê/Trà,189,10.789549827575684,106.68948364257812,40000
4312,Mtea & Coffee - Trần Quốc Toản,Ca cao đường đen,,40000,0,0,0,Quận 3,Hồ Chí Minh,5.0,8,Cà Phê/Trà,189,10.789549827575684,106.68948364257812,40000
4312,Mtea & Coffee - Trần Quốc Toản,Soda,,40000,1,0,0,Quận 3,Hồ Chí Minh,5.0,8,Cà Phê/Trà,189,10.789549827575684,106.68948364257812,40000
4312,Mtea & Coffee - Trần Quốc Toản,Hồng trà tắc,Có trân châu ngọc trai,30000,0,0,0,Quận 3,Hồ Chí Minh,5.0,8,Cà Phê/Trà,189,10.789549827575684,106.68948364257812,40000
4312,Mtea & Coffee - Trần Quốc Toản,Trà tắc xí muội,Có 5 viên thạch bi xí muội,37000,4,0,0,Quận 3,Hồ Chí Minh,5.0,8,Cà Phê/Trà,189,10.789549827575684,106.68948364257812,40000
4312,Mtea & Coffee - Trần Quốc Toản,Trà tắc nha đam hạt chia,,42000,1,0,0,Quận 3,Hồ Chí Minh,5.0,8,Cà Phê/Trà,189,10.789549827575684,106.68948364257812,40000
4312,Mtea & Coffee - Trần Quốc Toản,Trà dâu xí muội,Có 5 viên thạch bi xí muội,45000,1,0,0,Quận 3,Hồ Chí Minh,5.0,8,Cà Phê/Trà,189,10.789549827575684,106.68948364257812,40000
4312,Mtea & Coffee - Trần Quốc Toản,Trà dâu phúc bồn tử nha đam,,45000,1,0,0,Quận 3,Hồ Chí Minh,5.0,8,Cà Phê/Trà,189,10.789549827575684,106.68948364257812,40000
4312,Mtea & Coffee - Trần Quốc Toản,Trà đào,,40000,2,0,0,Quận 3,Hồ Chí Minh,5.0,8,Cà Phê/Trà,189,10.789549827575684,106.68948364257812,40000
4312,Mtea & Coffee - Trần Quốc Toản,Trà đào xí muội,Có 5 viên bi xí muội,45000,0,0,0,Quận 3,Hồ Chí Minh,5.0,8,Cà Phê/Trà,189,10.789549827575684,106.68948364257812,40000
4312,Mtea & Coffee - Trần Quốc Toản,Trà ô long sương sáo hạt chia,,40000,2,0,0,Quận 3,Hồ Chí Minh,5.0,8,Cà Phê/Trà,189,10.789549827575684,106.68948364257812,40000
4312,Mtea & Coffee - Trần Quốc Toản,Trà ô long dâu tằm,,40000,1,0,0,Quận 3,Hồ Chí Minh,5.0,8,Cà Phê/Trà,189,10.789549827575684,106.68948364257812,40000
4312,Mtea & Coffee - Trần Quốc Toản,Trà ô long vải nha đam,,40000,3,0,0,Quận 3,Hồ Chí Minh,5.0,8,Cà Phê/Trà,189,10.789549827575684,106.68948364257812,40000
4312,Mtea & Coffee - Trần Quốc Toản,Trà xoài nha đam,,40000,5,0,0,Quận 3,Hồ Chí Minh,5.0,8,Cà Phê/Trà,189,10.789549827575684,106.68948364257812,40000
4312,Mtea & Coffee - Trần Quốc Toản,Hồng trà latte,,40000,0,0,0,Quận 3,Hồ Chí Minh,5.0,8,Cà Phê/Trà,189,10.789549827575684,106.68948364257812,40000
4312,Mtea & Coffee - Trần Quốc Toản,Hồng trà trân châu,,25000,1,0,0,Quận 3,Hồ Chí Minh,5.0,8,Cà Phê/Trà,189,10.789549827575684,106.68948364257812,40000
4312,Mtea & Coffee - Trần Quốc Toản,Trà ô long trân châu,,25000,0,0,0,Quận 3,Hồ Chí Minh,5.0,8,Cà Phê/Trà,189,10.789549827575684,106.68948364257812,40000
4312,Mtea & Coffee - Trần Quốc Toản,Lục trà trân châu,,25000,0,0,0,Quận 3,Hồ Chí Minh,5.0,8,Cà Phê/Trà,189,10.789549827575684,106.68948364257812,40000
4312,Mtea & Coffee - Trần Quốc Toản,Hồng trà kem cheese,,30000,1,0,0,Quận 3,Hồ Chí Minh,5.0,8,Cà Phê/Trà,189,10.789549827575684,106.68948364257812,40000
4312,Mtea & Coffee - Trần Quốc Toản,Trà ô long kem cheese,,30000,0,0,0,Quận 3,Hồ Chí Minh,5.0,8,Cà Phê/Trà,189,10.789549827575684,106.68948364257812,40000
4312,Mtea & Coffee - Trần Quốc Toản,Lục trà kem cheese,,30000,0,0,0,Quận 3,Hồ Chí Minh,5.0,8,Cà Phê/Trà,189,10.789549827575684,106.68948364257812,40000
4312,Mtea & Coffee - Trần Quốc Toản,Trà dâu tươi,,42000,0,0,0,Quận 3,Hồ Chí Minh,5.0,8,Cà Phê/Trà,189,10.789549827575684,106.68948364257812,40000
4312,Mtea & Coffee - Trần Quốc Toản,Trà sen vàng,,40000,0,0,0,Quận 3,Hồ Chí Minh,5.0,8,Cà Phê/Trà,189,10.789549827575684,106.68948364257812,40000
4312,Mtea & Coffee - Trần Quốc Toản,Trà sữa Mtea baileys,Vì là đá cafe nên không thể để đá riêng.,59000,7,0,0,Quận 3,Hồ Chí Minh,5.0,8,Cà Phê/Trà,189,10.789549827575684,106.68948364257812,40000
4312,Mtea & Coffee - Trần Quốc Toản,Trà sữa panna cotta,Chưa bao gồm topping.,44000,4,0,0,Quận 3,Hồ Chí Minh,5.0,8,Cà Phê/Trà,189,10.789549827575684,106.68948364257812,40000
4312,Mtea & Coffee - Trần Quốc Toản,Trà sữa panna cotta xoài,Chưa bao gồm topping.,49000,3,0,0,Quận 3,Hồ Chí Minh,5.0,8,Cà Phê/Trà,189,10.789549827575684,106.68948364257812,40000
4312,Mtea & Coffee - Trần Quốc Toản,Trà sữa trân châu bánh flan,Trân châu sẽ bất kỳ là đen hoặc trắng,45000,4,0,0,Quận 3,Hồ Chí Minh,5.0,8,Cà Phê/Trà,189,10.789549827575684,106.68948364257812,40000
4312,Mtea & Coffee - Trần Quốc Toản,Trà sữa full topping,"Trà sữa truyền thống và trân châu đen, trắng, thạch cà phê, sương sáo, nha đam",44000,0,0,0,Quận 3,Hồ Chí Minh,5.0,8,Cà Phê/Trà,189,10.789549827575684,106.68948364257812,40000
4312,Mtea & Coffee - Trần Quốc Toản,Trà sữa signature,Chưa bao gồm topping.,35000,1,0,0,Quận 3,Hồ Chí Minh,5.0,8,Cà Phê/Trà,189,10.789549827575684,106.68948364257812,40000
4312,Mtea & Coffee - Trần Quốc Toản,Trà sữa signature kem cheese,Chưa bao gồm topping.,40000,0,0,0,Quận 3,Hồ Chí Minh,5.0,8,Cà Phê/Trà,189,10.789549827575684,106.68948364257812,40000
4312,Mtea & Coffee - Trần Quốc Toản,Trà sữa khoai môn tươi,Chưa bao gồm topping.,40000,2,0,0,Quận 3,Hồ Chí Minh,5.0,8,Cà Phê/Trà,189,10.789549827575684,106.68948364257812,40000
4312,Mtea & Coffee - Trần Quốc Toản,Trà sữa matcha,Chưa bao gồm topping.,40000,1,0,0,Quận 3,Hồ Chí Minh,5.0,8,Cà Phê/Trà,189,10.789549827575684,106.68948364257812,40000
4312,Mtea & Coffee - Trần Quốc Toản,Trà sữa Milo,Chưa bao gồm topping.,40000,0,0,0,Quận 3,Hồ Chí Minh,5.0,8,Cà Phê/Trà,189,10.789549827575684,106.68948364257812,40000
4312,Mtea & Coffee - Trần Quốc Toản,Trà sữa socola,Chưa bao gồm topping.,40000,2,0,0,Quận 3,Hồ Chí Minh,5.0,8,Cà Phê/Trà,189,10.789549827575684,106.68948364257812,40000
4312,Mtea & Coffee - Trần Quốc Toản,Trà sữa caramel,Chưa bao gồm topping.,40000,0,0,0,Quận 3,Hồ Chí Minh,5.0,8,Cà Phê/Trà,189,10.789549827575684,106.68948364257812,40000
4312,Mtea & Coffee - Trần Quốc Toản,Trà sữa cà phê,Chưa bao gồm topping.,40000,0,0,0,Quận 3,Hồ Chí Minh,5.0,8,Cà Phê/Trà,189,10.789549827575684,106.68948364257812,40000
4312,Mtea & Coffee - Trần Quốc Toản,Hồng trà sữa,Chưa bao gồm topping.,35000,0,0,0,Quận 3,Hồ Chí Minh,5.0,8,Cà Phê/Trà,189,10.789549827575684,106.68948364257812,40000
4312,Mtea & Coffee - Trần Quốc Toản,Hồng trà sữa kem cheese,Chưa bao gồm topping.,40000,0,0,0,Quận 3,Hồ Chí Minh,5.0,8,Cà Phê/Trà,189,10.789549827575684,106.68948364257812,40000
4312,Mtea & Coffee - Trần Quốc Toản,Ô long trà sữa,Chưa bao gồm topping,35000,2,0,0,Quận 3,Hồ Chí Minh,5.0,8,Cà Phê/Trà,189,10.789549827575684,106.68948364257812,40000
4312,Mtea & Coffee - Trần Quốc Toản,Lục trà sữa,Chưa bao gồm topping.,35000,0,0,0,Quận 3,Hồ Chí Minh,5.0,8,Cà Phê/Trà,189,10.789549827575684,106.68948364257812,40000
4312,Mtea & Coffee - Trần Quốc Toản,Lục trà sữa xoài,Chưa bao gồm topping.,40000,1,0,0,Quận 3,Hồ Chí Minh,5.0,8,Cà Phê/Trà,189,10.789549827575684,106.68948364257812,40000
4312,Mtea & Coffee - Trần Quốc Toản,Trà sữa trân châu,,40000,0,0,0,Quận 3,Hồ Chí Minh,5.0,8,Cà Phê/Trà,189,10.789549827575684,106.68948364257812,40000
4312,Mtea & Coffee - Trần Quốc Toản,Sữa tươi trân châu đường đen,,44000,0,0,0,Quận 3,Hồ Chí Minh,5.0,8,Cà Phê/Trà,189,10.789549827575684,106.68948364257812,40000
4312,Mtea & Coffee - Trần Quốc Toản,Ô long trà sữa kem cheese,Chưa bao gồm topping.,39000,3,0,0,Quận 3,Hồ Chí Minh,5.0,8,Cà Phê/Trà,189,10.789549827575684,106.68948364257812,40000
4312,Mtea & Coffee - Trần Quốc Toản,Lục trà sữa kem cheese,Chưa bao gồm topping.,39000,3,0,0,Quận 3,Hồ Chí Minh,5.0,8,Cà Phê/Trà,189,10.789549827575684,106.68948364257812,40000
4312,Mtea & Coffee - Trần Quốc Toản,Milo dầm trân châu bánh flan,,49000,0,0,0,Quận 3,Hồ Chí Minh,5.0,8,Cà Phê/Trà,189,10.789549827575684,106.68948364257812,40000
4312,Mtea & Coffee - Trần Quốc Toản,Cookie đá xay,,49000,0,0,0,Quận 3,Hồ Chí Minh,5.0,8,Cà Phê/Trà,189,10.789549827575684,106.68948364257812,40000
4312,Mtea & Coffee - Trần Quốc Toản,Matcha đá xay,,49000,2,0,0,Quận 3,Hồ Chí Minh,5.0,8,Cà Phê/Trà,189,10.789549827575684,106.68948364257812,40000
4312,Mtea & Coffee - Trần Quốc Toản,Khoai môn đá xay,,49000,0,0,0,Quận 3,Hồ Chí Minh,5.0,8,Cà Phê/Trà,189,10.789549827575684,106.68948364257812,40000
4312,Mtea & Coffee - Trần Quốc Toản,Milo đá xay,,49000,0,0,0,Quận 3,Hồ Chí Minh,5.0,8,Cà Phê/Trà,189,10.789549827575684,106.68948364257812,40000
4312,Mtea & Coffee - Trần Quốc Toản,Cà phê caramel đá xay,,49000,0,0,0,Quận 3,Hồ Chí Minh,5.0,8,Cà Phê/Trà,189,10.789549827575684,106.68948364257812,40000
4312,Mtea & Coffee - Trần Quốc Toản,Yogurt trái cây đá xay,,49000,0,0,0,Quận 3,Hồ Chí Minh,5.0,8,Cà Phê/Trà,189,10.789549827575684,106.68948364257812,40000
4312,Mtea & Coffee - Trần Quốc Toản,Sinh tố xoài chanh dây,,49000,0,0,0,Quận 3,Hồ Chí Minh,5.0,8,Cà Phê/Trà,189,10.789549827575684,106.68948364257812,40000
4312,Mtea & Coffee - Trần Quốc Toản,Trà xoài đá xay,,49000,0,0,0,Quận 3,Hồ Chí Minh,5.0,8,Cà Phê/Trà,189,10.789549827575684,106.68948364257812,40000
4312,Mtea & Coffee - Trần Quốc Toản,Trà đào việt quất đá xay,,49000,0,0,0,Quận 3,Hồ Chí Minh,5.0,8,Cà Phê/Trà,189,10.789549827575684,106.68948364257812,40000
4312,Mtea & Coffee - Trần Quốc Toản,Yogurt xí muội đá xay,Yogurt xay xí muội kèm 5v thạch xí muội,49000,0,0,0,Quận 3,Hồ Chí Minh,5.0,8,Cà Phê/Trà,189,10.789549827575684,106.68948364257812,40000
4312,Mtea & Coffee - Trần Quốc Toản,Matcha latte,,34000,1,0,0,Quận 3,Hồ Chí Minh,5.0,8,Cà Phê/Trà,189,10.789549827575684,106.68948364257812,40000
4312,Mtea & Coffee - Trần Quốc Toản,Matcha latte trái cây,,40000,0,0,0,Quận 3,Hồ Chí Minh,5.0,8,Cà Phê/Trà,189,10.789549827575684,106.68948364257812,40000
4312,Mtea & Coffee - Trần Quốc Toản,Matcha latte cà phê,,40000,0,0,0,Quận 3,Hồ Chí Minh,5.0,8,Cà Phê/Trà,189,10.789549827575684,106.68948364257812,40000
4312,Mtea & Coffee - Trần Quốc Toản,Matcha kem muối,,35000,2,0,0,Quận 3,Hồ Chí Minh,5.0,8,Cà Phê/Trà,189,10.789549827575684,106.68948364257812,40000
4312,Mtea & Coffee - Trần Quốc Toản,Yaourt hũ,,12000,0,0,0,Quận 3,Hồ Chí Minh,5.0,8,Cà Phê/Trà,189,10.789549827575684,106.68948364257812,40000
4312,Mtea & Coffee - Trần Quốc Toản,Sữa chua lắc đá,,26000,2,0,0,Quận 3,Hồ Chí Minh,5.0,8,Cà Phê/Trà,189,10.789549827575684,106.68948364257812,40000
4312,Mtea & Coffee - Trần Quốc Toản,Sữa chua trái cây,,39000,0,0,0,Quận 3,Hồ Chí Minh,5.0,8,Cà Phê/Trà,189,10.789549827575684,106.68948364257812,40000
4312,Mtea & Coffee - Trần Quốc Toản,Sữa chua matcha,,39000,1,0,0,Quận 3,Hồ Chí Minh,5.0,8,Cà Phê/Trà,189,10.789549827575684,106.68948364257812,40000
4312,Mtea & Coffee - Trần Quốc Toản,Sữa chua milo,,39000,0,0,0,Quận 3,Hồ Chí Minh,5.0,8,Cà Phê/Trà,189,10.789549827575684,106.68948364257812,40000
4312,Mtea & Coffee - Trần Quốc Toản,Sữa chua cacao,,39000,0,0,0,Quận 3,Hồ Chí Minh,5.0,8,Cà Phê/Trà,189,10.789549827575684,106.68948364257812,40000
4312,Mtea & Coffee - Trần Quốc Toản,Bánh tart trứng,Vui lòng đặt bánh trước 15 phút,13000,7,0,0,Quận 3,Hồ Chí Minh,5.0,8,Cà Phê/Trà,189,10.789549827575684,106.68948364257812,40000
4312,Mtea & Coffee - Trần Quốc Toản,Bánh tart nhân phô mai,Vui lòng đặt bánh trước 15 phút,16000,0,0,0,Quận 3,Hồ Chí Minh,5.0,8,Cà Phê/Trà,189,10.789549827575684,106.68948364257812,40000
4312,Mtea & Coffee - Trần Quốc Toản,Panna cotta,,15000,0,0,0,Quận 3,Hồ Chí Minh,5.0,8,Cà Phê/Trà,189,10.789549827575684,106.68948364257812,40000
4312,Mtea & Coffee - Trần Quốc Toản,Combo panna - 6 cái,6 cái mix vị,80000,0,0,0,Quận 3,Hồ Chí Minh,5.0,8,Cà Phê/Trà,189,10.789549827575684,106.68948364257812,40000
4312,Mtea & Coffee - Trần Quốc Toản,Bánh flan trân châu,"Gồm 2 cái flan, trân châu đen hoặc trắng, nước cafe",27000,1,0,0,Quận 3,Hồ Chí Minh,5.0,8,Cà Phê/Trà,189,10.789549827575684,106.68948364257812,40000
4312,Mtea & Coffee - Trần Quốc Toản,Bánh tart nhân trứng muối,Vui lòng đặt bánh trước 15 phút,16000,1,0,0,Quận 3,Hồ Chí Minh,5.0,8,Cà Phê/Trà,189,10.789549827575684,106.68948364257812,40000
12551,9AM - Điếu Cày 36 - Điện Biên Phủ,Cà phê sữa,Coffee with condensed milk,30000,0,0,0,Quận 1,Hồ Chí Minh,0.0,0,Cà Phê/Trà,189,10.79131031036377,106.69783782958984,40000
12551,9AM - Điếu Cày 36 - Điện Biên Phủ,Cà phê sữa tươi,Coffee with milk,30000,0,0,0,Quận 1,Hồ Chí Minh,0.0,0,Cà Phê/Trà,189,10.79131031036377,106.69783782958984,40000
12551,9AM - Điếu Cày 36 - Điện Biên Phủ,Cà phê 9AM,,45000,0,0,0,Quận 1,Hồ Chí Minh,0.0,0,Cà Phê/Trà,189,10.79131031036377,106.69783782958984,40000
12551,9AM - Điếu Cày 36 - Điện Biên Phủ,Cà phê đen,Black coffee,30000,0,0,0,Quận 1,Hồ Chí Minh,0.0,0,Cà Phê/Trà,189,10.79131031036377,106.69783782958984,40000
12551,9AM - Điếu Cày 36 - Điện Biên Phủ,Soda chanh dây,,37000,0,0,0,Quận 1,Hồ Chí Minh,0.0,0,Cà Phê/Trà,189,10.79131031036377,106.69783782958984,40000
12551,9AM - Điếu Cày 36 - Điện Biên Phủ,Soda phúc bồn tử,,37000,0,0,0,Quận 1,Hồ Chí Minh,0.0,0,Cà Phê/Trà,189,10.79131031036377,106.69783782958984,40000
12551,9AM - Điếu Cày 36 - Điện Biên Phủ,Soda dâu,,37000,0,0,0,Quận 1,Hồ Chí Minh,0.0,0,Cà Phê/Trà,189,10.79131031036377,106.69783782958984,40000
12551,9AM - Điếu Cày 36 - Điện Biên Phủ,Soda kiwi,,37000,0,0,0,Quận 1,Hồ Chí Minh,0.0,0,Cà Phê/Trà,189,10.79131031036377,106.69783782958984,40000
12551,9AM - Điếu Cày 36 - Điện Biên Phủ,Soda việt quất,,37000,0,0,0,Quận 1,Hồ Chí Minh,0.0,0,Cà Phê/Trà,189,10.79131031036377,106.69783782958984,40000
12551,9AM - Điếu Cày 36 - Điện Biên Phủ,Soda vải,,37000,0,0,0,Quận 1,Hồ Chí Minh,0.0,0,Cà Phê/Trà,189,10.79131031036377,106.69783782958984,40000
12551,9AM - Điếu Cày 36 - Điện Biên Phủ,Soda xoài,,37000,0,0,0,Quận 1,Hồ Chí Minh,0.0,0,Cà Phê/Trà,189,10.79131031036377,106.69783782958984,40000
12551,9AM - Điếu Cày 36 - Điện Biên Phủ,Soda trái cây,,37000,0,0,0,Quận 1,Hồ Chí Minh,0.0,0,Cà Phê/Trà,189,10.79131031036377,106.69783782958984,40000
12551,9AM - Điếu Cày 36 - Điện Biên Phủ,Mojito việt quất,,45000,0,0,0,Quận 1,Hồ Chí Minh,0.0,0,Cà Phê/Trà,189,10.79131031036377,106.69783782958984,40000
12551,9AM - Điếu Cày 36 - Điện Biên Phủ,Mojito phúc bồn tử,,45000,0,0,0,Quận 1,Hồ Chí Minh,0.0,0,Cà Phê/Trà,189,10.79131031036377,106.69783782958984,40000
12551,9AM - Điếu Cày 36 - Điện Biên Phủ,Mojito vải,,45000,0,0,0,Quận 1,Hồ Chí Minh,0.0,0,Cà Phê/Trà,189,10.79131031036377,106.69783782958984,40000
12551,9AM - Điếu Cày 36 - Điện Biên Phủ,Mojito kiwi,,39000,0,0,0,Quận 1,Hồ Chí Minh,0.0,0,Cà Phê/Trà,189,10.79131031036377,106.69783782958984,40000
12551,9AM - Điếu Cày 36 - Điện Biên Phủ,Mojito chanh dây,,45000,0,0,0,Quận 1,Hồ Chí Minh,0.0,0,Cà Phê/Trà,189,10.79131031036377,106.69783782958984,40000
12551,9AM - Điếu Cày 36 - Điện Biên Phủ,Mojito dâu,,45000,0,0,0,Quận 1,Hồ Chí Minh,0.0,0,Cà Phê/Trà,189,10.79131031036377,106.69783782958984,40000
12551,9AM - Điếu Cày 36 - Điện Biên Phủ,Mojito xoài,,45000,0,0,0,Quận 1,Hồ Chí Minh,0.0,0,Cà Phê/Trà,189,10.79131031036377,106.69783782958984,40000
12551,9AM - Điếu Cày 36 - Điện Biên Phủ,Cam ép,Orange juice,45000,0,0,0,Quận 1,Hồ Chí Minh,0.0,0,Cà Phê/Trà,189,10.79131031036377,106.69783782958984,40000
12551,9AM - Điếu Cày 36 - Điện Biên Phủ,Sinh tố dâu,Strawberry,45000,0,0,0,Quận 1,Hồ Chí Minh,0.0,0,Cà Phê/Trà,189,10.79131031036377,106.69783782958984,40000
12551,9AM - Điếu Cày 36 - Điện Biên Phủ,Sinh tố xoài,Mango,45000,0,0,0,Quận 1,Hồ Chí Minh,0.0,0,Cà Phê/Trà,189,10.79131031036377,106.69783782958984,40000
12551,9AM - Điếu Cày 36 - Điện Biên Phủ,Cookie đá xay,Blended cookie,45000,0,0,0,Quận 1,Hồ Chí Minh,0.0,0,Cà Phê/Trà,189,10.79131031036377,106.69783782958984,40000
12551,9AM - Điếu Cày 36 - Điện Biên Phủ,Matcha xay,Blended matcha,45000,0,0,0,Quận 1,Hồ Chí Minh,0.0,0,Cà Phê/Trà,189,10.79131031036377,106.69783782958984,40000
12551,9AM - Điếu Cày 36 - Điện Biên Phủ,Cacao xay,Blended cocoa,45000,0,0,0,Quận 1,Hồ Chí Minh,0.0,0,Cà Phê/Trà,189,10.79131031036377,106.69783782958984,40000
12551,9AM - Điếu Cày 36 - Điện Biên Phủ,Xí muội,Blended preserved plum,32000,0,0,0,Quận 1,Hồ Chí Minh,0.0,0,Cà Phê/Trà,189,10.79131031036377,106.69783782958984,40000
12551,9AM - Điếu Cày 36 - Điện Biên Phủ,Chanh tươi đá xay,Blended lemon,40000,0,0,0,Quận 1,Hồ Chí Minh,0.0,0,Cà Phê/Trà,189,10.79131031036377,106.69783782958984,40000
12551,9AM - Điếu Cày 36 - Điện Biên Phủ,Trà đào cam sả,Peach tea mania,40000,0,0,0,Quận 1,Hồ Chí Minh,0.0,0,Cà Phê/Trà,189,10.79131031036377,106.69783782958984,40000
12551,9AM - Điếu Cày 36 - Điện Biên Phủ,Trà đào tươi,Peach tea,37000,0,0,0,Quận 1,Hồ Chí Minh,0.0,0,Cà Phê/Trà,189,10.79131031036377,106.69783782958984,40000
12551,9AM - Điếu Cày 36 - Điện Biên Phủ,Trà trái cây,,37000,0,0,0,Quận 1,Hồ Chí Minh,0.0,0,Cà Phê/Trà,189,10.79131031036377,106.69783782958984,40000
12551,9AM - Điếu Cày 36 - Điện Biên Phủ,Trà trái cây macchiato,,42000,0,0,0,Quận 1,Hồ Chí Minh,0.0,0,Cà Phê/Trà,189,10.79131031036377,106.69783782958984,40000
27790,Su Nguyễn Food and Drink - Trần Hưng Đạo,Mắm ruốc thêm,,15000,2,0,0,Quận 1,Hồ Chí Minh,4.7,20,Sinh tố/Nước ép/Sữa,189,10.757980346679688,106.68768310546875,69000
27790,Su Nguyễn Food and Drink - Trần Hưng Đạo,Xoài non mắm ruốc,450gr,65000,5,0,0,Quận 1,Hồ Chí Minh,4.7,20,Sinh tố/Nước ép/Sữa,189,10.757980346679688,106.68768310546875,69000
27790,Su Nguyễn Food and Drink - Trần Hưng Đạo,Cóc non mắm ruốc,600gr ,62000,6,0,0,Quận 1,Hồ Chí Minh,4.7,20,Sinh tố/Nước ép/Sữa,189,10.757980346679688,106.68768310546875,69000
27790,Su Nguyễn Food and Drink - Trần Hưng Đạo,Mận Hà Nội cơm,"500gr,kèm muối tôm muối ớt ",69000,7,0,0,Quận 1,Hồ Chí Minh,4.7,20,Sinh tố/Nước ép/Sữa,189,10.757980346679688,106.68768310546875,69000
27790,Su Nguyễn Food and Drink - Trần Hưng Đạo,Dưa gang chấm đường,300gr - 350gr ,52000,3,0,0,Quận 1,Hồ Chí Minh,4.7,20,Sinh tố/Nước ép/Sữa,189,10.757980346679688,106.68768310546875,69000
27790,Su Nguyễn Food and Drink - Trần Hưng Đạo,Dưa lưới,450gr,69000,11,0,0,Quận 1,Hồ Chí Minh,4.7,20,Sinh tố/Nước ép/Sữa,189,10.757980346679688,106.68768310546875,69000
27790,Su Nguyễn Food and Drink - Trần Hưng Đạo,Mít Thái,400gr - 450gr ,79000,0,0,0,Quận 1,Hồ Chí Minh,4.7,20,Sinh tố/Nước ép/Sữa,189,10.757980346679688,106.68768310546875,69000
27790,Su Nguyễn Food and Drink - Trần Hưng Đạo,Nhãn,250gr - 350gr,69000,0,0,0,Quận 1,Hồ Chí Minh,4.7,20,Sinh tố/Nước ép/Sữa,189,10.757980346679688,106.68768310546875,69000
27790,Su Nguyễn Food and Drink - Trần Hưng Đạo,Thanh long,350gr - 450gr ,42000,0,0,0,Quận 1,Hồ Chí Minh,4.7,20,Sinh tố/Nước ép/Sữa,189,10.757980346679688,106.68768310546875,69000
27790,Su Nguyễn Food and Drink - Trần Hưng Đạo,Táo xanh,400g - 500gr ,42000,0,0,0,Quận 1,Hồ Chí Minh,4.7,20,Sinh tố/Nước ép/Sữa,189,10.757980346679688,106.68768310546875,69000
27790,Su Nguyễn Food and Drink - Trần Hưng Đạo,Bơ chấm đường,200gr - 300gr ,69000,0,0,0,Quận 1,Hồ Chí Minh,4.7,20,Sinh tố/Nước ép/Sữa,189,10.757980346679688,106.68768310546875,69000
27790,Su Nguyễn Food and Drink - Trần Hưng Đạo,Dưa lê,450gr,59000,0,0,0,Quận 1,Hồ Chí Minh,4.7,20,Sinh tố/Nước ép/Sữa,189,10.757980346679688,106.68768310546875,69000
27790,Su Nguyễn Food and Drink - Trần Hưng Đạo,Dưa hấu,"600gr ,kèm muối tôm muối ớt ",40000,5,0,0,Quận 1,Hồ Chí Minh,4.7,20,Sinh tố/Nước ép/Sữa,189,10.757980346679688,106.68768310546875,69000
27790,Su Nguyễn Food and Drink - Trần Hưng Đạo,Bưởi da xanh,400gr,79000,0,0,0,Quận 1,Hồ Chí Minh,4.7,20,Sinh tố/Nước ép/Sữa,189,10.757980346679688,106.68768310546875,69000
27790,Su Nguyễn Food and Drink - Trần Hưng Đạo,Lê,400gr,69000,3,0,0,Quận 1,Hồ Chí Minh,4.7,20,Sinh tố/Nước ép/Sữa,189,10.757980346679688,106.68768310546875,69000
27790,Su Nguyễn Food and Drink - Trần Hưng Đạo,Xoài,"450gr 550gr, kèm muối tôm muối ớt ",42000,5,0,0,Quận 1,Hồ Chí Minh,4.7,20,Sinh tố/Nước ép/Sữa,189,10.757980346679688,106.68768310546875,69000
27790,Su Nguyễn Food and Drink - Trần Hưng Đạo,Sắn,600gr kèm muối tôm muối ớt ,40000,3,0,0,Quận 1,Hồ Chí Minh,4.7,20,Sinh tố/Nước ép/Sữa,189,10.757980346679688,106.68768310546875,69000
27790,Su Nguyễn Food and Drink - Trần Hưng Đạo,Ổi, 550gr kèm muối tôm muối ớt ,42000,3,0,0,Quận 1,Hồ Chí Minh,4.7,20,Sinh tố/Nước ép/Sữa,189,10.757980346679688,106.68768310546875,69000
27790,Su Nguyễn Food and Drink - Trần Hưng Đạo,Mận,"450gr 550gr, kèm muối tôm muối ớt ",52000,5,0,0,Quận 1,Hồ Chí Minh,4.7,20,Sinh tố/Nước ép/Sữa,189,10.757980346679688,106.68768310546875,69000
27790,Su Nguyễn Food and Drink - Trần Hưng Đạo,Thơm,450gr,49000,3,0,0,Quận 1,Hồ Chí Minh,4.7,20,Sinh tố/Nước ép/Sữa,189,10.757980346679688,106.68768310546875,69000
27790,Su Nguyễn Food and Drink - Trần Hưng Đạo,Sơ ri,-450gr Kèm Muối Tôm Muối Ớt ,42000,2,0,0,Quận 1,Hồ Chí Minh,4.7,20,Sinh tố/Nước ép/Sữa,189,10.757980346679688,106.68768310546875,69000
27790,Su Nguyễn Food and Drink - Trần Hưng Đạo,Trái vải,250gr - 350gr ,79000,0,0,0,Quận 1,Hồ Chí Minh,4.7,20,Sinh tố/Nước ép/Sữa,189,10.757980346679688,106.68768310546875,69000
27790,Su Nguyễn Food and Drink - Trần Hưng Đạo,Chôm chôm,250gr - 350gr,69000,2,0,0,Quận 1,Hồ Chí Minh,4.7,20,Sinh tố/Nước ép/Sữa,189,10.757980346679688,106.68768310546875,69000
27790,Su Nguyễn Food and Drink - Trần Hưng Đạo,Xoài chấm mắm đường,550gr 650gr ,62000,1,0,0,Quận 1,Hồ Chí Minh,4.7,20,Sinh tố/Nước ép/Sữa,189,10.757980346679688,106.68768310546875,69000
27790,Su Nguyễn Food and Drink - Trần Hưng Đạo,Xoài chín, 400gr 500gr ,69000,11,0,0,Quận 1,Hồ Chí Minh,4.7,20,Sinh tố/Nước ép/Sữa,189,10.757980346679688,106.68768310546875,69000
27790,Su Nguyễn Food and Drink - Trần Hưng Đạo,Táo đỏ,400gr - 500gr ,69000,0,0,0,Quận 1,Hồ Chí Minh,4.7,20,Sinh tố/Nước ép/Sữa,189,10.757980346679688,106.68768310546875,69000
27790,Su Nguyễn Food and Drink - Trần Hưng Đạo,Hồng giòn,400gr - 450gr,69000,1,0,0,Quận 1,Hồ Chí Minh,4.7,20,Sinh tố/Nước ép/Sữa,189,10.757980346679688,106.68768310546875,69000
27790,Su Nguyễn Food and Drink - Trần Hưng Đạo,Dâu tây,350gr,99000,0,0,0,Quận 1,Hồ Chí Minh,4.7,20,Sinh tố/Nước ép/Sữa,189,10.757980346679688,106.68768310546875,69000
27790,Su Nguyễn Food and Drink - Trần Hưng Đạo,Nho,350gr - 400gr ,99000,2,0,0,Quận 1,Hồ Chí Minh,4.7,20,Sinh tố/Nước ép/Sữa,189,10.757980346679688,106.68768310546875,69000
27790,Su Nguyễn Food and Drink - Trần Hưng Đạo,"Sầu Riêng, 1 hộp  500gr ",1 hộp  500gr ,199000,1,0,0,Quận 1,Hồ Chí Minh,4.7,20,Sinh tố/Nước ép/Sữa,189,10.757980346679688,106.68768310546875,69000
27790,Su Nguyễn Food and Drink - Trần Hưng Đạo,Trái cây thập cẩm (Nhỏ),500gr - 600gr,89000,5,0,0,Quận 1,Hồ Chí Minh,4.7,20,Sinh tố/Nước ép/Sữa,189,10.757980346679688,106.68768310546875,69000
27790,Su Nguyễn Food and Drink - Trần Hưng Đạo,Xoài non - Cóc non mắm ruốc,450gr - 550gr ,69000,5,0,0,Quận 1,Hồ Chí Minh,4.7,20,Sinh tố/Nước ép/Sữa,189,10.757980346679688,106.68768310546875,69000
27790,Su Nguyễn Food and Drink - Trần Hưng Đạo,Dâu tây - Mít Thái - Bưởi da xanh,450gr 550gr ,129000,0,0,0,Quận 1,Hồ Chí Minh,4.7,20,Sinh tố/Nước ép/Sữa,189,10.757980346679688,106.68768310546875,69000
27790,Su Nguyễn Food and Drink - Trần Hưng Đạo,Mix 3 món: Bưởi da xanh - Dưa hấu - Ổi,600gr - 650gr,79000,1,0,0,Quận 1,Hồ Chí Minh,4.7,20,Sinh tố/Nước ép/Sữa,189,10.757980346679688,106.68768310546875,69000
27790,Su Nguyễn Food and Drink - Trần Hưng Đạo,Táo đỏ - Trái lê,500gr 600gr ,79000,0,0,0,Quận 1,Hồ Chí Minh,4.7,20,Sinh tố/Nước ép/Sữa,189,10.757980346679688,106.68768310546875,69000
27790,Su Nguyễn Food and Drink - Trần Hưng Đạo,Trái cây thập cẩm (Lớn),"1kg - 1,2kg",129000,8,0,0,Quận 1,Hồ Chí Minh,4.7,20,Sinh tố/Nước ép/Sữa,189,10.757980346679688,106.68768310546875,69000
27790,Su Nguyễn Food and Drink - Trần Hưng Đạo,Mix 3 món: Dâu tây - Lê - Nho,450gr - 550gr,129000,0,0,0,Quận 1,Hồ Chí Minh,4.7,20,Sinh tố/Nước ép/Sữa,189,10.757980346679688,106.68768310546875,69000
27790,Su Nguyễn Food and Drink - Trần Hưng Đạo,Xoài - Mận - Thơm,500g - 600g ,69000,3,0,0,Quận 1,Hồ Chí Minh,4.7,20,Sinh tố/Nước ép/Sữa,189,10.757980346679688,106.68768310546875,69000
27790,Su Nguyễn Food and Drink - Trần Hưng Đạo,Mix 2 món: Ổi - Mận,550gr - 600gr,69000,1,0,0,Quận 1,Hồ Chí Minh,4.7,20,Sinh tố/Nước ép/Sữa,189,10.757980346679688,106.68768310546875,69000
27790,Su Nguyễn Food and Drink - Trần Hưng Đạo,Xoài - Ổi - Sắn,500gr 600gr ,69000,2,0,0,Quận 1,Hồ Chí Minh,4.7,20,Sinh tố/Nước ép/Sữa,189,10.757980346679688,106.68768310546875,69000
27790,Su Nguyễn Food and Drink - Trần Hưng Đạo,Mix 3 món: Táo đỏ - Mít Thái - Trái lê,450gr - 550gr,99000,0,0,0,Quận 1,Hồ Chí Minh,4.7,20,Sinh tố/Nước ép/Sữa,189,10.757980346679688,106.68768310546875,69000
27790,Su Nguyễn Food and Drink - Trần Hưng Đạo,Mix 3 món: Chôm chôm - Thơm - Mít Thái,500gr 550gr ,99000,1,0,0,Quận 1,Hồ Chí Minh,4.7,20,Sinh tố/Nước ép/Sữa,189,10.757980346679688,106.68768310546875,69000
27790,Su Nguyễn Food and Drink - Trần Hưng Đạo,Nho đen - Mít Thái - Bưởi da xanh,450gr 550gr ,109000,1,0,0,Quận 1,Hồ Chí Minh,4.7,20,Sinh tố/Nước ép/Sữa,189,10.757980346679688,106.68768310546875,69000
27790,Su Nguyễn Food and Drink - Trần Hưng Đạo,Nho đen - Bưởi da xanh,"350gr, 450gr ",99000,0,0,0,Quận 1,Hồ Chí Minh,4.7,20,Sinh tố/Nước ép/Sữa,189,10.757980346679688,106.68768310546875,69000
27790,Su Nguyễn Food and Drink - Trần Hưng Đạo,Mix 3 món: Mít Thái - Thơm - Dưa lưới,500gr - 600gr,99000,0,0,0,Quận 1,Hồ Chí Minh,4.7,20,Sinh tố/Nước ép/Sữa,189,10.757980346679688,106.68768310546875,69000
27790,Su Nguyễn Food and Drink - Trần Hưng Đạo,Mix 3 món: Dâu tây - Thơm - Táo đỏ,450gr - 550gr,119000,0,0,0,Quận 1,Hồ Chí Minh,4.7,20,Sinh tố/Nước ép/Sữa,189,10.757980346679688,106.68768310546875,69000
27790,Su Nguyễn Food and Drink - Trần Hưng Đạo,Mix 3 món: Táo đỏ - Lê - Dưa lưới,450gr - 550gr,99000,0,0,0,Quận 1,Hồ Chí Minh,4.7,20,Sinh tố/Nước ép/Sữa,189,10.757980346679688,106.68768310546875,69000
27790,Su Nguyễn Food and Drink - Trần Hưng Đạo,Mix 3 món: Xoài - Ổi - Táo xanh,500gr - 600gr,69000,0,0,0,Quận 1,Hồ Chí Minh,4.7,20,Sinh tố/Nước ép/Sữa,189,10.757980346679688,106.68768310546875,69000
27790,Su Nguyễn Food and Drink - Trần Hưng Đạo,Nho đen - Dưa lưới - Bưởi da xanh,600gr,109000,0,0,0,Quận 1,Hồ Chí Minh,4.7,20,Sinh tố/Nước ép/Sữa,189,10.757980346679688,106.68768310546875,69000
27790,Su Nguyễn Food and Drink - Trần Hưng Đạo,Mix 2 món: Nho đen - Thơm,500gr,99000,0,0,0,Quận 1,Hồ Chí Minh,4.7,20,Sinh tố/Nước ép/Sữa,189,10.757980346679688,106.68768310546875,69000
27790,Su Nguyễn Food and Drink - Trần Hưng Đạo,Bưởi da xanh - Mít Thái,450gr - 550gr,99000,0,0,0,Quận 1,Hồ Chí Minh,4.7,20,Sinh tố/Nước ép/Sữa,189,10.757980346679688,106.68768310546875,69000
27790,Su Nguyễn Food and Drink - Trần Hưng Đạo,Dâu tây - Nho đen,500gr,139000,1,0,0,Quận 1,Hồ Chí Minh,4.7,20,Sinh tố/Nước ép/Sữa,189,10.757980346679688,106.68768310546875,69000
27790,Su Nguyễn Food and Drink - Trần Hưng Đạo,Mít Thái - Dâu tây,450gr - 550gr ,119000,0,0,0,Quận 1,Hồ Chí Minh,4.7,20,Sinh tố/Nước ép/Sữa,189,10.757980346679688,106.68768310546875,69000
27790,Su Nguyễn Food and Drink - Trần Hưng Đạo,Mix 3 món: Nho đen - Táo đỏ - Lê,450gr - 550gr,109000,0,0,0,Quận 1,Hồ Chí Minh,4.7,20,Sinh tố/Nước ép/Sữa,189,10.757980346679688,106.68768310546875,69000
27790,Su Nguyễn Food and Drink - Trần Hưng Đạo,Mix 3 món: Bưởi da xanh - Táo xanh - Lê,450gr - 550gr,99000,0,0,0,Quận 1,Hồ Chí Minh,4.7,20,Sinh tố/Nước ép/Sữa,189,10.757980346679688,106.68768310546875,69000
27790,Su Nguyễn Food and Drink - Trần Hưng Đạo,Mít Thái - Bưởi da xanh,450gr - 550gr,99000,0,0,0,Quận 1,Hồ Chí Minh,4.7,20,Sinh tố/Nước ép/Sữa,189,10.757980346679688,106.68768310546875,69000
27790,Su Nguyễn Food and Drink - Trần Hưng Đạo,Mix 3 món: Xoài - Ổi - Sắn,600gr,69000,1,0,0,Quận 1,Hồ Chí Minh,4.7,20,Sinh tố/Nước ép/Sữa,189,10.757980346679688,106.68768310546875,69000
27790,Su Nguyễn Food and Drink - Trần Hưng Đạo,Mix 3 món: Táo đỏ - Lê - Hồng giòn,500gr - 600gr,99000,0,0,0,Quận 1,Hồ Chí Minh,4.7,20,Sinh tố/Nước ép/Sữa,189,10.757980346679688,106.68768310546875,69000
27790,Su Nguyễn Food and Drink - Trần Hưng Đạo,Mix 3 món: Bưởi da xanh - Mít Thái - Thơm,600gr,99000,0,0,0,Quận 1,Hồ Chí Minh,4.7,20,Sinh tố/Nước ép/Sữa,189,10.757980346679688,106.68768310546875,69000
27790,Su Nguyễn Food and Drink - Trần Hưng Đạo,Dâu tây - Nho đen,500gr,109000,1,0,0,Quận 1,Hồ Chí Minh,4.7,20,Sinh tố/Nước ép/Sữa,189,10.757980346679688,106.68768310546875,69000
27790,Su Nguyễn Food and Drink - Trần Hưng Đạo,Dâu tây - Thơm,500gr,99000,1,0,0,Quận 1,Hồ Chí Minh,4.7,20,Sinh tố/Nước ép/Sữa,189,10.757980346679688,106.68768310546875,69000
27790,Su Nguyễn Food and Drink - Trần Hưng Đạo,Mix 3 món: Nho đen - Mít Thái - Dâu tây,550gr,159000,0,0,0,Quận 1,Hồ Chí Minh,4.7,20,Sinh tố/Nước ép/Sữa,189,10.757980346679688,106.68768310546875,69000
27790,Su Nguyễn Food and Drink - Trần Hưng Đạo,Nho đen - Mít Thái,400gr 500gr ,109000,0,0,0,Quận 1,Hồ Chí Minh,4.7,20,Sinh tố/Nước ép/Sữa,189,10.757980346679688,106.68768310546875,69000
27790,Su Nguyễn Food and Drink - Trần Hưng Đạo,Mix 3 món: Kiwi - Dâu tây - Nho đen,450gr - 550gr,159000,3,0,0,Quận 1,Hồ Chí Minh,4.7,20,Sinh tố/Nước ép/Sữa,189,10.757980346679688,106.68768310546875,69000
27790,Su Nguyễn Food and Drink - Trần Hưng Đạo,Mix 3 món: Nho đen - Dưa lưới - Mít Thái,450gr - 550gr,109000,0,0,0,Quận 1,Hồ Chí Minh,4.7,20,Sinh tố/Nước ép/Sữa,189,10.757980346679688,106.68768310546875,69000
27790,Su Nguyễn Food and Drink - Trần Hưng Đạo,Chôm chôm - Vải,400gr - 500gr,109000,1,0,0,Quận 1,Hồ Chí Minh,4.7,20,Sinh tố/Nước ép/Sữa,189,10.757980346679688,106.68768310546875,69000
27790,Su Nguyễn Food and Drink - Trần Hưng Đạo,Đào sapa - Táo đỏ,450gr - 550gr ,79000,0,0,0,Quận 1,Hồ Chí Minh,4.7,20,Sinh tố/Nước ép/Sữa,189,10.757980346679688,106.68768310546875,69000
27790,Su Nguyễn Food and Drink - Trần Hưng Đạo,Mix 3 món: Sắn - Táo xanh - Mận,500gr - 600gr,69000,0,0,0,Quận 1,Hồ Chí Minh,4.7,20,Sinh tố/Nước ép/Sữa,189,10.757980346679688,106.68768310546875,69000
27790,Su Nguyễn Food and Drink - Trần Hưng Đạo,Mận Hà Nội - Táo xanh,450gr - 550gr ,79000,0,0,0,Quận 1,Hồ Chí Minh,4.7,20,Sinh tố/Nước ép/Sữa,189,10.757980346679688,106.68768310546875,69000
27790,Su Nguyễn Food and Drink - Trần Hưng Đạo,Mix 3 món: Sắn - Táo xanh - Ổi,500gr - 600gr,69000,0,0,0,Quận 1,Hồ Chí Minh,4.7,20,Sinh tố/Nước ép/Sữa,189,10.757980346679688,106.68768310546875,69000
27790,Su Nguyễn Food and Drink - Trần Hưng Đạo,Mix 3 món: Xoài - Ổi - Mận,450gr - 550gr,69000,2,0,0,Quận 1,Hồ Chí Minh,4.7,20,Sinh tố/Nước ép/Sữa,189,10.757980346679688,106.68768310546875,69000
27790,Su Nguyễn Food and Drink - Trần Hưng Đạo,"Hôp Mít 2 Món Bưởi DaXanh, Kiwi ",450gr 550gr ,119000,0,0,0,Quận 1,Hồ Chí Minh,4.7,20,Sinh tố/Nước ép/Sữa,189,10.757980346679688,106.68768310546875,69000
27790,Su Nguyễn Food and Drink - Trần Hưng Đạo,"Hộp Mít 3 Món,,Dâu Tây, Kiwi,  Táo  Đỏ ",450gr 550gr ,129000,0,0,0,Quận 1,Hồ Chí Minh,4.7,20,Sinh tố/Nước ép/Sữa,189,10.757980346679688,106.68768310546875,69000
27790,Su Nguyễn Food and Drink - Trần Hưng Đạo,"Hộp Mít 3 Món, Kiwi, Mít Thái, Nho Đen ",450gr 550gr ,129000,0,0,0,Quận 1,Hồ Chí Minh,4.7,20,Sinh tố/Nước ép/Sữa,189,10.757980346679688,106.68768310546875,69000
27790,Su Nguyễn Food and Drink - Trần Hưng Đạo,"Hôp Mít 3 Món, Bưởi Da Xanh, Dưa Lưới, Thơm ",450gr 550gr ,129000,0,0,0,Quận 1,Hồ Chí Minh,4.7,20,Sinh tố/Nước ép/Sữa,189,10.757980346679688,106.68768310546875,69000
27790,Su Nguyễn Food and Drink - Trần Hưng Đạo,Xoài lắc,350gr,49000,4,0,0,Quận 1,Hồ Chí Minh,4.7,20,Sinh tố/Nước ép/Sữa,189,10.757980346679688,106.68768310546875,69000
27790,Su Nguyễn Food and Drink - Trần Hưng Đạo,Dâu tây lắc - Ăn chay được,200gr - 250gr ,89000,0,0,0,Quận 1,Hồ Chí Minh,4.7,20,Sinh tố/Nước ép/Sữa,189,10.757980346679688,106.68768310546875,69000
27790,Su Nguyễn Food and Drink - Trần Hưng Đạo,Dâu lắc,200gr - 250gr ,89000,0,0,0,Quận 1,Hồ Chí Minh,4.7,20,Sinh tố/Nước ép/Sữa,189,10.757980346679688,106.68768310546875,69000
27790,Su Nguyễn Food and Drink - Trần Hưng Đạo,Xoài - Cóc lắc - Ăn chay được,400gr,59000,0,0,0,Quận 1,Hồ Chí Minh,4.7,20,Sinh tố/Nước ép/Sữa,189,10.757980346679688,106.68768310546875,69000
27790,Su Nguyễn Food and Drink - Trần Hưng Đạo,Ổi lắc - Ăn chay được,400gr,42000,0,0,0,Quận 1,Hồ Chí Minh,4.7,20,Sinh tố/Nước ép/Sữa,189,10.757980346679688,106.68768310546875,69000
27790,Su Nguyễn Food and Drink - Trần Hưng Đạo,Thơm lắc - Ăn chay được,350gr ,49000,0,0,0,Quận 1,Hồ Chí Minh,4.7,20,Sinh tố/Nước ép/Sữa,189,10.757980346679688,106.68768310546875,69000
27790,Su Nguyễn Food and Drink - Trần Hưng Đạo,Sơ ri lắc - Ăn chay được,300gr,49000,0,0,0,Quận 1,Hồ Chí Minh,4.7,20,Sinh tố/Nước ép/Sữa,189,10.757980346679688,106.68768310546875,69000
27790,Su Nguyễn Food and Drink - Trần Hưng Đạo,Mận Hà Nội lắc - Ăn chay được,400gr,69000,0,0,0,Quận 1,Hồ Chí Minh,4.7,20,Sinh tố/Nước ép/Sữa,189,10.757980346679688,106.68768310546875,69000
27790,Su Nguyễn Food and Drink - Trần Hưng Đạo,Cóc lắc - Ăn chay được,400gr,49000,0,0,0,Quận 1,Hồ Chí Minh,4.7,20,Sinh tố/Nước ép/Sữa,189,10.757980346679688,106.68768310546875,69000
27790,Su Nguyễn Food and Drink - Trần Hưng Đạo,Sắn lắc - Ăn chay được,400gr,42000,0,0,0,Quận 1,Hồ Chí Minh,4.7,20,Sinh tố/Nước ép/Sữa,189,10.757980346679688,106.68768310546875,69000
27790,Su Nguyễn Food and Drink - Trần Hưng Đạo,Ổi lắc,400gr,42000,0,0,0,Quận 1,Hồ Chí Minh,4.7,20,Sinh tố/Nước ép/Sữa,189,10.757980346679688,106.68768310546875,69000
27790,Su Nguyễn Food and Drink - Trần Hưng Đạo,Sơ ri lắc,300gr,42000,1,0,0,Quận 1,Hồ Chí Minh,4.7,20,Sinh tố/Nước ép/Sữa,189,10.757980346679688,106.68768310546875,69000
27790,Su Nguyễn Food and Drink - Trần Hưng Đạo,Thơm lắc,350gr,49000,0,0,0,Quận 1,Hồ Chí Minh,4.7,20,Sinh tố/Nước ép/Sữa,189,10.757980346679688,106.68768310546875,69000
27790,Su Nguyễn Food and Drink - Trần Hưng Đạo,Cóc lắc,400gr,49000,1,0,0,Quận 1,Hồ Chí Minh,4.7,20,Sinh tố/Nước ép/Sữa,189,10.757980346679688,106.68768310546875,69000
27790,Su Nguyễn Food and Drink - Trần Hưng Đạo,Sắn lắc,400gr,42000,0,0,0,Quận 1,Hồ Chí Minh,4.7,20,Sinh tố/Nước ép/Sữa,189,10.757980346679688,106.68768310546875,69000
27790,Su Nguyễn Food and Drink - Trần Hưng Đạo,Mận Hà Nội lắc,400gr,69000,2,0,0,Quận 1,Hồ Chí Minh,4.7,20,Sinh tố/Nước ép/Sữa,189,10.757980346679688,106.68768310546875,69000
27790,Su Nguyễn Food and Drink - Trần Hưng Đạo,Xoài - Cóc lắc,400gr,52000,0,0,0,Quận 1,Hồ Chí Minh,4.7,20,Sinh tố/Nước ép/Sữa,189,10.757980346679688,106.68768310546875,69000
27790,Su Nguyễn Food and Drink - Trần Hưng Đạo,Dâu tây - Mít Thái dầm yaourt,Ly 500ml ,79000,0,0,0,Quận 1,Hồ Chí Minh,4.7,20,Sinh tố/Nước ép/Sữa,189,10.757980346679688,106.68768310546875,69000
27790,Su Nguyễn Food and Drink - Trần Hưng Đạo,Trái cây thập cẩm dầm yaourt,,79000,1,0,0,Quận 1,Hồ Chí Minh,4.7,20,Sinh tố/Nước ép/Sữa,189,10.757980346679688,106.68768310546875,69000
27790,Su Nguyễn Food and Drink - Trần Hưng Đạo,Trái cây thập cẩm dầm siro,,69000,0,0,0,Quận 1,Hồ Chí Minh,4.7,20,Sinh tố/Nước ép/Sữa,189,10.757980346679688,106.68768310546875,69000
27790,Su Nguyễn Food and Drink - Trần Hưng Đạo,Mix 2 món: Kiwi - Dâu tây dầm yaourt,Ly 500ml,79000,0,0,0,Quận 1,Hồ Chí Minh,4.7,20,Sinh tố/Nước ép/Sữa,189,10.757980346679688,106.68768310546875,69000
27790,Su Nguyễn Food and Drink - Trần Hưng Đạo,Mix 2 món: Kiwi - Dâu tây dầm siro,Ly 500ml,69000,0,0,0,Quận 1,Hồ Chí Minh,4.7,20,Sinh tố/Nước ép/Sữa,189,10.757980346679688,106.68768310546875,69000
27790,Su Nguyễn Food and Drink - Trần Hưng Đạo,Mix 2 món: Dâu tây - Kiwi dầm sữa chua,Ly 500ml,79000,0,0,0,Quận 1,Hồ Chí Minh,4.7,20,Sinh tố/Nước ép/Sữa,189,10.757980346679688,106.68768310546875,69000
27790,Su Nguyễn Food and Drink - Trần Hưng Đạo,Hột vịt lộn - 1 trứng,,19000,0,0,0,Quận 1,Hồ Chí Minh,4.7,20,Sinh tố/Nước ép/Sữa,189,10.757980346679688,106.68768310546875,69000
27790,Su Nguyễn Food and Drink - Trần Hưng Đạo,Cơm cháy Lắc khô  gà ,"1 hủ, 250gr ",99000,0,0,0,Quận 1,Hồ Chí Minh,4.7,20,Sinh tố/Nước ép/Sữa,189,10.757980346679688,106.68768310546875,69000
27790,Su Nguyễn Food and Drink - Trần Hưng Đạo,khô Bò nhà làm ,1 bịch ,109000,2,0,0,Quận 1,Hồ Chí Minh,4.7,20,Sinh tố/Nước ép/Sữa,189,10.757980346679688,106.68768310546875,69000
27790,Su Nguyễn Food and Drink - Trần Hưng Đạo,khô Mực ,1 bịch  100gr ,69300,0,0,0,Quận 1,Hồ Chí Minh,4.7,20,Sinh tố/Nước ép/Sữa,189,10.757980346679688,106.68768310546875,69000
27790,Su Nguyễn Food and Drink - Trần Hưng Đạo,khô gà ,1 bịch 150gr ,99000,0,0,0,Quận 1,Hồ Chí Minh,4.7,20,Sinh tố/Nước ép/Sữa,189,10.757980346679688,106.68768310546875,69000
27790,Su Nguyễn Food and Drink - Trần Hưng Đạo,khô Cá thiều,1 bịch 100gr ,69300,0,0,0,Quận 1,Hồ Chí Minh,4.7,20,Sinh tố/Nước ép/Sữa,189,10.757980346679688,106.68768310546875,69000
27790,Su Nguyễn Food and Drink - Trần Hưng Đạo,Rong biển cháy tỏi,1 hủ ,69000,2,0,0,Quận 1,Hồ Chí Minh,4.7,20,Sinh tố/Nước ép/Sữa,189,10.757980346679688,106.68768310546875,69000
27790,Su Nguyễn Food and Drink - Trần Hưng Đạo,Dạ Heo Chiên giòn ,1 hủ ,79000,0,0,0,Quận 1,Hồ Chí Minh,4.7,20,Sinh tố/Nước ép/Sữa,189,10.757980346679688,106.68768310546875,69000
27790,Su Nguyễn Food and Drink - Trần Hưng Đạo,Dạ Heo Rang mắm tỏi,"1 hủ, 120gr",63200,1,0,0,Quận 1,Hồ Chí Minh,4.7,20,Sinh tố/Nước ép/Sữa,189,10.757980346679688,106.68768310546875,69000
27790,Su Nguyễn Food and Drink - Trần Hưng Đạo,Đậu phọng Rang  Tỏi ,1 hủ  250gr ,65000,0,0,0,Quận 1,Hồ Chí Minh,4.7,20,Sinh tố/Nước ép/Sữa,189,10.757980346679688,106.68768310546875,69000
27790,Su Nguyễn Food and Drink - Trần Hưng Đạo,Đạu phọng Tỏi  Ớt ,1 hủ 200gr ,59000,0,0,0,Quận 1,Hồ Chí Minh,4.7,20,Sinh tố/Nước ép/Sữa,189,10.757980346679688,106.68768310546875,69000
27790,Su Nguyễn Food and Drink - Trần Hưng Đạo,"Cơm cháy Chà Bông, 300gr ",1 bịch 300gr ,89000,0,0,0,Quận 1,Hồ Chí Minh,4.7,20,Sinh tố/Nước ép/Sữa,189,10.757980346679688,106.68768310546875,69000
27790,Su Nguyễn Food and Drink - Trần Hưng Đạo,Cơm cháy  nếp Chà Bông ,1 bịch ,49000,1,0,0,Quận 1,Hồ Chí Minh,4.7,20,Sinh tố/Nước ép/Sữa,189,10.757980346679688,106.68768310546875,69000
27790,Su Nguyễn Food and Drink - Trần Hưng Đạo,Cơm cháy siêu Chà Bông ,"1 bịch, 240gr",69000,2,0,0,Quận 1,Hồ Chí Minh,4.7,20,Sinh tố/Nước ép/Sữa,189,10.757980346679688,106.68768310546875,69000
27790,Su Nguyễn Food and Drink - Trần Hưng Đạo,Bánh Tráng Chuối Nướng ,1 bịch ,49000,1,0,0,Quận 1,Hồ Chí Minh,4.7,20,Sinh tố/Nước ép/Sữa,189,10.757980346679688,106.68768310546875,69000
27790,Su Nguyễn Food and Drink - Trần Hưng Đạo,Bánh Tráng SaTế Bơ  ngủ  vị,1 Bịch ,29000,0,0,0,Quận 1,Hồ Chí Minh,4.7,20,Sinh tố/Nước ép/Sữa,189,10.757980346679688,106.68768310546875,69000
27790,Su Nguyễn Food and Drink - Trần Hưng Đạo,Bánh Tráng Bơ Tép ,1 bịch ,29000,0,0,0,Quận 1,Hồ Chí Minh,4.7,20,Sinh tố/Nước ép/Sữa,189,10.757980346679688,106.68768310546875,69000
27790,Su Nguyễn Food and Drink - Trần Hưng Đạo,Bánh Tráng Thập Cẩm ,1 bịch  100gr ,29000,1,0,0,Quận 1,Hồ Chí Minh,4.7,20,Sinh tố/Nước ép/Sữa,189,10.757980346679688,106.68768310546875,69000
27790,Su Nguyễn Food and Drink - Trần Hưng Đạo,Cơm cháy Mở hành ,1 bịch 3 Miếng ,19000,2,0,0,Quận 1,Hồ Chí Minh,4.7,20,Sinh tố/Nước ép/Sữa,189,10.757980346679688,106.68768310546875,69000
27790,Su Nguyễn Food and Drink - Trần Hưng Đạo,khoai lan hấp cách thủy ,1kg ,69000,1,0,0,Quận 1,Hồ Chí Minh,4.7,20,Sinh tố/Nước ép/Sữa,189,10.757980346679688,106.68768310546875,69000
27790,Su Nguyễn Food and Drink - Trần Hưng Đạo,Bánh Tráng Mắm ruốc ,1 bịch ,59000,0,0,0,Quận 1,Hồ Chí Minh,4.7,20,Sinh tố/Nước ép/Sữa,189,10.757980346679688,106.68768310546875,69000
27790,Su Nguyễn Food and Drink - Trần Hưng Đạo,Bánh Tráng Tỏi  Ớt ,1 bịch 100gr ,29000,0,0,0,Quận 1,Hồ Chí Minh,4.7,20,Sinh tố/Nước ép/Sữa,189,10.757980346679688,106.68768310546875,69000
27790,Su Nguyễn Food and Drink - Trần Hưng Đạo,Bánh Tráng Tỏi Long An ,1 bịch 100gr ,29000,0,0,0,Quận 1,Hồ Chí Minh,4.7,20,Sinh tố/Nước ép/Sữa,189,10.757980346679688,106.68768310546875,69000
27790,Su Nguyễn Food and Drink - Trần Hưng Đạo,Bánh Tráng xa Tế Tắt ,1 x 5 bịch ,35000,5,0,0,Quận 1,Hồ Chí Minh,4.7,20,Sinh tố/Nước ép/Sữa,189,10.757980346679688,106.68768310546875,69000
27790,Su Nguyễn Food and Drink - Trần Hưng Đạo,Bánh Tráng muối nhiễn ,1 bịch ,15000,4,0,0,Quận 1,Hồ Chí Minh,4.7,20,Sinh tố/Nước ép/Sữa,189,10.757980346679688,106.68768310546875,69000
27790,Su Nguyễn Food and Drink - Trần Hưng Đạo,Bánh Tráng pho mai  cuộn ,1 bịch 100gr ,29000,0,0,0,Quận 1,Hồ Chí Minh,4.7,20,Sinh tố/Nước ép/Sữa,189,10.757980346679688,106.68768310546875,69000
27790,Su Nguyễn Food and Drink - Trần Hưng Đạo,Bánh Tráng Xa tế me ,1 bịch ,15000,0,0,0,Quận 1,Hồ Chí Minh,4.7,20,Sinh tố/Nước ép/Sữa,189,10.757980346679688,106.68768310546875,69000
27790,Su Nguyễn Food and Drink - Trần Hưng Đạo,Bánh Tráng hàng tép đậu phọng ,1 bịch ,29000,0,0,0,Quận 1,Hồ Chí Minh,4.7,20,Sinh tố/Nước ép/Sữa,189,10.757980346679688,106.68768310546875,69000
27790,Su Nguyễn Food and Drink - Trần Hưng Đạo,Bánh Tráng Susi Chấm ,1 Bịch ,18000,0,0,0,Quận 1,Hồ Chí Minh,4.7,20,Sinh tố/Nước ép/Sữa,189,10.757980346679688,106.68768310546875,69000
27790,Su Nguyễn Food and Drink - Trần Hưng Đạo,Bánh Tráng pho mai sợi ,1 bịch ,29000,1,0,0,Quận 1,Hồ Chí Minh,4.7,20,Sinh tố/Nước ép/Sữa,189,10.757980346679688,106.68768310546875,69000
27790,Su Nguyễn Food and Drink - Trần Hưng Đạo,Chân gà xả tắc,800gr,139000,1,0,0,Quận 1,Hồ Chí Minh,4.7,20,Sinh tố/Nước ép/Sữa,189,10.757980346679688,106.68768310546875,69000
27790,Su Nguyễn Food and Drink - Trần Hưng Đạo,Chân gà rút xương sốt Thái,600gr,149000,1,0,0,Quận 1,Hồ Chí Minh,4.7,20,Sinh tố/Nước ép/Sữa,189,10.757980346679688,106.68768310546875,69000
27790,Su Nguyễn Food and Drink - Trần Hưng Đạo,Bánh flan - 10 cái,,129000,0,0,0,Quận 1,Hồ Chí Minh,4.7,20,Sinh tố/Nước ép/Sữa,189,10.757980346679688,106.68768310546875,69000
27790,Su Nguyễn Food and Drink - Trần Hưng Đạo,Trà tắc mật ong,1 Ly lớn,29000,12,0,0,Quận 1,Hồ Chí Minh,4.7,20,Sinh tố/Nước ép/Sữa,189,10.757980346679688,106.68768310546875,69000
27790,Su Nguyễn Food and Drink - Trần Hưng Đạo,Trà tắc,1 Ly lớn,25000,3,0,0,Quận 1,Hồ Chí Minh,4.7,20,Sinh tố/Nước ép/Sữa,189,10.757980346679688,106.68768310546875,69000
27790,Su Nguyễn Food and Drink - Trần Hưng Đạo,Trà tắc Thái xanh mật ong,1 Ly lớn,29000,4,0,0,Quận 1,Hồ Chí Minh,4.7,20,Sinh tố/Nước ép/Sữa,189,10.757980346679688,106.68768310546875,69000
27790,Su Nguyễn Food and Drink - Trần Hưng Đạo,Sữa chua việt quốc jelly,1 ly,49000,0,0,0,Quận 1,Hồ Chí Minh,4.7,20,Sinh tố/Nước ép/Sữa,189,10.757980346679688,106.68768310546875,69000
27790,Su Nguyễn Food and Drink - Trần Hưng Đạo,Sữa chua phúc bồn tử jelly,1 ly,49000,0,0,0,Quận 1,Hồ Chí Minh,4.7,20,Sinh tố/Nước ép/Sữa,189,10.757980346679688,106.68768310546875,69000
27790,Su Nguyễn Food and Drink - Trần Hưng Đạo,Bánh flan - 1 cái,,14000,0,0,0,Quận 1,Hồ Chí Minh,4.7,20,Sinh tố/Nước ép/Sữa,189,10.757980346679688,106.68768310546875,69000
27790,Su Nguyễn Food and Drink - Trần Hưng Đạo,Nước ép cam và cà rốt,1 ly,44000,1,0,0,Quận 1,Hồ Chí Minh,4.7,20,Sinh tố/Nước ép/Sữa,189,10.757980346679688,106.68768310546875,69000
27790,Su Nguyễn Food and Drink - Trần Hưng Đạo,Nước ép cam,1 ly,39000,0,0,0,Quận 1,Hồ Chí Minh,4.7,20,Sinh tố/Nước ép/Sữa,189,10.757980346679688,106.68768310546875,69000
27790,Su Nguyễn Food and Drink - Trần Hưng Đạo,Sinh tố dâu,1 ly,49000,3,0,0,Quận 1,Hồ Chí Minh,4.7,20,Sinh tố/Nước ép/Sữa,189,10.757980346679688,106.68768310546875,69000
27790,Su Nguyễn Food and Drink - Trần Hưng Đạo,Sinh tố sampoche,1 ly,39000,7,0,0,Quận 1,Hồ Chí Minh,4.7,20,Sinh tố/Nước ép/Sữa,189,10.757980346679688,106.68768310546875,69000
27790,Su Nguyễn Food and Drink - Trần Hưng Đạo,Sinh tố xoài,1 ly,42000,7,0,0,Quận 1,Hồ Chí Minh,4.7,20,Sinh tố/Nước ép/Sữa,189,10.757980346679688,106.68768310546875,69000
27790,Su Nguyễn Food and Drink - Trần Hưng Đạo,Nước ép táo Mỹ,1 ly,55000,2,0,0,Quận 1,Hồ Chí Minh,4.7,20,Sinh tố/Nước ép/Sữa,189,10.757980346679688,106.68768310546875,69000
27790,Su Nguyễn Food and Drink - Trần Hưng Đạo,Nước ép cóc,1 ly,39000,1,0,0,Quận 1,Hồ Chí Minh,4.7,20,Sinh tố/Nước ép/Sữa,189,10.757980346679688,106.68768310546875,69000
27790,Su Nguyễn Food and Drink - Trần Hưng Đạo,Nước ép dưa lưới,,49000,4,0,0,Quận 1,Hồ Chí Minh,4.7,20,Sinh tố/Nước ép/Sữa,189,10.757980346679688,106.68768310546875,69000
27790,Su Nguyễn Food and Drink - Trần Hưng Đạo,Phúc bồn tử đá xay yaourt,1 ly,49000,0,0,0,Quận 1,Hồ Chí Minh,4.7,20,Sinh tố/Nước ép/Sữa,189,10.757980346679688,106.68768310546875,69000
27790,Su Nguyễn Food and Drink - Trần Hưng Đạo,Việt quốc đá xay,1 ly,39000,0,0,0,Quận 1,Hồ Chí Minh,4.7,20,Sinh tố/Nước ép/Sữa,189,10.757980346679688,106.68768310546875,69000
27790,Su Nguyễn Food and Drink - Trần Hưng Đạo,Phúc bồn tử đá xay,1 ly,39000,1,0,0,Quận 1,Hồ Chí Minh,4.7,20,Sinh tố/Nước ép/Sữa,189,10.757980346679688,106.68768310546875,69000
27790,Su Nguyễn Food and Drink - Trần Hưng Đạo,Nước ép thanh long,,39000,1,0,0,Quận 1,Hồ Chí Minh,4.7,20,Sinh tố/Nước ép/Sữa,189,10.757980346679688,106.68768310546875,69000
27790,Su Nguyễn Food and Drink - Trần Hưng Đạo,Sinh tố bơ,1 ly,49000,3,0,0,Quận 1,Hồ Chí Minh,4.7,20,Sinh tố/Nước ép/Sữa,189,10.757980346679688,106.68768310546875,69000
27790,Su Nguyễn Food and Drink - Trần Hưng Đạo,Sinh tố mít,1 ly,39000,4,0,0,Quận 1,Hồ Chí Minh,4.7,20,Sinh tố/Nước ép/Sữa,189,10.757980346679688,106.68768310546875,69000
27790,Su Nguyễn Food and Drink - Trần Hưng Đạo,Sinh tố dưa gang,1 ly,39000,2,0,0,Quận 1,Hồ Chí Minh,4.7,20,Sinh tố/Nước ép/Sữa,189,10.757980346679688,106.68768310546875,69000
27790,Su Nguyễn Food and Drink - Trần Hưng Đạo,Sinh tố mãng cầu,1 ly,39000,4,0,0,Quận 1,Hồ Chí Minh,4.7,20,Sinh tố/Nước ép/Sữa,189,10.757980346679688,106.68768310546875,69000
27790,Su Nguyễn Food and Drink - Trần Hưng Đạo,Nước ép sơ ri,,49000,0,0,0,Quận 1,Hồ Chí Minh,4.7,20,Sinh tố/Nước ép/Sữa,189,10.757980346679688,106.68768310546875,69000
27790,Su Nguyễn Food and Drink - Trần Hưng Đạo,Sinh tố bơ dừa,1 ly,49000,1,0,0,Quận 1,Hồ Chí Minh,4.7,20,Sinh tố/Nước ép/Sữa,189,10.757980346679688,106.68768310546875,69000
27790,Su Nguyễn Food and Drink - Trần Hưng Đạo,Nước ép dưa hấu và lựu,,59000,0,0,0,Quận 1,Hồ Chí Minh,4.7,20,Sinh tố/Nước ép/Sữa,189,10.757980346679688,106.68768310546875,69000
27790,Su Nguyễn Food and Drink - Trần Hưng Đạo,Nước ép thơm,1 ly,39000,4,0,0,Quận 1,Hồ Chí Minh,4.7,20,Sinh tố/Nước ép/Sữa,189,10.757980346679688,106.68768310546875,69000
27790,Su Nguyễn Food and Drink - Trần Hưng Đạo,Nước ép cà rốt,1 ly,39000,1,0,0,Quận 1,Hồ Chí Minh,4.7,20,Sinh tố/Nước ép/Sữa,189,10.757980346679688,106.68768310546875,69000
27790,Su Nguyễn Food and Drink - Trần Hưng Đạo,Sinh tố kiwi,1 ly,59000,0,0,0,Quận 1,Hồ Chí Minh,4.7,20,Sinh tố/Nước ép/Sữa,189,10.757980346679688,106.68768310546875,69000
27790,Su Nguyễn Food and Drink - Trần Hưng Đạo,Sinh tố dừa,1 ly,42000,1,0,0,Quận 1,Hồ Chí Minh,4.7,20,Sinh tố/Nước ép/Sữa,189,10.757980346679688,106.68768310546875,69000
27790,Su Nguyễn Food and Drink - Trần Hưng Đạo,Nước ép dưa hấu,1 ly,39000,4,0,0,Quận 1,Hồ Chí Minh,4.7,20,Sinh tố/Nước ép/Sữa,189,10.757980346679688,106.68768310546875,69000
27790,Su Nguyễn Food and Drink - Trần Hưng Đạo,Nước ép nho,,69000,1,0,0,Quận 1,Hồ Chí Minh,4.7,20,Sinh tố/Nước ép/Sữa,189,10.757980346679688,106.68768310546875,69000
27790,Su Nguyễn Food and Drink - Trần Hưng Đạo,Nước ép lê,1 ly,52000,0,0,0,Quận 1,Hồ Chí Minh,4.7,20,Sinh tố/Nước ép/Sữa,189,10.757980346679688,106.68768310546875,69000
27790,Su Nguyễn Food and Drink - Trần Hưng Đạo,Nước ép bưởi,,59000,0,0,0,Quận 1,Hồ Chí Minh,4.7,20,Sinh tố/Nước ép/Sữa,189,10.757980346679688,106.68768310546875,69000
27790,Su Nguyễn Food and Drink - Trần Hưng Đạo,Nước ép ổi,1 ly,39000,1,0,0,Quận 1,Hồ Chí Minh,4.7,20,Sinh tố/Nước ép/Sữa,189,10.757980346679688,106.68768310546875,69000
27790,Su Nguyễn Food and Drink - Trần Hưng Đạo,Sinh tố kiwi,Ly 700ml,69000,0,0,0,Quận 1,Hồ Chí Minh,4.7,20,Sinh tố/Nước ép/Sữa,189,10.757980346679688,106.68768310546875,69000
27790,Su Nguyễn Food and Drink - Trần Hưng Đạo,Nước ép lựu,,59000,1,0,0,Quận 1,Hồ Chí Minh,4.7,20,Sinh tố/Nước ép/Sữa,189,10.757980346679688,106.68768310546875,69000
27790,Su Nguyễn Food and Drink - Trần Hưng Đạo,"Nước ép, Mít 2 Món, Thơm, và  ổi ",ly 700ml ,45000,0,0,0,Quận 1,Hồ Chí Minh,4.7,20,Sinh tố/Nước ép/Sữa,189,10.757980346679688,106.68768310546875,69000
27790,Su Nguyễn Food and Drink - Trần Hưng Đạo,Sinh  Tố  Chanh  Dây ,ly 500ml ,31500,2,0,0,Quận 1,Hồ Chí Minh,4.7,20,Sinh tố/Nước ép/Sữa,189,10.757980346679688,106.68768310546875,69000
27790,Su Nguyễn Food and Drink - Trần Hưng Đạo,Rau má đậu xanh,,29000,3,0,0,Quận 1,Hồ Chí Minh,4.7,20,Sinh tố/Nước ép/Sữa,189,10.757980346679688,106.68768310546875,69000
27790,Su Nguyễn Food and Drink - Trần Hưng Đạo,"Tăng Lực, RedBull ",1 lon kèm Ly và Đá ,29000,0,0,0,Quận 1,Hồ Chí Minh,4.7,20,Sinh tố/Nước ép/Sữa,189,10.757980346679688,106.68768310546875,69000
27790,Su Nguyễn Food and Drink - Trần Hưng Đạo,WARRLOR ,1 lon kèm Ly và Đá ,20000,0,0,0,Quận 1,Hồ Chí Minh,4.7,20,Sinh tố/Nước ép/Sữa,189,10.757980346679688,106.68768310546875,69000
27790,Su Nguyễn Food and Drink - Trần Hưng Đạo,Dừa xiêm  Dừa xiêm Tắt ,1 Trái  kèm Ly và Đá ,35000,0,0,0,Quận 1,Hồ Chí Minh,4.7,20,Sinh tố/Nước ép/Sữa,189,10.757980346679688,106.68768310546875,69000
27790,Su Nguyễn Food and Drink - Trần Hưng Đạo,Nước Uống Tăng Lực 247,kèm Ly và  Đá ,20000,0,0,0,Quận 1,Hồ Chí Minh,4.7,20,Sinh tố/Nước ép/Sữa,189,10.757980346679688,106.68768310546875,69000
23101,Sinh Tố & Nước Ép Hoa Nguyên - Vĩnh Hội,Sâm dứa sữa,,20000,1,0,0,Quận 4,Thành Phố Hồ Chí Minh,4.4,9,Sinh tố/Nước ép/Sữa,189,10.756190299987793,106.70455932617188,30000
23101,Sinh Tố & Nước Ép Hoa Nguyên - Vĩnh Hội,Cà phê sữa đá,,20000,1,0,0,Quận 4,Thành Phố Hồ Chí Minh,4.4,9,Sinh tố/Nước ép/Sữa,189,10.756190299987793,106.70455932617188,30000
23101,Sinh Tố & Nước Ép Hoa Nguyên - Vĩnh Hội,Chanh muối xí muội,,25000,0,0,0,Quận 4,Thành Phố Hồ Chí Minh,4.4,9,Sinh tố/Nước ép/Sữa,189,10.756190299987793,106.70455932617188,30000
23101,Sinh Tố & Nước Ép Hoa Nguyên - Vĩnh Hội,Nước chanh tươi,,20000,1,0,0,Quận 4,Thành Phố Hồ Chí Minh,4.4,9,Sinh tố/Nước ép/Sữa,189,10.756190299987793,106.70455932617188,30000
23101,Sinh Tố & Nước Ép Hoa Nguyên - Vĩnh Hội,Chanh dây,,20000,1,0,0,Quận 4,Thành Phố Hồ Chí Minh,4.4,9,Sinh tố/Nước ép/Sữa,189,10.756190299987793,106.70455932617188,30000
23101,Sinh Tố & Nước Ép Hoa Nguyên - Vĩnh Hội,Nước sâm,Hoa quả đường phèn,10000,0,0,0,Quận 4,Thành Phố Hồ Chí Minh,4.4,9,Sinh tố/Nước ép/Sữa,189,10.756190299987793,106.70455932617188,30000
23101,Sinh Tố & Nước Ép Hoa Nguyên - Vĩnh Hội,Chanh muối,,20000,0,0,0,Quận 4,Thành Phố Hồ Chí Minh,4.4,9,Sinh tố/Nước ép/Sữa,189,10.756190299987793,106.70455932617188,30000
23101,Sinh Tố & Nước Ép Hoa Nguyên - Vĩnh Hội,Cà phê đen đá,,15000,0,0,0,Quận 4,Thành Phố Hồ Chí Minh,4.4,9,Sinh tố/Nước ép/Sữa,189,10.756190299987793,106.70455932617188,30000
23101,Sinh Tố & Nước Ép Hoa Nguyên - Vĩnh Hội,Sinh tố bơ,,35000,3,0,0,Quận 4,Thành Phố Hồ Chí Minh,4.4,9,Sinh tố/Nước ép/Sữa,189,10.756190299987793,106.70455932617188,30000
23101,Sinh Tố & Nước Ép Hoa Nguyên - Vĩnh Hội,Sinh tố dâu,,30000,3,0,0,Quận 4,Thành Phố Hồ Chí Minh,4.4,9,Sinh tố/Nước ép/Sữa,189,10.756190299987793,106.70455932617188,30000
23101,Sinh Tố & Nước Ép Hoa Nguyên - Vĩnh Hội,Sinh tố mãng cầu,,30000,1,0,0,Quận 4,Thành Phố Hồ Chí Minh,4.4,9,Sinh tố/Nước ép/Sữa,189,10.756190299987793,106.70455932617188,30000
23101,Sinh Tố & Nước Ép Hoa Nguyên - Vĩnh Hội,Sinh tố saboche,,30000,0,0,0,Quận 4,Thành Phố Hồ Chí Minh,4.4,9,Sinh tố/Nước ép/Sữa,189,10.756190299987793,106.70455932617188,30000
23101,Sinh Tố & Nước Ép Hoa Nguyên - Vĩnh Hội,Sinh tố saboche cà phê,,30000,0,0,0,Quận 4,Thành Phố Hồ Chí Minh,4.4,9,Sinh tố/Nước ép/Sữa,189,10.756190299987793,106.70455932617188,30000
23101,Sinh Tố & Nước Ép Hoa Nguyên - Vĩnh Hội,Sinh tố bơ chuối,,40000,0,0,0,Quận 4,Thành Phố Hồ Chí Minh,4.4,9,Sinh tố/Nước ép/Sữa,189,10.756190299987793,106.70455932617188,30000
23101,Sinh Tố & Nước Ép Hoa Nguyên - Vĩnh Hội,Sinh tố đu đủ,,30000,0,0,0,Quận 4,Thành Phố Hồ Chí Minh,4.4,9,Sinh tố/Nước ép/Sữa,189,10.756190299987793,106.70455932617188,30000
23101,Sinh Tố & Nước Ép Hoa Nguyên - Vĩnh Hội,Sinh tố cam,"Cam tươi, sữa đặc, sữa tươi",30000,0,0,0,Quận 4,Thành Phố Hồ Chí Minh,4.4,9,Sinh tố/Nước ép/Sữa,189,10.756190299987793,106.70455932617188,30000
23101,Sinh Tố & Nước Ép Hoa Nguyên - Vĩnh Hội,Sinh tố xoài,,30000,1,0,0,Quận 4,Thành Phố Hồ Chí Minh,4.4,9,Sinh tố/Nước ép/Sữa,189,10.756190299987793,106.70455932617188,30000
23101,Sinh Tố & Nước Ép Hoa Nguyên - Vĩnh Hội,Sinh tố bơ cà phê,Bơ + sữa tươi + sữa đặc + cà-phê,40000,0,0,0,Quận 4,Thành Phố Hồ Chí Minh,4.4,9,Sinh tố/Nước ép/Sữa,189,10.756190299987793,106.70455932617188,30000
23101,Sinh Tố & Nước Ép Hoa Nguyên - Vĩnh Hội,Sinh tố bơ xoài,,40000,0,0,0,Quận 4,Thành Phố Hồ Chí Minh,4.4,9,Sinh tố/Nước ép/Sữa,189,10.756190299987793,106.70455932617188,30000
23101,Sinh Tố & Nước Ép Hoa Nguyên - Vĩnh Hội,Sinh tố bơ và dâu tây,Đường +đá +sữa +dâu+bơ,40000,0,0,0,Quận 4,Thành Phố Hồ Chí Minh,4.4,9,Sinh tố/Nước ép/Sữa,189,10.756190299987793,106.70455932617188,30000
23101,Sinh Tố & Nước Ép Hoa Nguyên - Vĩnh Hội,Nước ép thơm,,30000,1,0,0,Quận 4,Thành Phố Hồ Chí Minh,4.4,9,Sinh tố/Nước ép/Sữa,189,10.756190299987793,106.70455932617188,30000
23101,Sinh Tố & Nước Ép Hoa Nguyên - Vĩnh Hội,Nước ép ổi,,30000,2,0,0,Quận 4,Thành Phố Hồ Chí Minh,4.4,9,Sinh tố/Nước ép/Sữa,189,10.756190299987793,106.70455932617188,30000
23101,Sinh Tố & Nước Ép Hoa Nguyên - Vĩnh Hội,Nước ép cam,,30000,1,1,0,Quận 4,Thành Phố Hồ Chí Minh,4.4,9,Sinh tố/Nước ép/Sữa,189,10.756190299987793,106.70455932617188,30000
23101,Sinh Tố & Nước Ép Hoa Nguyên - Vĩnh Hội,Nước ép dưa hấu,,30000,0,0,0,Quận 4,Thành Phố Hồ Chí Minh,4.4,9,Sinh tố/Nước ép/Sữa,189,10.756190299987793,106.70455932617188,30000
23101,Sinh Tố & Nước Ép Hoa Nguyên - Vĩnh Hội,Nước ép táo,,30000,0,0,0,Quận 4,Thành Phố Hồ Chí Minh,4.4,9,Sinh tố/Nước ép/Sữa,189,10.756190299987793,106.70455932617188,30000
23101,Sinh Tố & Nước Ép Hoa Nguyên - Vĩnh Hội,Nước ép cam cà rốt,,40000,0,0,0,Quận 4,Thành Phố Hồ Chí Minh,4.4,9,Sinh tố/Nước ép/Sữa,189,10.756190299987793,106.70455932617188,30000
23101,Sinh Tố & Nước Ép Hoa Nguyên - Vĩnh Hội,Nước Ép Cần Tây,,45000,0,0,0,Quận 4,Thành Phố Hồ Chí Minh,4.4,9,Sinh tố/Nước ép/Sữa,189,10.756190299987793,106.70455932617188,30000
23101,Sinh Tố & Nước Ép Hoa Nguyên - Vĩnh Hội,Nước ép dưa lưới,,35000,0,0,0,Quận 4,Thành Phố Hồ Chí Minh,4.4,9,Sinh tố/Nước ép/Sữa,189,10.756190299987793,106.70455932617188,30000
23101,Sinh Tố & Nước Ép Hoa Nguyên - Vĩnh Hội,Nước ép dưa hấu - dâu tây,,30000,0,0,0,Quận 4,Thành Phố Hồ Chí Minh,4.4,9,Sinh tố/Nước ép/Sữa,189,10.756190299987793,106.70455932617188,30000
23101,Sinh Tố & Nước Ép Hoa Nguyên - Vĩnh Hội,Nước ép cà rốt,,30000,0,0,0,Quận 4,Thành Phố Hồ Chí Minh,4.4,9,Sinh tố/Nước ép/Sữa,189,10.756190299987793,106.70455932617188,30000
23101,Sinh Tố & Nước Ép Hoa Nguyên - Vĩnh Hội,Nước ép cà chua,,30000,0,0,0,Quận 4,Thành Phố Hồ Chí Minh,4.4,9,Sinh tố/Nước ép/Sữa,189,10.756190299987793,106.70455932617188,30000
23101,Sinh Tố & Nước Ép Hoa Nguyên - Vĩnh Hội,Nước ép cam thơm,Cảm + thơm+ đường đá,40000,2,0,0,Quận 4,Thành Phố Hồ Chí Minh,4.4,9,Sinh tố/Nước ép/Sữa,189,10.756190299987793,106.70455932617188,30000
23101,Sinh Tố & Nước Ép Hoa Nguyên - Vĩnh Hội,Thơm - cà rốt,Thơm+cà rốt+đường+đá,40000,1,0,0,Quận 4,Thành Phố Hồ Chí Minh,4.4,9,Sinh tố/Nước ép/Sữa,189,10.756190299987793,106.70455932617188,30000
23101,Sinh Tố & Nước Ép Hoa Nguyên - Vĩnh Hội,Nước ép thập cẩm,,45000,0,0,0,Quận 4,Thành Phố Hồ Chí Minh,4.4,9,Sinh tố/Nước ép/Sữa,189,10.756190299987793,106.70455932617188,30000
23101,Sinh Tố & Nước Ép Hoa Nguyên - Vĩnh Hội,Dưa hấu - táo,Dưa hấu +táo +đường+ đá,40000,0,0,0,Quận 4,Thành Phố Hồ Chí Minh,4.4,9,Sinh tố/Nước ép/Sữa,189,10.756190299987793,106.70455932617188,30000
23101,Sinh Tố & Nước Ép Hoa Nguyên - Vĩnh Hội,Trà tắc xí muội,,25000,0,0,0,Quận 4,Thành Phố Hồ Chí Minh,4.4,9,Sinh tố/Nước ép/Sữa,189,10.756190299987793,106.70455932617188,30000
23101,Sinh Tố & Nước Ép Hoa Nguyên - Vĩnh Hội,Trà Tắc,,20000,7,1,0,Quận 4,Thành Phố Hồ Chí Minh,4.4,9,Sinh tố/Nước ép/Sữa,189,10.756190299987793,106.70455932617188,30000
23101,Sinh Tố & Nước Ép Hoa Nguyên - Vĩnh Hội,Cacao,,30000,0,0,0,Quận 4,Thành Phố Hồ Chí Minh,4.4,9,Sinh tố/Nước ép/Sữa,189,10.756190299987793,106.70455932617188,30000
23101,Sinh Tố & Nước Ép Hoa Nguyên - Vĩnh Hội,Nước ép rau diếp cá,Rau diếp cá,30000,4,1,0,Quận 4,Thành Phố Hồ Chí Minh,4.4,9,Sinh tố/Nước ép/Sữa,189,10.756190299987793,106.70455932617188,30000
23101,Sinh Tố & Nước Ép Hoa Nguyên - Vĩnh Hội,Nước ép giảm cân,"Cần tây, dưa leo, táo",40000,0,0,0,Quận 4,Thành Phố Hồ Chí Minh,4.4,9,Sinh tố/Nước ép/Sữa,189,10.756190299987793,106.70455932617188,30000
23101,Sinh Tố & Nước Ép Hoa Nguyên - Vĩnh Hội,Nước ép giải rượu,"Cà rốt, chanh, táo, củ dền",40000,3,0,0,Quận 4,Thành Phố Hồ Chí Minh,4.4,9,Sinh tố/Nước ép/Sữa,189,10.756190299987793,106.70455932617188,30000
23101,Sinh Tố & Nước Ép Hoa Nguyên - Vĩnh Hội,Nước ép hỗ trợ đau đầu,"Táo, dưa leo, gừng, cần tây",40000,0,0,0,Quận 4,Thành Phố Hồ Chí Minh,4.4,9,Sinh tố/Nước ép/Sữa,189,10.756190299987793,106.70455932617188,30000
23101,Sinh Tố & Nước Ép Hoa Nguyên - Vĩnh Hội,Nước ép dưỡng da,"Dưa leo, ớt chuông",40000,0,0,0,Quận 4,Thành Phố Hồ Chí Minh,4.4,9,Sinh tố/Nước ép/Sữa,189,10.756190299987793,106.70455932617188,30000
23101,Sinh Tố & Nước Ép Hoa Nguyên - Vĩnh Hội,Nước ép hỗ trợ tiểu đường,"Cà rốt, cần tây, bó xôi",40000,0,0,0,Quận 4,Thành Phố Hồ Chí Minh,4.4,9,Sinh tố/Nước ép/Sữa,189,10.756190299987793,106.70455932617188,30000
23101,Sinh Tố & Nước Ép Hoa Nguyên - Vĩnh Hội,Nước ép hỗ trợ ăn khó tiêu,"Thơm, chanh, cà rốt",40000,0,0,0,Quận 4,Thành Phố Hồ Chí Minh,4.4,9,Sinh tố/Nước ép/Sữa,189,10.756190299987793,106.70455932617188,30000
30541,Nước Ép 100 Vị - Nguyễn Đình Chiểu,[ DEAL 7K ] Ưu đãi hot tháng 7,SL có hạn. 1 KM/đơn hàng từ 65k.,7000,450,5,0,Quận 3,Hồ Chí Minh,4.9,1061,Sinh tố/Nước ép/Sữa,189,10.769889831542969,106.68174743652344,36000
30541,Nước Ép 100 Vị - Nguyễn Đình Chiểu,[DEAL NHÓM] Combo 3,Combo dưa hấu + ổi đào + thơm,108000,44,0,0,Quận 3,Hồ Chí Minh,4.9,1061,Sinh tố/Nước ép/Sữa,189,10.769889831542969,106.68174743652344,36000
30541,Nước Ép 100 Vị - Nguyễn Đình Chiểu,[DEAL NHÓM] Combo 5,Combo ổi + thơm + sơ ri cóc ổi + táo củ dền thơm lê + cam,178000,5,0,0,Quận 3,Hồ Chí Minh,4.9,1061,Sinh tố/Nước ép/Sữa,189,10.769889831542969,106.68174743652344,36000
30541,Nước Ép 100 Vị - Nguyễn Đình Chiểu,[ DEAL 48K ] Combo Dưa hấu & Cam hạt chia,SL có hạn.,48000,5,0,0,Quận 3,Hồ Chí Minh,4.9,1061,Sinh tố/Nước ép/Sữa,189,10.769889831542969,106.68174743652344,36000
30541,Nước Ép 100 Vị - Nguyễn Đình Chiểu,Thơm,,36000,923,9,1,Quận 3,Hồ Chí Minh,4.9,1061,Sinh tố/Nước ép/Sữa,189,10.769889831542969,106.68174743652344,36000
30541,Nước Ép 100 Vị - Nguyễn Đình Chiểu,Dưa Hấu,,36000,543,4,0,Quận 3,Hồ Chí Minh,4.9,1061,Sinh tố/Nước ép/Sữa,189,10.769889831542969,106.68174743652344,36000
30541,Nước Ép 100 Vị - Nguyễn Đình Chiểu,Ổi Đào,,42000,343,4,2,Quận 3,Hồ Chí Minh,4.9,1061,Sinh tố/Nước ép/Sữa,189,10.769889831542969,106.68174743652344,36000
30541,Nước Ép 100 Vị - Nguyễn Đình Chiểu,Dưa Lưới,,42000,299,2,0,Quận 3,Hồ Chí Minh,4.9,1061,Sinh tố/Nước ép/Sữa,189,10.769889831542969,106.68174743652344,36000
30541,Nước Ép 100 Vị - Nguyễn Đình Chiểu,Táo,,42000,293,4,0,Quận 3,Hồ Chí Minh,4.9,1061,Sinh tố/Nước ép/Sữa,189,10.769889831542969,106.68174743652344,36000
30541,Nước Ép 100 Vị - Nguyễn Đình Chiểu,Cam,,36000,245,3,0,Quận 3,Hồ Chí Minh,4.9,1061,Sinh tố/Nước ép/Sữa,189,10.769889831542969,106.68174743652344,36000
30541,Nước Ép 100 Vị - Nguyễn Đình Chiểu,Bưởi,,42000,240,3,0,Quận 3,Hồ Chí Minh,4.9,1061,Sinh tố/Nước ép/Sữa,189,10.769889831542969,106.68174743652344,36000
30541,Nước Ép 100 Vị - Nguyễn Đình Chiểu,Cóc,,36000,126,1,0,Quận 3,Hồ Chí Minh,4.9,1061,Sinh tố/Nước ép/Sữa,189,10.769889831542969,106.68174743652344,36000
30541,Nước Ép 100 Vị - Nguyễn Đình Chiểu,Sơ Ri,,36000,58,0,0,Quận 3,Hồ Chí Minh,4.9,1061,Sinh tố/Nước ép/Sữa,189,10.769889831542969,106.68174743652344,36000
30541,Nước Ép 100 Vị - Nguyễn Đình Chiểu,Chanh Dây,,36000,79,1,1,Quận 3,Hồ Chí Minh,4.9,1061,Sinh tố/Nước ép/Sữa,189,10.769889831542969,106.68174743652344,36000
30541,Nước Ép 100 Vị - Nguyễn Đình Chiểu,Cà Chua,,36000,90,1,0,Quận 3,Hồ Chí Minh,4.9,1061,Sinh tố/Nước ép/Sữa,189,10.769889831542969,106.68174743652344,36000
30541,Nước Ép 100 Vị - Nguyễn Đình Chiểu,Lê,,42000,50,1,0,Quận 3,Hồ Chí Minh,4.9,1061,Sinh tố/Nước ép/Sữa,189,10.769889831542969,106.68174743652344,36000
30541,Nước Ép 100 Vị - Nguyễn Đình Chiểu,Cà Rốt,,36000,91,3,0,Quận 3,Hồ Chí Minh,4.9,1061,Sinh tố/Nước ép/Sữa,189,10.769889831542969,106.68174743652344,36000
30541,Nước Ép 100 Vị - Nguyễn Đình Chiểu,Dưa Lê,,36000,25,0,0,Quận 3,Hồ Chí Minh,4.9,1061,Sinh tố/Nước ép/Sữa,189,10.769889831542969,106.68174743652344,36000
30541,Nước Ép 100 Vị - Nguyễn Đình Chiểu,Xoài,,42000,26,1,0,Quận 3,Hồ Chí Minh,4.9,1061,Sinh tố/Nước ép/Sữa,189,10.769889831542969,106.68174743652344,36000
30541,Nước Ép 100 Vị - Nguyễn Đình Chiểu,Củ Dền,,36000,24,1,0,Quận 3,Hồ Chí Minh,4.9,1061,Sinh tố/Nước ép/Sữa,189,10.769889831542969,106.68174743652344,36000
30541,Nước Ép 100 Vị - Nguyễn Đình Chiểu, Cam Hạt Chia,,36000,65,1,0,Quận 3,Hồ Chí Minh,4.9,1061,Sinh tố/Nước ép/Sữa,189,10.769889831542969,106.68174743652344,36000
30541,Nước Ép 100 Vị - Nguyễn Đình Chiểu,Lựu,,42000,266,1,0,Quận 3,Hồ Chí Minh,4.9,1061,Sinh tố/Nước ép/Sữa,189,10.769889831542969,106.68174743652344,36000
30541,Nước Ép 100 Vị - Nguyễn Đình Chiểu,Cam - Thơm,,36000,269,1,0,Quận 3,Hồ Chí Minh,4.9,1061,Sinh tố/Nước ép/Sữa,189,10.769889831542969,106.68174743652344,36000
30541,Nước Ép 100 Vị - Nguyễn Đình Chiểu,Thơm - Táo,,42000,881,4,0,Quận 3,Hồ Chí Minh,4.9,1061,Sinh tố/Nước ép/Sữa,189,10.769889831542969,106.68174743652344,36000
30541,Nước Ép 100 Vị - Nguyễn Đình Chiểu,Cóc - Thơm,,36000,131,3,0,Quận 3,Hồ Chí Minh,4.9,1061,Sinh tố/Nước ép/Sữa,189,10.769889831542969,106.68174743652344,36000
30541,Nước Ép 100 Vị - Nguyễn Đình Chiểu,Táo - Lê,,42000,158,2,0,Quận 3,Hồ Chí Minh,4.9,1061,Sinh tố/Nước ép/Sữa,189,10.769889831542969,106.68174743652344,36000
30541,Nước Ép 100 Vị - Nguyễn Đình Chiểu,Cam - Cà Rốt,,36000,164,0,0,Quận 3,Hồ Chí Minh,4.9,1061,Sinh tố/Nước ép/Sữa,189,10.769889831542969,106.68174743652344,36000
30541,Nước Ép 100 Vị - Nguyễn Đình Chiểu,Thơm - Ổi,,42000,115,0,0,Quận 3,Hồ Chí Minh,4.9,1061,Sinh tố/Nước ép/Sữa,189,10.769889831542969,106.68174743652344,36000
30541,Nước Ép 100 Vị - Nguyễn Đình Chiểu,Chanh Dây - Thơm,,36000,121,0,0,Quận 3,Hồ Chí Minh,4.9,1061,Sinh tố/Nước ép/Sữa,189,10.769889831542969,106.68174743652344,36000
30541,Nước Ép 100 Vị - Nguyễn Đình Chiểu,Sơ Ri - Thơm,,36000,127,3,0,Quận 3,Hồ Chí Minh,4.9,1061,Sinh tố/Nước ép/Sữa,189,10.769889831542969,106.68174743652344,36000
30541,Nước Ép 100 Vị - Nguyễn Đình Chiểu,Sơ Ri - Cóc,,36000,87,3,0,Quận 3,Hồ Chí Minh,4.9,1061,Sinh tố/Nước ép/Sữa,189,10.769889831542969,106.68174743652344,36000
30541,Nước Ép 100 Vị - Nguyễn Đình Chiểu,Cà Rốt - Thơm,,36000,85,0,0,Quận 3,Hồ Chí Minh,4.9,1061,Sinh tố/Nước ép/Sữa,189,10.769889831542969,106.68174743652344,36000
30541,Nước Ép 100 Vị - Nguyễn Đình Chiểu,Cam - Chanh Dây,,36000,88,0,0,Quận 3,Hồ Chí Minh,4.9,1061,Sinh tố/Nước ép/Sữa,189,10.769889831542969,106.68174743652344,36000
30541,Nước Ép 100 Vị - Nguyễn Đình Chiểu,Ổi - Lê,,42000,69,0,0,Quận 3,Hồ Chí Minh,4.9,1061,Sinh tố/Nước ép/Sữa,189,10.769889831542969,106.68174743652344,36000
30541,Nước Ép 100 Vị - Nguyễn Đình Chiểu,Cóc - Ổi,,42000,90,0,0,Quận 3,Hồ Chí Minh,4.9,1061,Sinh tố/Nước ép/Sữa,189,10.769889831542969,106.68174743652344,36000
30541,Nước Ép 100 Vị - Nguyễn Đình Chiểu,Sơ Ri - Táo,,42000,64,0,0,Quận 3,Hồ Chí Minh,4.9,1061,Sinh tố/Nước ép/Sữa,189,10.769889831542969,106.68174743652344,36000
30541,Nước Ép 100 Vị - Nguyễn Đình Chiểu,Lê - Dưa Hấu,,36000,106,2,0,Quận 3,Hồ Chí Minh,4.9,1061,Sinh tố/Nước ép/Sữa,189,10.769889831542969,106.68174743652344,36000
30541,Nước Ép 100 Vị - Nguyễn Đình Chiểu,Xoài - Thơm,,42000,100,1,0,Quận 3,Hồ Chí Minh,4.9,1061,Sinh tố/Nước ép/Sữa,189,10.769889831542969,106.68174743652344,36000
30541,Nước Ép 100 Vị - Nguyễn Đình Chiểu,Táo - Củ Dền,,42000,34,1,2,Quận 3,Hồ Chí Minh,4.9,1061,Sinh tố/Nước ép/Sữa,189,10.769889831542969,106.68174743652344,36000
30541,Nước Ép 100 Vị - Nguyễn Đình Chiểu,Dưa Lê - Táo,,42000,40,0,0,Quận 3,Hồ Chí Minh,4.9,1061,Sinh tố/Nước ép/Sữa,189,10.769889831542969,106.68174743652344,36000
30541,Nước Ép 100 Vị - Nguyễn Đình Chiểu,Chanh Dây - Mật Ong,,36000,43,0,0,Quận 3,Hồ Chí Minh,4.9,1061,Sinh tố/Nước ép/Sữa,189,10.769889831542969,106.68174743652344,36000
30541,Nước Ép 100 Vị - Nguyễn Đình Chiểu,Gừng - Thơm,,36000,33,0,0,Quận 3,Hồ Chí Minh,4.9,1061,Sinh tố/Nước ép/Sữa,189,10.769889831542969,106.68174743652344,36000
30541,Nước Ép 100 Vị - Nguyễn Đình Chiểu,Thơm - Củ Dền,,36000,41,0,0,Quận 3,Hồ Chí Minh,4.9,1061,Sinh tố/Nước ép/Sữa,189,10.769889831542969,106.68174743652344,36000
30541,Nước Ép 100 Vị - Nguyễn Đình Chiểu,Cam - Xoài,,36000,70,1,0,Quận 3,Hồ Chí Minh,4.9,1061,Sinh tố/Nước ép/Sữa,189,10.769889831542969,106.68174743652344,36000
30541,Nước Ép 100 Vị - Nguyễn Đình Chiểu,Chanh Dây - Xoài,,42000,29,0,0,Quận 3,Hồ Chí Minh,4.9,1061,Sinh tố/Nước ép/Sữa,189,10.769889831542969,106.68174743652344,36000
30541,Nước Ép 100 Vị - Nguyễn Đình Chiểu,Cà Chua - Cà Rốt,,36000,28,1,0,Quận 3,Hồ Chí Minh,4.9,1061,Sinh tố/Nước ép/Sữa,189,10.769889831542969,106.68174743652344,36000
30541,Nước Ép 100 Vị - Nguyễn Đình Chiểu,Sơ Ri - Xoài,,42000,15,0,0,Quận 3,Hồ Chí Minh,4.9,1061,Sinh tố/Nước ép/Sữa,189,10.769889831542969,106.68174743652344,36000
30541,Nước Ép 100 Vị - Nguyễn Đình Chiểu,Củ Dền - Cà Rốt,,36000,14,0,0,Quận 3,Hồ Chí Minh,4.9,1061,Sinh tố/Nước ép/Sữa,189,10.769889831542969,106.68174743652344,36000
30541,Nước Ép 100 Vị - Nguyễn Đình Chiểu,Cóc - Xoài,,42000,12,0,0,Quận 3,Hồ Chí Minh,4.9,1061,Sinh tố/Nước ép/Sữa,189,10.769889831542969,106.68174743652344,36000
30541,Nước Ép 100 Vị - Nguyễn Đình Chiểu,Cà Rốt - Lê,,36000,26,0,1,Quận 3,Hồ Chí Minh,4.9,1061,Sinh tố/Nước ép/Sữa,189,10.769889831542969,106.68174743652344,36000
30541,Nước Ép 100 Vị - Nguyễn Đình Chiểu,Cần Tây - Táo,,42000,306,2,0,Quận 3,Hồ Chí Minh,4.9,1061,Sinh tố/Nước ép/Sữa,189,10.769889831542969,106.68174743652344,36000
30541,Nước Ép 100 Vị - Nguyễn Đình Chiểu,Cần Tây - Thơm,,42000,70,0,0,Quận 3,Hồ Chí Minh,4.9,1061,Sinh tố/Nước ép/Sữa,189,10.769889831542969,106.68174743652344,36000
30541,Nước Ép 100 Vị - Nguyễn Đình Chiểu,Dưa Lê - Dưa Lưới,,42000,39,0,0,Quận 3,Hồ Chí Minh,4.9,1061,Sinh tố/Nước ép/Sữa,189,10.769889831542969,106.68174743652344,36000
30541,Nước Ép 100 Vị - Nguyễn Đình Chiểu,Ổi - Xoài,,42000,12,0,0,Quận 3,Hồ Chí Minh,4.9,1061,Sinh tố/Nước ép/Sữa,189,10.769889831542969,106.68174743652344,36000
30541,Nước Ép 100 Vị - Nguyễn Đình Chiểu,Cam - Mật Ong,,36000,95,0,0,Quận 3,Hồ Chí Minh,4.9,1061,Sinh tố/Nước ép/Sữa,189,10.769889831542969,106.68174743652344,36000
30541,Nước Ép 100 Vị - Nguyễn Đình Chiểu,Dưa Lê - Củ Dền,,36000,5,0,0,Quận 3,Hồ Chí Minh,4.9,1061,Sinh tố/Nước ép/Sữa,189,10.769889831542969,106.68174743652344,36000
30541,Nước Ép 100 Vị - Nguyễn Đình Chiểu,Lê - Lựu,,42000,36,0,0,Quận 3,Hồ Chí Minh,4.9,1061,Sinh tố/Nước ép/Sữa,189,10.769889831542969,106.68174743652344,36000
30541,Nước Ép 100 Vị - Nguyễn Đình Chiểu,Táo - Ổi - Sơ Ri,,42000,97,1,0,Quận 3,Hồ Chí Minh,4.9,1061,Sinh tố/Nước ép/Sữa,189,10.769889831542969,106.68174743652344,36000
30541,Nước Ép 100 Vị - Nguyễn Đình Chiểu,Cam - Thơm - Cà Rốt,,36000,61,2,0,Quận 3,Hồ Chí Minh,4.9,1061,Sinh tố/Nước ép/Sữa,189,10.769889831542969,106.68174743652344,36000
30541,Nước Ép 100 Vị - Nguyễn Đình Chiểu,Dưa Hấu - Dưa Lê - Dưa Lưới,,36000,97,1,0,Quận 3,Hồ Chí Minh,4.9,1061,Sinh tố/Nước ép/Sữa,189,10.769889831542969,106.68174743652344,36000
30541,Nước Ép 100 Vị - Nguyễn Đình Chiểu,Sơ Ri - Cóc - Ổi,,36000,53,1,0,Quận 3,Hồ Chí Minh,4.9,1061,Sinh tố/Nước ép/Sữa,189,10.769889831542969,106.68174743652344,36000
30541,Nước Ép 100 Vị - Nguyễn Đình Chiểu,Xoài - Thơm - Cóc,,36000,47,3,0,Quận 3,Hồ Chí Minh,4.9,1061,Sinh tố/Nước ép/Sữa,189,10.769889831542969,106.68174743652344,36000
30541,Nước Ép 100 Vị - Nguyễn Đình Chiểu,Chanh Dây - Thơm - Cà Rốt,,36000,28,2,0,Quận 3,Hồ Chí Minh,4.9,1061,Sinh tố/Nước ép/Sữa,189,10.769889831542969,106.68174743652344,36000
30541,Nước Ép 100 Vị - Nguyễn Đình Chiểu,Xoài - Táo - Chanh Dây,,42000,30,0,0,Quận 3,Hồ Chí Minh,4.9,1061,Sinh tố/Nước ép/Sữa,189,10.769889831542969,106.68174743652344,36000
30541,Nước Ép 100 Vị - Nguyễn Đình Chiểu,Xoài - Sơ Ri - Thơm,,36000,41,3,0,Quận 3,Hồ Chí Minh,4.9,1061,Sinh tố/Nước ép/Sữa,189,10.769889831542969,106.68174743652344,36000
30541,Nước Ép 100 Vị - Nguyễn Đình Chiểu,Ổi - Chanh Dây - Sơ Ri,,36000,29,0,0,Quận 3,Hồ Chí Minh,4.9,1061,Sinh tố/Nước ép/Sữa,189,10.769889831542969,106.68174743652344,36000
30541,Nước Ép 100 Vị - Nguyễn Đình Chiểu,Mận - Chanh Dây - Thơm,,36000,12,0,0,Quận 3,Hồ Chí Minh,4.9,1061,Sinh tố/Nước ép/Sữa,189,10.769889831542969,106.68174743652344,36000
30541,Nước Ép 100 Vị - Nguyễn Đình Chiểu,Thơm - Xoài - Củ Dền,,42000,9,0,0,Quận 3,Hồ Chí Minh,4.9,1061,Sinh tố/Nước ép/Sữa,189,10.769889831542969,106.68174743652344,36000
30541,Nước Ép 100 Vị - Nguyễn Đình Chiểu,Dưa Lê - Củ Dền - Lê,,36000,5,0,0,Quận 3,Hồ Chí Minh,4.9,1061,Sinh tố/Nước ép/Sữa,189,10.769889831542969,106.68174743652344,36000
30541,Nước Ép 100 Vị - Nguyễn Đình Chiểu,Cóc - Ổi - Mận,,36000,14,0,0,Quận 3,Hồ Chí Minh,4.9,1061,Sinh tố/Nước ép/Sữa,189,10.769889831542969,106.68174743652344,36000
30541,Nước Ép 100 Vị - Nguyễn Đình Chiểu,Cà Chua - Sơ Ri - Cà Rốt,,36000,14,0,0,Quận 3,Hồ Chí Minh,4.9,1061,Sinh tố/Nước ép/Sữa,189,10.769889831542969,106.68174743652344,36000
30541,Nước Ép 100 Vị - Nguyễn Đình Chiểu,Xoài - Cà Chua - Thơm,,36000,5,0,0,Quận 3,Hồ Chí Minh,4.9,1061,Sinh tố/Nước ép/Sữa,189,10.769889831542969,106.68174743652344,36000
30541,Nước Ép 100 Vị - Nguyễn Đình Chiểu,Cóc - Cam - Xoài,,36000,4,0,0,Quận 3,Hồ Chí Minh,4.9,1061,Sinh tố/Nước ép/Sữa,189,10.769889831542969,106.68174743652344,36000
30541,Nước Ép 100 Vị - Nguyễn Đình Chiểu,Thơm - Xoài - Sơ Ri - Cóc,,42000,24,1,0,Quận 3,Hồ Chí Minh,4.9,1061,Sinh tố/Nước ép/Sữa,189,10.769889831542969,106.68174743652344,36000
30541,Nước Ép 100 Vị - Nguyễn Đình Chiểu,Cam - Thơm - Sơ Ri - Ổi,,36000,29,1,0,Quận 3,Hồ Chí Minh,4.9,1061,Sinh tố/Nước ép/Sữa,189,10.769889831542969,106.68174743652344,36000
30541,Nước Ép 100 Vị - Nguyễn Đình Chiểu,Mận - Thơm - Sơ Ri - Ổi,,36000,40,1,0,Quận 3,Hồ Chí Minh,4.9,1061,Sinh tố/Nước ép/Sữa,189,10.769889831542969,106.68174743652344,36000
30541,Nước Ép 100 Vị - Nguyễn Đình Chiểu,Sơ Ri - Cóc - Ổi - Xoài,,42000,16,0,0,Quận 3,Hồ Chí Minh,4.9,1061,Sinh tố/Nước ép/Sữa,189,10.769889831542969,106.68174743652344,36000
30541,Nước Ép 100 Vị - Nguyễn Đình Chiểu,Cam - Thơm - Cà Rốt - Sơ Ri,,36000,19,1,0,Quận 3,Hồ Chí Minh,4.9,1061,Sinh tố/Nước ép/Sữa,189,10.769889831542969,106.68174743652344,36000
30541,Nước Ép 100 Vị - Nguyễn Đình Chiểu,Thơm - Cà Chua - Sơ Ri - Cà Rốt,,36000,7,0,0,Quận 3,Hồ Chí Minh,4.9,1061,Sinh tố/Nước ép/Sữa,189,10.769889831542969,106.68174743652344,36000
30541,Nước Ép 100 Vị - Nguyễn Đình Chiểu,Xoài - Cà Chua - Thơm - Sơ Ri,,36000,6,0,0,Quận 3,Hồ Chí Minh,4.9,1061,Sinh tố/Nước ép/Sữa,189,10.769889831542969,106.68174743652344,36000
30541,Nước Ép 100 Vị - Nguyễn Đình Chiểu,Mận - Xoài - Cam - Cóc,,36000,12,1,0,Quận 3,Hồ Chí Minh,4.9,1061,Sinh tố/Nước ép/Sữa,189,10.769889831542969,106.68174743652344,36000
30541,Nước Ép 100 Vị - Nguyễn Đình Chiểu,Dưa Lưới - Sữa,,42000,23,1,0,Quận 3,Hồ Chí Minh,4.9,1061,Sinh tố/Nước ép/Sữa,189,10.769889831542969,106.68174743652344,36000
30541,Nước Ép 100 Vị - Nguyễn Đình Chiểu,Cam - Sữa,,42000,41,1,1,Quận 3,Hồ Chí Minh,4.9,1061,Sinh tố/Nước ép/Sữa,189,10.769889831542969,106.68174743652344,36000
30541,Nước Ép 100 Vị - Nguyễn Đình Chiểu,Chanh Dây - Sữa,,42000,19,0,0,Quận 3,Hồ Chí Minh,4.9,1061,Sinh tố/Nước ép/Sữa,189,10.769889831542969,106.68174743652344,36000
30541,Nước Ép 100 Vị - Nguyễn Đình Chiểu,Thơm - Sữa,,42000,4,0,0,Quận 3,Hồ Chí Minh,4.9,1061,Sinh tố/Nước ép/Sữa,189,10.769889831542969,106.68174743652344,36000
30541,Nước Ép 100 Vị - Nguyễn Đình Chiểu,Ổi - Sữa,,42000,5,0,0,Quận 3,Hồ Chí Minh,4.9,1061,Sinh tố/Nước ép/Sữa,189,10.769889831542969,106.68174743652344,36000
30541,Nước Ép 100 Vị - Nguyễn Đình Chiểu,Cóc - Sữa,,42000,4,0,0,Quận 3,Hồ Chí Minh,4.9,1061,Sinh tố/Nước ép/Sữa,189,10.769889831542969,106.68174743652344,36000
30541,Nước Ép 100 Vị - Nguyễn Đình Chiểu,Sơ Ri - Sữa,,42000,5,0,0,Quận 3,Hồ Chí Minh,4.9,1061,Sinh tố/Nước ép/Sữa,189,10.769889831542969,106.68174743652344,36000
30541,Nước Ép 100 Vị - Nguyễn Đình Chiểu,Táo - Sữa,,42000,7,0,0,Quận 3,Hồ Chí Minh,4.9,1061,Sinh tố/Nước ép/Sữa,189,10.769889831542969,106.68174743652344,36000
30541,Nước Ép 100 Vị - Nguyễn Đình Chiểu,Xoài - Sữa,,42000,10,0,0,Quận 3,Hồ Chí Minh,4.9,1061,Sinh tố/Nước ép/Sữa,189,10.769889831542969,106.68174743652344,36000
30541,Nước Ép 100 Vị - Nguyễn Đình Chiểu,Táo - Củ Dền - Thơm - Lê,"Giảm cân, cân bằng huyết áp",42000,443,7,0,Quận 3,Hồ Chí Minh,4.9,1061,Sinh tố/Nước ép/Sữa,189,10.769889831542969,106.68174743652344,36000
30541,Nước Ép 100 Vị - Nguyễn Đình Chiểu,Thơm - Táo - Cà Rốt - Củ Dền - Cần Tây,,42000,142,2,0,Quận 3,Hồ Chí Minh,4.9,1061,Sinh tố/Nước ép/Sữa,189,10.769889831542969,106.68174743652344,36000
30541,Nước Ép 100 Vị - Nguyễn Đình Chiểu,Thơm - Xoài - Cà Rốt - Lê - Táo,"Mát gan, lợi tiểu",42000,57,1,1,Quận 3,Hồ Chí Minh,4.9,1061,Sinh tố/Nước ép/Sữa,189,10.769889831542969,106.68174743652344,36000
30541,Nước Ép 100 Vị - Nguyễn Đình Chiểu,Thơm - Gừng - Lê,giảm stress,42000,52,1,0,Quận 3,Hồ Chí Minh,4.9,1061,Sinh tố/Nước ép/Sữa,189,10.769889831542969,106.68174743652344,36000
30541,Nước Ép 100 Vị - Nguyễn Đình Chiểu,Táo - Cam - Cà Rốt - Dưa Leo,"Tăng sức đề kháng, chống cảm cúm",42000,36,1,0,Quận 3,Hồ Chí Minh,4.9,1061,Sinh tố/Nước ép/Sữa,189,10.769889831542969,106.68174743652344,36000
30541,Nước Ép 100 Vị - Nguyễn Đình Chiểu,Cam - Táo - Dưa Leo - Dưa Hấu - Chanh Dây,"Chống ung thư, giải độc gan",42000,69,5,0,Quận 3,Hồ Chí Minh,4.9,1061,Sinh tố/Nước ép/Sữa,189,10.769889831542969,106.68174743652344,36000
30541,Nước Ép 100 Vị - Nguyễn Đình Chiểu,Cam - Cà Rốt - Gừng - Lê,,42000,44,0,0,Quận 3,Hồ Chí Minh,4.9,1061,Sinh tố/Nước ép/Sữa,189,10.769889831542969,106.68174743652344,36000
30541,Nước Ép 100 Vị - Nguyễn Đình Chiểu,Ổi - Lê - Thơm - Dưa Leo - Gừng,,42000,22,1,0,Quận 3,Hồ Chí Minh,4.9,1061,Sinh tố/Nước ép/Sữa,189,10.769889831542969,106.68174743652344,36000
30541,Nước Ép 100 Vị - Nguyễn Đình Chiểu,Thơm - Cà Rốt - Táo - Dưa Leo - Củ Dền,,42000,15,0,0,Quận 3,Hồ Chí Minh,4.9,1061,Sinh tố/Nước ép/Sữa,189,10.769889831542969,106.68174743652344,36000
22408,Nước Ép Minh Anh - Sinh Tố & Trái Cây Tươi - Đường Số 41,Sinh tố bơ," Bơ:  vị béo bùi, thơm ngon, giàu vitamin E, kali, chất xơ,hệ tiêu hóa và da.CHỈ SỬ DỤNG SỮA NSPN KHÔNG DÙNG ĐƯỜNG",36000,71023,24,3,Quận 4,Hồ Chí Minh,4.9,641,Sinh tố/Nước ép/Sữa,189,10.758429527282715,106.70020294189453,25000
22408,Nước Ép Minh Anh - Sinh Tố & Trái Cây Tươi - Đường Số 41,Sinh tố mãng cầu,"Mãng cầu: Vị ngọt thanh, mát lạnh, xen lẫn chút chua nhẹ, giàu vitamin C, A, B6, kali, tốt cho hệ miễn dịch, tiêu hóa.CHỈ SỬ DỤNG SỮA NSPN KHÔNG DÙNG ĐƯỜNG",36000,345,11,0,Quận 4,Hồ Chí Minh,4.9,641,Sinh tố/Nước ép/Sữa,189,10.758429527282715,106.70020294189453,25000
22408,Nước Ép Minh Anh - Sinh Tố & Trái Cây Tươi - Đường Số 41,Sinh tố dâu," Dâu:  vị chua ngọt, thanh mát, giàu vitamin C, chất chống oxy hóa. CHỈ SỬ DỤNG SỮA NSPN KHÔNG DÙNG ĐƯỜNG",36000,463,5,2,Quận 4,Hồ Chí Minh,4.9,641,Sinh tố/Nước ép/Sữa,189,10.758429527282715,106.70020294189453,25000
22408,Nước Ép Minh Anh - Sinh Tố & Trái Cây Tươi - Đường Số 41,Sinh tố dưa lưới,"* Dưa lưới: Vị ngọt thanh, thơm mát, xen lẫn chút vị béo của sữa.Giàu vitamin A,tốt cho da, hệ miễn dịch và tim mạch.CHỈ SỬ DỤNG SỮA NSPN KHÔNG DÙNG ĐƯỜNG",31000,308,6,0,Quận 4,Hồ Chí Minh,4.9,641,Sinh tố/Nước ép/Sữa,189,10.758429527282715,106.70020294189453,25000
22408,Nước Ép Minh Anh - Sinh Tố & Trái Cây Tươi - Đường Số 41,Sinh tố sapoche,"Sapo: Vị ngọt thanh, dẻo mịn, giàu vitamin C, chất xơ, hệ tiêu hóa và tim mạch.CHỈ SỬ DỤNG SỮA NSPN KHÔNG DÙNG ĐƯỜNG",26000,732,18,1,Quận 4,Hồ Chí Minh,4.9,641,Sinh tố/Nước ép/Sữa,189,10.758429527282715,106.70020294189453,25000
22408,Nước Ép Minh Anh - Sinh Tố & Trái Cây Tươi - Đường Số 41,Sinh tố xoài," Xoài:  ngọt thơm, béo ngậy, cung cấp nhiều vitamin, beta-carotene tốt cho mắt, da và sức khỏe.CHỈ SỬ DỤNG SỮA NSPN KHÔNG DÙNG ĐƯỜNG",26000,203,2,1,Quận 4,Hồ Chí Minh,4.9,641,Sinh tố/Nước ép/Sữa,189,10.758429527282715,106.70020294189453,25000
22408,Nước Ép Minh Anh - Sinh Tố & Trái Cây Tươi - Đường Số 41,Sinh tố Dưa Gang,"* Dưa gang: Vị ngọt thanh, mát lạnh,giàu vitamin A, C, hệ miễn dịch và tiêu hóa. CHỈ SỬ DỤNG SỮA NSPN KHÔNG DÙNG ĐƯỜNG",26000,240,8,0,Quận 4,Hồ Chí Minh,4.9,641,Sinh tố/Nước ép/Sữa,189,10.758429527282715,106.70020294189453,25000
22408,Nước Ép Minh Anh - Sinh Tố & Trái Cây Tươi - Đường Số 41,Rau má," Rau má đường: ngọt thanh, mát lạnh, đắng nhẹ đặc trưng của rau má, dễ uống và thanh lọc cơ thể.",16000,288,4,0,Quận 4,Hồ Chí Minh,4.9,641,Sinh tố/Nước ép/Sữa,189,10.758429527282715,106.70020294189453,25000
22408,Nước Ép Minh Anh - Sinh Tố & Trái Cây Tươi - Đường Số 41,Cam vắt,"cam vị chua ngọt dịu, thanh mát, giúp tăng cường hệ miễn dịch nhờ vitamin C dồi dào, giúp da đẹp. CHỈ SỬ DỤNG ĐƯỜNG PHÈN NẤU CHÍN TẠO VỊ NGỌT THANH ",21000,327,0,1,Quận 4,Hồ Chí Minh,4.9,641,Sinh tố/Nước ép/Sữa,189,10.758429527282715,106.70020294189453,25000
22408,Nước Ép Minh Anh - Sinh Tố & Trái Cây Tươi - Đường Số 41,Cam cà rốt,*cam carot: vị chua của cam kết hợp cùng với sự thanh của carot hỗ trợ tăng cường sức đề kháng. CHỈ SỬ DỤNG ĐƯỜNG PHÈN NẤU CHÍN TẠO VỊ NGỌT THANH,26000,107,3,0,Quận 4,Hồ Chí Minh,4.9,641,Sinh tố/Nước ép/Sữa,189,10.758429527282715,106.70020294189453,25000
22408,Nước Ép Minh Anh - Sinh Tố & Trái Cây Tươi - Đường Số 41,Cam mật ong,"* cam mật ong có vị ngọt dịu, thanh mát của cam hòa quyện với vị ngọt ấm của mật ong. Tốt cho tim mạch, giúp da đẹp. CHỈ SỬ DỤNG ĐƯỜNG PHÈN NẤU CHÍN TẠO VỊ NGỌT THANH ",25000,132,1,0,Quận 4,Hồ Chí Minh,4.9,641,Sinh tố/Nước ép/Sữa,189,10.758429527282715,106.70020294189453,25000
22408,Nước Ép Minh Anh - Sinh Tố & Trái Cây Tươi - Đường Số 41,Cam sữa,"*Cam sữa có vị ngọt dịu, thanh mát của cam hòa quyện với vị béo ngậy của sữa. Tốt cho tim mạch, hỗ trợ tiêu hóa. CHỈ SỬ DỤNG ĐƯỜNG PHÈN NẤU CHÍN TẠO VỊ NGỌT THANH ",26000,77,5,0,Quận 4,Hồ Chí Minh,4.9,641,Sinh tố/Nước ép/Sữa,189,10.758429527282715,106.70020294189453,25000
22408,Nước Ép Minh Anh - Sinh Tố & Trái Cây Tươi - Đường Số 41,Trái cây dầm thập cẩm,"Trái cây dầm món ăn thanh mát với sự kết hợp của đa dạng trái cây cũng với vị béo ngọt của sữa và đá bào mát lạnh cung cấp nhiều vitamin, khoáng chất và chất xơ tốt cho sức khỏe.",36000,146,1,0,Quận 4,Hồ Chí Minh,4.9,641,Sinh tố/Nước ép/Sữa,189,10.758429527282715,106.70020294189453,25000
22408,Nước Ép Minh Anh - Sinh Tố & Trái Cây Tươi - Đường Số 41,Trái cây dầm yaout,"Trái cây dầm yaourt: sự kết hợp với đa dạng trái cây cùng với chua nhẹ của yaourt và vị béo ngọt của sữa, mát lạnh của đá bào tăng thêm dinh dưỡng và nhiều vitamin",46000,70,0,0,Quận 4,Hồ Chí Minh,4.9,641,Sinh tố/Nước ép/Sữa,189,10.758429527282715,106.70020294189453,25000
22408,Nước Ép Minh Anh - Sinh Tố & Trái Cây Tươi - Đường Số 41,Nước dừa tươi ly khổng lồ,"Nước dừa tươi có vị ngọt thanh, mát lạnh, có mùi thơm đặc trưng của dừa. Giúp giải nhiệt, bù nước và chất điện giải. CHỈ SỬ DỤNG ĐƯỜNG PHÈN NẤU CHÍN TẠO VỊ NGỌT THANH ",31000,25650,6,1,Quận 4,Hồ Chí Minh,4.9,641,Sinh tố/Nước ép/Sữa,189,10.758429527282715,106.70020294189453,25000
22408,Nước Ép Minh Anh - Sinh Tố & Trái Cây Tươi - Đường Số 41,Rau má nước dừa,"Rau má nước dừa: thanh của nước dừa hòa quyện với vị đắng nhẹ của rau má, thanh mát, bổ dưỡng.",26000,148,1,0,Quận 4,Hồ Chí Minh,4.9,641,Sinh tố/Nước ép/Sữa,189,10.758429527282715,106.70020294189453,25000
22408,Nước Ép Minh Anh - Sinh Tố & Trái Cây Tươi - Đường Số 41,Rau má sữa dừa,"* Rau má sữa: thanh mát, kết hợp chút vị béo ngọt từ sữa dừa ",31000,111,3,0,Quận 4,Hồ Chí Minh,4.9,641,Sinh tố/Nước ép/Sữa,189,10.758429527282715,106.70020294189453,25000
22408,Nước Ép Minh Anh - Sinh Tố & Trái Cây Tươi - Đường Số 41,Rau má sữa sầu riêng," Rau má sữa sầu riêng: béo ngậy của sữa, sầu riêng hòa quyện với vị đắng nhẹ của rau má",31000,38,2,0,Quận 4,Hồ Chí Minh,4.9,641,Sinh tố/Nước ép/Sữa,189,10.758429527282715,106.70020294189453,25000
22408,Nước Ép Minh Anh - Sinh Tố & Trái Cây Tươi - Đường Số 41,Rau câu trái dừa,Sự kết hợp của nước dừa tươi 100% cùng với nước cốt dừa được đổ thành từng tầng. Rau câu thanh mát lạnh giúp thải độc và giảm cholesterol trong máu và tốt cho hệ tiêu hoá,38000,107,0,0,Quận 4,Hồ Chí Minh,4.9,641,Sinh tố/Nước ép/Sữa,189,10.758429527282715,106.70020294189453,25000
22408,Nước Ép Minh Anh - Sinh Tố & Trái Cây Tươi - Đường Số 41,Nước ép cóc,"* cóc có vị chua ngọt nhẹ, thanh mát. Tốt cho tim mạch, bảo vệ sức khỏe não bộ. CHỈ SỬ DỤNG ĐƯỜNG PHÈN NẤU CHÍN TẠO VỊ NGỌT THANH  ",21000,184,0,0,Quận 4,Hồ Chí Minh,4.9,641,Sinh tố/Nước ép/Sữa,189,10.758429527282715,106.70020294189453,25000
22408,Nước Ép Minh Anh - Sinh Tố & Trái Cây Tươi - Đường Số 41,Nước ép sơ ri,"sơ ri : chua ngọt thanh mát, hỗ trợ thanh nhiệt, giải độc gan, cải thiện hệ tiêu hóa. CHỈ SỬ DỤNG ĐƯỜNG PHÈN NẤU CHÍN TẠO VỊ NGỌT THANH ",21000,98,1,0,Quận 4,Hồ Chí Minh,4.9,641,Sinh tố/Nước ép/Sữa,189,10.758429527282715,106.70020294189453,25000
22408,Nước Ép Minh Anh - Sinh Tố & Trái Cây Tươi - Đường Số 41,Nước ép táo,"*Táo:  ngọt dịu, thanh mát, Giúp tăng cường hệ miễn dịch, giúp da đẹp. CHỈ SỬ DỤNG ĐƯỜNG PHÈN NẤU CHÍN TẠO VỊ NGỌT THANH ",26000,271,1,0,Quận 4,Hồ Chí Minh,4.9,641,Sinh tố/Nước ép/Sữa,189,10.758429527282715,106.70020294189453,25000
22408,Nước Ép Minh Anh - Sinh Tố & Trái Cây Tươi - Đường Số 41,Nước ép dưa hấu," dưa hấu có vị ngọt thanh mát. Giúp giải độc cơ thể, giúp da đẹp. CHỈ SỬ DỤNG ĐƯỜNG PHÈN NẤU CHÍN TẠO VỊ NGỌT THANH ",21000,512,1,0,Quận 4,Hồ Chí Minh,4.9,641,Sinh tố/Nước ép/Sữa,189,10.758429527282715,106.70020294189453,25000
22408,Nước Ép Minh Anh - Sinh Tố & Trái Cây Tươi - Đường Số 41,Nước ép ổi,"* ổi có vị chua ngọt. Hỗ trợ tiêu hóa, tốt cho da, giúp giảm cân. CHỈ SỬ DỤNG ĐƯỜNG PHÈN NẤU CHÍN TẠO VỊ NGỌT THANH ",21000,306,1,0,Quận 4,Hồ Chí Minh,4.9,641,Sinh tố/Nước ép/Sữa,189,10.758429527282715,106.70020294189453,25000
22408,Nước Ép Minh Anh - Sinh Tố & Trái Cây Tươi - Đường Số 41,Nước ép thơm,"thơm có vị ngọt chua, thơm. Hỗ trợ giảm cân, tăng cường hệ miễn dịch, giúp da đẹp. CHỈ SỬ DỤNG ĐƯỜNG PHÈN NẤU CHÍN TẠO VỊ NGỌT THANH ",21000,20808,13,1,Quận 4,Hồ Chí Minh,4.9,641,Sinh tố/Nước ép/Sữa,189,10.758429527282715,106.70020294189453,25000
22408,Nước Ép Minh Anh - Sinh Tố & Trái Cây Tươi - Đường Số 41,Nước ép dưa lưới,"dưa lưới có vị ngọt thanh mát, thơm dịu, bù nước cho cơ thể, cải thiện sức khỏe tiêu hóa. CHỈ SỬ DỤNG ĐƯỜNG PHÈN NẤU CHÍN TẠO VỊ NGỌT THANH ",26000,281,1,2,Quận 4,Hồ Chí Minh,4.9,641,Sinh tố/Nước ép/Sữa,189,10.758429527282715,106.70020294189453,25000
22408,Nước Ép Minh Anh - Sinh Tố & Trái Cây Tươi - Đường Số 41,Nước ép cà rốt,"cà rốt có vị ngọt thanh, tốt cho mắt, giúp da đẹp. CHỈ SỬ DỤNG ĐƯỜNG PHÈN NẤU CHÍN TẠO VỊ NGỌT THANH ",21000,99,2,0,Quận 4,Hồ Chí Minh,4.9,641,Sinh tố/Nước ép/Sữa,189,10.758429527282715,106.70020294189453,25000
22408,Nước Ép Minh Anh - Sinh Tố & Trái Cây Tươi - Đường Số 41,Nước ép chanh dây,*chanh dây có vị chua ngọt thanh mát. Giúp làm giảm nguy cơ ung thư. Cải thiện thị lực. CHỈ SỬ DỤNG ĐƯỜNG PHÈN NẤU CHÍN TẠO VỊ NGỌT THANH ,21000,132,0,1,Quận 4,Hồ Chí Minh,4.9,641,Sinh tố/Nước ép/Sữa,189,10.758429527282715,106.70020294189453,25000
22408,Nước Ép Minh Anh - Sinh Tố & Trái Cây Tươi - Đường Số 41,Nước ép chanh dây sữa,"Chanh dây sữa có vị chua ngọt thanh mát của chanh dây hòa quyện với vị béo ngậy của sữa. Tăng cường hệ miễn dịch, hỗ trợ tiêu hóa. CHỈ SỬ DỤNG ĐƯỜNG PHÈN NẤU CHÍN TẠO VỊ NGỌT THANH ",26000,33,4,0,Quận 4,Hồ Chí Minh,4.9,641,Sinh tố/Nước ép/Sữa,189,10.758429527282715,106.70020294189453,25000
22408,Nước Ép Minh Anh - Sinh Tố & Trái Cây Tươi - Đường Số 41,Nước ép chanh dây mật ong,Chanh dây mật ong có vị chua ngọt thanh mát của chanh dây hòa quyện với vị ngọt ấm của mật ong. Giúp giảm cholesterol. CHỈ SỬ DỤNG ĐƯỜNG PHÈN NẤU CHÍN TẠO VỊ NGỌT THANH,25000,60,0,0,Quận 4,Hồ Chí Minh,4.9,641,Sinh tố/Nước ép/Sữa,189,10.758429527282715,106.70020294189453,25000
22408,Nước Ép Minh Anh - Sinh Tố & Trái Cây Tươi - Đường Số 41,Nước ép cà chua,,25000,16,1,0,Quận 4,Hồ Chí Minh,4.9,641,Sinh tố/Nước ép/Sữa,189,10.758429527282715,106.70020294189453,25000
22408,Nước Ép Minh Anh - Sinh Tố & Trái Cây Tươi - Đường Số 41,Lựu,"Tốt cho tim mạch, giàu chất chống oxy hoá ",36000,267,1,0,Quận 4,Hồ Chí Minh,4.9,641,Sinh tố/Nước ép/Sữa,189,10.758429527282715,106.70020294189453,25000
22408,Nước Ép Minh Anh - Sinh Tố & Trái Cây Tươi - Đường Số 41,Cóc + Ổi,"cóc ổi: chua của cóc cùng vị ngọt của ổi, tốt cho hệ tiêu hóa, hỗ trợ giảm cân.CHỈ SỬ DỤNG ĐƯỜNG PHÈN NẤU CHÍN TẠO VỊ NGỌT THANH ",26000,131,1,0,Quận 4,Hồ Chí Minh,4.9,641,Sinh tố/Nước ép/Sữa,189,10.758429527282715,106.70020294189453,25000
22408,Nước Ép Minh Anh - Sinh Tố & Trái Cây Tươi - Đường Số 41,Cà rốt + Ổi,"carot ổi: thanh của cà rốt hòa quyện cùng vị ngọt thanh của ổi, chất xơ, tốt cho da, mắt, tim mạch. CHỈ SỬ DỤNG ĐƯỜNG PHÈN NẤU CHÍN TẠO VỊ NGỌT THANH",26000,28,1,0,Quận 4,Hồ Chí Minh,4.9,641,Sinh tố/Nước ép/Sữa,189,10.758429527282715,106.70020294189453,25000
22408,Nước Ép Minh Anh - Sinh Tố & Trái Cây Tươi - Đường Số 41,Cam + Cà rốt,*cam carot: vị chua của cam kết hợp cùng với sự thanh của carot hỗ trợ tăng cường sức đề kháng. CHỈ SỬ DỤNG ĐƯỜNG PHÈN NẤU CHÍN TẠO VỊ NGỌT THANH,26000,83,1,0,Quận 4,Hồ Chí Minh,4.9,641,Sinh tố/Nước ép/Sữa,189,10.758429527282715,106.70020294189453,25000
22408,Nước Ép Minh Anh - Sinh Tố & Trái Cây Tươi - Đường Số 41,Cam + Táo,cam táo: vị chua của cam kết hợp với sự ngọt dịu của táo giúp cho hệ tiêu hoá và giảm cân. CHỈ SỬ DỤNG ĐƯỜNG PHÈN NẤU CHÍN TẠO VỊ NGỌT THANH ,31000,93,1,0,Quận 4,Hồ Chí Minh,4.9,641,Sinh tố/Nước ép/Sữa,189,10.758429527282715,106.70020294189453,25000
22408,Nước Ép Minh Anh - Sinh Tố & Trái Cây Tươi - Đường Số 41,Cam + Thơm,"*cam thơm: vị chua của cam hòa quyện cùng vị mát của dứa. Giàu vitamin A, C, B6, kali. CHỈ SỬ DỤNG ĐƯỜNG PHÈN NẤU CHÍN TẠO VỊ NGỌT THANH ",26000,203,3,0,Quận 4,Hồ Chí Minh,4.9,641,Sinh tố/Nước ép/Sữa,189,10.758429527282715,106.70020294189453,25000
22408,Nước Ép Minh Anh - Sinh Tố & Trái Cây Tươi - Đường Số 41,Cà rốt + Sơri,"carot sori: thanh của cà rốt hòa quyện cùng vị chua ngọt nhẹ của sơri giúp hệ tiêu hóa, hỗ trợ tăng cường sức đề kháng.CHỈ SỬ DỤNG ĐƯỜNG PHÈN NẤU CHÍN TẠO VỊ NGỌT THANH ",26000,19,0,0,Quận 4,Hồ Chí Minh,4.9,641,Sinh tố/Nước ép/Sữa,189,10.758429527282715,106.70020294189453,25000
22408,Nước Ép Minh Anh - Sinh Tố & Trái Cây Tươi - Đường Số 41,Cóc + Sơri,"cóc sơri: chua  của cóc cùng vị chua ngọt của sơri, bổ sung chất xơ, tốt cho da. CHỈ SỬ DỤNG ĐƯỜNG PHÈN NẤU CHÍN TẠO VỊ NGỌT THANH ",26000,62,3,0,Quận 4,Hồ Chí Minh,4.9,641,Sinh tố/Nước ép/Sữa,189,10.758429527282715,106.70020294189453,25000
22408,Nước Ép Minh Anh - Sinh Tố & Trái Cây Tươi - Đường Số 41,Cóc + Thơm,"*cóc thơm: chua thanh của cóc hòa quyện cùng vị ngọt thanh, thơm mát của thơm, giúp ích cho tim mạch, hệ tiêu hóa.CHỈ SỬ DỤNG ĐƯỜNG PHÈN NẤU CHÍN TẠO VỊ NGỌT THANH",26000,88,1,1,Quận 4,Hồ Chí Minh,4.9,641,Sinh tố/Nước ép/Sữa,189,10.758429527282715,106.70020294189453,25000
22408,Nước Ép Minh Anh - Sinh Tố & Trái Cây Tươi - Đường Số 41,Thơm + Cà rốt,"*thơm carot: thơm mát của thơm hòa quyện cùng vị ngọt thanh của cà rốt, giàu beta-carotene, chất xơ, bromelain. CHỈ SỬ DỤNG ĐƯỜNG PHÈN NẤU CHÍN TẠO VỊ NGỌT THANH ",26000,135,2,2,Quận 4,Hồ Chí Minh,4.9,641,Sinh tố/Nước ép/Sữa,189,10.758429527282715,106.70020294189453,25000
22408,Nước Ép Minh Anh - Sinh Tố & Trái Cây Tươi - Đường Số 41,Thơm + Sơri,"*thơm sori: thơm mát của thơm cùng với chua ngọt của sơri tốt cho hệ miễn dịch, tim mạch, hệ tiêu hóa, hỗ trợ tiêu hóa.CHỈ SỬ DỤNG ĐƯỜNG PHÈN NẤU CHÍN TẠO VỊ NGỌT THANH ",26000,53,1,0,Quận 4,Hồ Chí Minh,4.9,641,Sinh tố/Nước ép/Sữa,189,10.758429527282715,106.70020294189453,25000
22408,Nước Ép Minh Anh - Sinh Tố & Trái Cây Tươi - Đường Số 41,Ổi + Cà rốt,"*ổi carot:  ngọt thanh của ổi cùng vị thanh mát của cà rốt, tốt cho da, mắt, tim mạch, hệ tiêu hóa, hỗ trợ tăng cường sức đề kháng.CHỈ SỬ DỤNG ĐƯỜNG PHÈN NẤU CHÍN TẠO VỊ NGỌT THANH ",26000,12,0,0,Quận 4,Hồ Chí Minh,4.9,641,Sinh tố/Nước ép/Sữa,189,10.758429527282715,106.70020294189453,25000
22408,Nước Ép Minh Anh - Sinh Tố & Trái Cây Tươi - Đường Số 41,Ổi + Sơri,"*ổi sori: ngọt  của ổi kết hợp cùng vị chua ngọt nhẹ của sơri giàu vitamin A, C, B6, kali.CHỈ SỬ DỤNG ĐƯỜNG PHÈN NẤU CHÍN TẠO VỊ NGỌT THANH ",26000,36,1,0,Quận 4,Hồ Chí Minh,4.9,641,Sinh tố/Nước ép/Sữa,189,10.758429527282715,106.70020294189453,25000
22408,Nước Ép Minh Anh - Sinh Tố & Trái Cây Tươi - Đường Số 41,Ổi + Thơm,"ổi thơm: Vị ngọt của ổi cùng với vị chua ngọt chả thơm tốt cho da, hệ miễn dịch, tim mạch, hệ tiêu hóa.CHỈ SỬ DỤNG ĐƯỜNG PHÈN NẤU CHÍN TẠO VỊ NGỌT THANH ",26000,170,2,0,Quận 4,Hồ Chí Minh,4.9,641,Sinh tố/Nước ép/Sữa,189,10.758429527282715,106.70020294189453,25000
22408,Nước Ép Minh Anh - Sinh Tố & Trái Cây Tươi - Đường Số 41,Cam + Dâu,"*dâu cam: chua ngọt thanh mát của dâu tây và vị cam thơm ngon,cung cấp dồi dào vitamin, khoáng chất và chất chống oxy hóa, tốt cho sức khỏe.CHỈ SỬ DỤNG ĐƯỜNG PHÈN NẤU CHÍN TẠO VỊ NGỌT THANH ",41000,26,0,2,Quận 4,Hồ Chí Minh,4.9,641,Sinh tố/Nước ép/Sữa,189,10.758429527282715,106.70020294189453,25000
22408,Nước Ép Minh Anh - Sinh Tố & Trái Cây Tươi - Đường Số 41,Táo + Dâu,"*dâu táo: vị ngọt thanh của dâu và vị chua thanh, dịu của táo, tốt cho da, mắt, tim mạch, hệ tiêu hóa.CHỈ SỬ DỤNG ĐƯỜNG PHÈN NẤU CHÍN TẠO VỊ NGỌT THANH ",41000,84,1,0,Quận 4,Hồ Chí Minh,4.9,641,Sinh tố/Nước ép/Sữa,189,10.758429527282715,106.70020294189453,25000
22408,Nước Ép Minh Anh - Sinh Tố & Trái Cây Tươi - Đường Số 41,Thơm + Dâu,"dâu thơm: vị chua ngọt thanh mát của dâu tây và vị thơm lừng, ngọt thanh của thơm,giúp thanh lọc cơ thể, giải độc gan.Hỗ trợ giảm cân hiệu quả.CHỈ SỬ DỤNG ĐƯỜNG PHÈN NẤU CHÍN TẠO VỊ NGỌT THANH ",41000,59,0,0,Quận 4,Hồ Chí Minh,4.9,641,Sinh tố/Nước ép/Sữa,189,10.758429527282715,106.70020294189453,25000
22408,Nước Ép Minh Anh - Sinh Tố & Trái Cây Tươi - Đường Số 41,Táo + Cà rốt," táo cà rốt có vị chua ngọt thanh mát của cà rốt hòa quyện với vị ngọt dịu của táo. Hỗ trợ giảm cân, tốt cho mắt.CHỈ SỬ DỤNG ĐƯỜNG PHÈN NẤU CHÍN TẠO VỊ NGỌT THANH ",31000,20,0,0,Quận 4,Hồ Chí Minh,4.9,641,Sinh tố/Nước ép/Sữa,189,10.758429527282715,106.70020294189453,25000
22408,Nước Ép Minh Anh - Sinh Tố & Trái Cây Tươi - Đường Số 41,Táo + Cóc, táo cóc có vị chua ngọt thanh mát của cà rốt hòa quyện với vị ngọt dịu của táo. Giúp ngăn ngừa lão hóa.CHỈ SỬ DỤNG ĐƯỜNG PHÈN NẤU CHÍN TẠO VỊ NGỌT THANH,31000,22,0,0,Quận 4,Hồ Chí Minh,4.9,641,Sinh tố/Nước ép/Sữa,189,10.758429527282715,106.70020294189453,25000
22408,Nước Ép Minh Anh - Sinh Tố & Trái Cây Tươi - Đường Số 41,Táo + Ổi,táo ổi có vị chua ngọt thanh mát của ổi hòa quyện với vị ngọt dịu của táo. Tăng cường sức khỏe xương. CHỈ SỬ DỤNG ĐƯỜNG PHÈN NẤU CHÍN TẠO VỊ NGỌT THANH ,31000,54,1,0,Quận 4,Hồ Chí Minh,4.9,641,Sinh tố/Nước ép/Sữa,189,10.758429527282715,106.70020294189453,25000
22408,Nước Ép Minh Anh - Sinh Tố & Trái Cây Tươi - Đường Số 41,Táo + Sơri,"táo sơ ri có vị chua ngọt thanh mát của sơ ri hòa quyện với vị ngọt dịu của táo. Hỗ trợ giảm cân, giúp da đẹp.CHỈ SỬ DỤNG ĐƯỜNG PHÈN NẤU CHÍN TẠO VỊ NGỌT THANH ",31000,24,0,0,Quận 4,Hồ Chí Minh,4.9,641,Sinh tố/Nước ép/Sữa,189,10.758429527282715,106.70020294189453,25000
22408,Nước Ép Minh Anh - Sinh Tố & Trái Cây Tươi - Đường Số 41,Táo + Thơm," táo thơm có vị chua ngọt thanh mát của thơm hòa quyện với vị ngọt dịu của táo. Giúp da đẹp, tốt cho sức khỏe răng miệng.CHỈ SỬ DỤNG ĐƯỜNG PHÈN NẤU CHÍN TẠO VỊ NGỌT THANH ",31000,327,3,0,Quận 4,Hồ Chí Minh,4.9,641,Sinh tố/Nước ép/Sữa,189,10.758429527282715,106.70020294189453,25000
22408,Nước Ép Minh Anh - Sinh Tố & Trái Cây Tươi - Đường Số 41,Sinh tố Bơ Sầu riêng,"* Bơ sầu: béo ngậy, thơm nồng của sầu riêng, hòa quyện vị béo bùi của bơ. Giàu vitamin A, B6, E, kali, chất xơ. CHỈ SỬ DỤNG SỮA NSPN KHÔNG DÙNG ĐƯỜNG",41000,240,4,1,Quận 4,Hồ Chí Minh,4.9,641,Sinh tố/Nước ép/Sữa,189,10.758429527282715,106.70020294189453,25000
22408,Nước Ép Minh Anh - Sinh Tố & Trái Cây Tươi - Đường Số 41,Sinh tố Bơ Xoài,"* Bơ xoài: thơm bùi của bơ cùng vị ngọt thanh, chua nhẹ của xoài. Tốt cho da, mắt, hỗ trợ giảm cân.CHỈ SỬ DỤNG SỮA NSPN KHÔNG DÙNG ĐƯỜNG",41000,38,1,0,Quận 4,Hồ Chí Minh,4.9,641,Sinh tố/Nước ép/Sữa,189,10.758429527282715,106.70020294189453,25000
22408,Nước Ép Minh Anh - Sinh Tố & Trái Cây Tươi - Đường Số 41,Sinh tố Bơ Dâu,"* Bơ dâu: béo ngậy của bơ hòa quyện cùng vị chua ngọt của dâu,giàu vitamin A, C, E, kali.   CHỈ SỬ DỤNG SỮA NSPN KHÔNG DÙNG ĐƯỜNG",41000,42,0,1,Quận 4,Hồ Chí Minh,4.9,641,Sinh tố/Nước ép/Sữa,189,10.758429527282715,106.70020294189453,25000
22408,Nước Ép Minh Anh - Sinh Tố & Trái Cây Tươi - Đường Số 41,Sinh tố Dâu Mãng cầu,"Cầu dâu: chua ngọt của dâu cùng với thơm nhẹ của mãng cầu, tốt cho da, mắt, tim mạch, hệ tiêu hóa. CHỈ SỬ DỤNG SỮA NSPN KHÔNG DÙNG ĐƯỜNG",41000,87,0,1,Quận 4,Hồ Chí Minh,4.9,641,Sinh tố/Nước ép/Sữa,189,10.758429527282715,106.70020294189453,25000
22408,Nước Ép Minh Anh - Sinh Tố & Trái Cây Tươi - Đường Số 41,Sinh tố Dâu Xoài,"* Dâu xoài: chua ngọt thanh mát của dâu   cùng vị ngọt thanh của xoài cung cấp vitamin A, C, E. CHỈ SỬ DỤNG SỮA NSPN KHÔNG DÙNG ĐƯỜNG",41000,23,0,0,Quận 4,Hồ Chí Minh,4.9,641,Sinh tố/Nước ép/Sữa,189,10.758429527282715,106.70020294189453,25000
22408,Nước Ép Minh Anh - Sinh Tố & Trái Cây Tươi - Đường Số 41,Sinh tố Xoài Chanh dây,"* Xoài chanh dây: chua thanh của chanh dây hòa quyện cùng vị ngọt thanh của xoài, tăng cường sức đề kháng.CHỈ SỬ DỤNG SỮA NSPN KHÔNG DÙNG ĐƯỜNG",31000,55,0,0,Quận 4,Hồ Chí Minh,4.9,641,Sinh tố/Nước ép/Sữa,189,10.758429527282715,106.70020294189453,25000
22408,Nước Ép Minh Anh - Sinh Tố & Trái Cây Tươi - Đường Số 41,Sinh tố Dừa Cà phê,"* Dừa cf: béo ngậy của cơm dừa cùng vị đắng nhẹ, thơm nồng của cà phê, tăng cường tỉnh táo. CHỈ SỬ DỤNG SỮA NSPN KHÔNG DÙNG ĐƯỜNG",26000,91,2,0,Quận 4,Hồ Chí Minh,4.9,641,Sinh tố/Nước ép/Sữa,189,10.758429527282715,106.70020294189453,25000
14668,Chị Tư - Trà Đào & Trà Tắc - Tôn Đức Thắng,Cà phê sữa đá,,21000,6,0,0,Quận 1,Hồ Chí Minh,4.5,12,Cà Phê/Trà,189,10.783269882202148,106.70630645751953,24000
14668,Chị Tư - Trà Đào & Trà Tắc - Tôn Đức Thắng,Cà phê đá,,16000,0,0,0,Quận 1,Hồ Chí Minh,4.5,12,Cà Phê/Trà,189,10.783269882202148,106.70630645751953,24000
14668,Chị Tư - Trà Đào & Trà Tắc - Tôn Đức Thắng,Trà đào tắc Cozy - size đại,,26000,1,0,0,Quận 1,Hồ Chí Minh,4.5,12,Cà Phê/Trà,189,10.783269882202148,106.70630645751953,24000
14668,Chị Tư - Trà Đào & Trà Tắc - Tôn Đức Thắng,Trà đào nhỏ - kèm miếng đào,,16000,1,0,0,Quận 1,Hồ Chí Minh,4.5,12,Cà Phê/Trà,189,10.783269882202148,106.70630645751953,24000
14668,Chị Tư - Trà Đào & Trà Tắc - Tôn Đức Thắng,Trà đào dầm,,16000,7,0,0,Quận 1,Hồ Chí Minh,4.5,12,Cà Phê/Trà,189,10.783269882202148,106.70630645751953,24000
14668,Chị Tư - Trà Đào & Trà Tắc - Tôn Đức Thắng,Trà vải - gồm trái vải,,16000,1,0,0,Quận 1,Hồ Chí Minh,4.5,12,Cà Phê/Trà,189,10.783269882202148,106.70630645751953,24000
14668,Chị Tư - Trà Đào & Trà Tắc - Tôn Đức Thắng,Trà tắc Lipton,,16000,4,0,0,Quận 1,Hồ Chí Minh,4.5,12,Cà Phê/Trà,189,10.783269882202148,106.70630645751953,24000
14668,Chị Tư - Trà Đào & Trà Tắc - Tôn Đức Thắng,Sâm dứa sữa,,16000,0,0,0,Quận 1,Hồ Chí Minh,4.5,12,Cà Phê/Trà,189,10.783269882202148,106.70630645751953,24000
14668,Chị Tư - Trà Đào & Trà Tắc - Tôn Đức Thắng,Trà việt quất,,16000,1,0,0,Quận 1,Hồ Chí Minh,4.5,12,Cà Phê/Trà,189,10.783269882202148,106.70630645751953,24000
14668,Chị Tư - Trà Đào & Trà Tắc - Tôn Đức Thắng,Trà đào nhỏ - không miếng đào,,16000,0,0,0,Quận 1,Hồ Chí Minh,4.5,12,Cà Phê/Trà,189,10.783269882202148,106.70630645751953,24000
14668,Chị Tư - Trà Đào & Trà Tắc - Tôn Đức Thắng,Trà kiwi,,16000,3,0,0,Quận 1,Hồ Chí Minh,4.5,12,Cà Phê/Trà,189,10.783269882202148,106.70630645751953,24000
14668,Chị Tư - Trà Đào & Trà Tắc - Tôn Đức Thắng,Trà sữa Lipton - gồm trân châu,,23000,1,0,0,Quận 1,Hồ Chí Minh,4.5,12,Cà Phê/Trà,189,10.783269882202148,106.70630645751953,24000
14668,Chị Tư - Trà Đào & Trà Tắc - Tôn Đức Thắng,Trà sữa đào - có miếng đào,,26000,1,0,0,Quận 1,Hồ Chí Minh,4.5,12,Cà Phê/Trà,189,10.783269882202148,106.70630645751953,24000
14668,Chị Tư - Trà Đào & Trà Tắc - Tôn Đức Thắng,Trà sữa matcha,,21000,0,0,0,Quận 1,Hồ Chí Minh,4.5,12,Cà Phê/Trà,189,10.783269882202148,106.70630645751953,24000
14668,Chị Tư - Trà Đào & Trà Tắc - Tôn Đức Thắng,Trà sữa cacao,,21000,0,0,0,Quận 1,Hồ Chí Minh,4.5,12,Cà Phê/Trà,189,10.783269882202148,106.70630645751953,24000
14668,Chị Tư - Trà Đào & Trà Tắc - Tôn Đức Thắng,Trà sữa việt quất,,21000,0,0,0,Quận 1,Hồ Chí Minh,4.5,12,Cà Phê/Trà,189,10.783269882202148,106.70630645751953,24000
14668,Chị Tư - Trà Đào & Trà Tắc - Tôn Đức Thắng,Trà sữa dâu,,21000,0,0,0,Quận 1,Hồ Chí Minh,4.5,12,Cà Phê/Trà,189,10.783269882202148,106.70630645751953,24000
14668,Chị Tư - Trà Đào & Trà Tắc - Tôn Đức Thắng,Dừa tắc size đại,,24000,13,0,0,Quận 1,Hồ Chí Minh,4.5,12,Cà Phê/Trà,189,10.783269882202148,106.70630645751953,24000
14668,Chị Tư - Trà Đào & Trà Tắc - Tôn Đức Thắng,Đá me,,23000,23,0,0,Quận 1,Hồ Chí Minh,4.5,12,Cà Phê/Trà,189,10.783269882202148,106.70630645751953,24000
14668,Chị Tư - Trà Đào & Trà Tắc - Tôn Đức Thắng,Nước cam ly đại,,31000,2,0,0,Quận 1,Hồ Chí Minh,4.5,12,Cà Phê/Trà,189,10.783269882202148,106.70630645751953,24000
14668,Chị Tư - Trà Đào & Trà Tắc - Tôn Đức Thắng,Xí muội tắc size đại,,21000,4,0,0,Quận 1,Hồ Chí Minh,4.5,12,Cà Phê/Trà,189,10.783269882202148,106.70630645751953,24000
14668,Chị Tư - Trà Đào & Trà Tắc - Tôn Đức Thắng,Cacao sữa,,21000,0,0,0,Quận 1,Hồ Chí Minh,4.5,12,Cà Phê/Trà,189,10.783269882202148,106.70630645751953,24000
14668,Chị Tư - Trà Đào & Trà Tắc - Tôn Đức Thắng,Tắc tươi size đại,,21000,0,0,0,Quận 1,Hồ Chí Minh,4.5,12,Cà Phê/Trà,189,10.783269882202148,106.70630645751953,24000
14668,Chị Tư - Trà Đào & Trà Tắc - Tôn Đức Thắng,Chanh muối size đại,,21000,1,0,0,Quận 1,Hồ Chí Minh,4.5,12,Cà Phê/Trà,189,10.783269882202148,106.70630645751953,24000
14668,Chị Tư - Trà Đào & Trà Tắc - Tôn Đức Thắng,Cacao ly đại,,26000,6,0,0,Quận 1,Hồ Chí Minh,4.5,12,Cà Phê/Trà,189,10.783269882202148,106.70630645751953,24000
14668,Chị Tư - Trà Đào & Trà Tắc - Tôn Đức Thắng,Chanh dây,,19000,0,0,0,Quận 1,Hồ Chí Minh,4.5,12,Cà Phê/Trà,189,10.783269882202148,106.70630645751953,24000
14668,Chị Tư - Trà Đào & Trà Tắc - Tôn Đức Thắng,Cam sữa,,24000,0,0,0,Quận 1,Hồ Chí Minh,4.5,12,Cà Phê/Trà,189,10.783269882202148,106.70630645751953,24000
14668,Chị Tư - Trà Đào & Trà Tắc - Tôn Đức Thắng,Milo,,21000,0,0,0,Quận 1,Hồ Chí Minh,4.5,12,Cà Phê/Trà,189,10.783269882202148,106.70630645751953,24000
14668,Chị Tư - Trà Đào & Trà Tắc - Tôn Đức Thắng,Trà dâu Cozy,,16000,0,0,0,Quận 1,Hồ Chí Minh,4.5,12,Cà Phê/Trà,189,10.783269882202148,106.70630645751953,24000
14668,Chị Tư - Trà Đào & Trà Tắc - Tôn Đức Thắng,Sữa quế,,16000,0,0,0,Quận 1,Hồ Chí Minh,4.5,12,Cà Phê/Trà,189,10.783269882202148,106.70630645751953,24000
14668,Chị Tư - Trà Đào & Trà Tắc - Tôn Đức Thắng,Trà sữa sâm dứa,,19000,0,0,0,Quận 1,Hồ Chí Minh,4.5,12,Cà Phê/Trà,189,10.783269882202148,106.70630645751953,24000
14668,Chị Tư - Trà Đào & Trà Tắc - Tôn Đức Thắng,Trà vải Cozy - gồm trái vải,,20000,0,0,0,Quận 1,Hồ Chí Minh,4.5,12,Cà Phê/Trà,189,10.783269882202148,106.70630645751953,24000
14668,Chị Tư - Trà Đào & Trà Tắc - Tôn Đức Thắng,Trà đào Cozy - gồm miếng đào,,21000,2,0,0,Quận 1,Hồ Chí Minh,4.5,12,Cà Phê/Trà,189,10.783269882202148,106.70630645751953,24000
14668,Chị Tư - Trà Đào & Trà Tắc - Tôn Đức Thắng,Chanh dây sữa,,19000,1,0,0,Quận 1,Hồ Chí Minh,4.5,12,Cà Phê/Trà,189,10.783269882202148,106.70630645751953,24000
14668,Chị Tư - Trà Đào & Trà Tắc - Tôn Đức Thắng,Sữa chua việt quất,,24000,7,0,0,Quận 1,Hồ Chí Minh,4.5,12,Cà Phê/Trà,189,10.783269882202148,106.70630645751953,24000
14668,Chị Tư - Trà Đào & Trà Tắc - Tôn Đức Thắng,Sữa chua đào,,24000,3,0,0,Quận 1,Hồ Chí Minh,4.5,12,Cà Phê/Trà,189,10.783269882202148,106.70630645751953,24000
14668,Chị Tư - Trà Đào & Trà Tắc - Tôn Đức Thắng,Sữa chua cam,,24000,0,0,0,Quận 1,Hồ Chí Minh,4.5,12,Cà Phê/Trà,189,10.783269882202148,106.70630645751953,24000
14668,Chị Tư - Trà Đào & Trà Tắc - Tôn Đức Thắng,Sữa chua chanh dây,,24000,0,0,0,Quận 1,Hồ Chí Minh,4.5,12,Cà Phê/Trà,189,10.783269882202148,106.70630645751953,24000
14668,Chị Tư - Trà Đào & Trà Tắc - Tôn Đức Thắng,Sữa chua dâu,,24000,1,0,0,Quận 1,Hồ Chí Minh,4.5,12,Cà Phê/Trà,189,10.783269882202148,106.70630645751953,24000
14668,Chị Tư - Trà Đào & Trà Tắc - Tôn Đức Thắng,Sữa chua kiwi,,24000,7,0,0,Quận 1,Hồ Chí Minh,4.5,12,Cà Phê/Trà,189,10.783269882202148,106.70630645751953,24000
14668,Chị Tư - Trà Đào & Trà Tắc - Tôn Đức Thắng,Sữa chua matcha,,24000,0,0,0,Quận 1,Hồ Chí Minh,4.5,12,Cà Phê/Trà,189,10.783269882202148,106.70630645751953,24000
14668,Chị Tư - Trà Đào & Trà Tắc - Tôn Đức Thắng,Sữa chua vải,,24000,0,0,0,Quận 1,Hồ Chí Minh,4.5,12,Cà Phê/Trà,189,10.783269882202148,106.70630645751953,24000
14668,Chị Tư - Trà Đào & Trà Tắc - Tôn Đức Thắng,Sữa chua tắc,,24000,1,0,0,Quận 1,Hồ Chí Minh,4.5,12,Cà Phê/Trà,189,10.783269882202148,106.70630645751953,24000
14668,Chị Tư - Trà Đào & Trà Tắc - Tôn Đức Thắng,Combo 04 ly tự chọn,,110000,0,0,0,Quận 1,Hồ Chí Minh,4.5,12,Cà Phê/Trà,189,10.783269882202148,106.70630645751953,24000
14668,Chị Tư - Trà Đào & Trà Tắc - Tôn Đức Thắng,Combo 3 dừa tắc size jumbo,,88000,0,0,0,Quận 1,Hồ Chí Minh,4.5,12,Cà Phê/Trà,189,10.783269882202148,106.70630645751953,24000
14668,Chị Tư - Trà Đào & Trà Tắc - Tôn Đức Thắng,Combo 2 trà tắc Lipton lớn - 2 trà đào nhỏ gồm miếng đào,,88000,0,0,0,Quận 1,Hồ Chí Minh,4.5,12,Cà Phê/Trà,189,10.783269882202148,106.70630645751953,24000
14668,Chị Tư - Trà Đào & Trà Tắc - Tôn Đức Thắng,Combo 4 ly best seller,,139000,0,0,0,Quận 1,Hồ Chí Minh,4.5,12,Cà Phê/Trà,189,10.783269882202148,106.70630645751953,24000
27450,K&C - Nước Ép Tại Chỗ - Nguyễn Thượng Hiền,"ÉP CAM/ Chai nguyên chất, không đường không đá",,33000,106,0,0,Quận 3,Hồ Chí Minh,4.9,143,Sinh tố/Nước ép/Sữa,189,10.77260971069336,106.6849136352539,30000
27450,K&C - Nước Ép Tại Chỗ - Nguyễn Thượng Hiền,"ÉP THƠM/ Chai nguyên chất, không đường không đá",,33000,120,0,0,Quận 3,Hồ Chí Minh,4.9,143,Sinh tố/Nước ép/Sữa,189,10.77260971069336,106.6849136352539,30000
27450,K&C - Nước Ép Tại Chỗ - Nguyễn Thượng Hiền,"ÉP TÁO/ Chai nguyên chất, không đường không đá",,38000,86,0,0,Quận 3,Hồ Chí Minh,4.9,143,Sinh tố/Nước ép/Sữa,189,10.77260971069336,106.6849136352539,30000
27450,K&C - Nước Ép Tại Chỗ - Nguyễn Thượng Hiền,"ÉP BƯỞI NƯỚC/ Chai nguyên chất, không đường không đá",,35000,155,0,0,Quận 3,Hồ Chí Minh,4.9,143,Sinh tố/Nước ép/Sữa,189,10.77260971069336,106.6849136352539,30000
27450,K&C - Nước Ép Tại Chỗ - Nguyễn Thượng Hiền,"ÉP ỔI/ Chai nguyên chất, không đường không đá",,33000,88,13,0,Quận 3,Hồ Chí Minh,4.9,143,Sinh tố/Nước ép/Sữa,189,10.77260971069336,106.6849136352539,30000
27450,K&C - Nước Ép Tại Chỗ - Nguyễn Thượng Hiền,"ÉP BƯỞI CÓ TÉP/ Chai nguyên chất, không đường không đá",,30000,111,5,0,Quận 3,Hồ Chí Minh,4.9,143,Sinh tố/Nước ép/Sữa,189,10.77260971069336,106.6849136352539,30000
27450,K&C - Nước Ép Tại Chỗ - Nguyễn Thượng Hiền,"ÉP CÓC/ Chai nguyên chất, không đường không đá","Do cóc rất chua, nếu khách muốn uống ngọt, vui lòng yêu cầu nhân viên bỏ đường. ",33000,44,0,0,Quận 3,Hồ Chí Minh,4.9,143,Sinh tố/Nước ép/Sữa,189,10.77260971069336,106.6849136352539,30000
27450,K&C - Nước Ép Tại Chỗ - Nguyễn Thượng Hiền,"ÉP QUÝT/ Chai nguyên chất, không đường không đá",,38000,31,0,0,Quận 3,Hồ Chí Minh,4.9,143,Sinh tố/Nước ép/Sữa,189,10.77260971069336,106.6849136352539,30000
27450,K&C - Nước Ép Tại Chỗ - Nguyễn Thượng Hiền,"ÉP DƯA HẤU/ Chai nguyên chất, không đường không đá",,33000,35,0,0,Quận 3,Hồ Chí Minh,4.9,143,Sinh tố/Nước ép/Sữa,189,10.77260971069336,106.6849136352539,30000
27450,K&C - Nước Ép Tại Chỗ - Nguyễn Thượng Hiền,"ÉP DƯA LƯỚI/ Chai nguyên chất, không đường không đá",,38000,43,0,0,Quận 3,Hồ Chí Minh,4.9,143,Sinh tố/Nước ép/Sữa,189,10.77260971069336,106.6849136352539,30000
27450,K&C - Nước Ép Tại Chỗ - Nguyễn Thượng Hiền,"ÉP SƠ RI/ Chai nguyên chất, không đường không đá",,33000,30,0,0,Quận 3,Hồ Chí Minh,4.9,143,Sinh tố/Nước ép/Sữa,189,10.77260971069336,106.6849136352539,30000
27450,K&C - Nước Ép Tại Chỗ - Nguyễn Thượng Hiền,"ÉP CÀ RỐT/ Chai nguyên chất, không đường không đá",,36000,22,0,0,Quận 3,Hồ Chí Minh,4.9,143,Sinh tố/Nước ép/Sữa,189,10.77260971069336,106.6849136352539,30000
27450,K&C - Nước Ép Tại Chỗ - Nguyễn Thượng Hiền,"NƯỚC RAU MÁ/ Chai nguyên chất, không đường không đá","Nếu khách muốn uống ngọt, vui lòng yêu cầu nhân viên bỏ đường. ",23000,89,0,0,Quận 3,Hồ Chí Minh,4.9,143,Sinh tố/Nước ép/Sữa,189,10.77260971069336,106.6849136352539,30000
27450,K&C - Nước Ép Tại Chỗ - Nguyễn Thượng Hiền,"ÉP CÀ CHUA/ Chai nguyên chất, không đường không đá",,33000,17,1,0,Quận 3,Hồ Chí Minh,4.9,143,Sinh tố/Nước ép/Sữa,189,10.77260971069336,106.6849136352539,30000
27450,K&C - Nước Ép Tại Chỗ - Nguyễn Thượng Hiền,ÉP BƠ/ Chai không đường không đá,Bơ tươi ép cùng sữa tươi không đường.,38000,5,0,0,Quận 3,Hồ Chí Minh,4.9,143,Sinh tố/Nước ép/Sữa,189,10.77260971069336,106.6849136352539,30000
27450,K&C - Nước Ép Tại Chỗ - Nguyễn Thượng Hiền,"ÉP LÊ/ Chai nguyên chất, không đường không đá",,38000,12,0,0,Quận 3,Hồ Chí Minh,4.9,143,Sinh tố/Nước ép/Sữa,189,10.77260971069336,106.6849136352539,30000
27450,K&C - Nước Ép Tại Chỗ - Nguyễn Thượng Hiền,Nước ép xoài,,38000,4,0,0,Quận 3,Hồ Chí Minh,4.9,143,Sinh tố/Nước ép/Sữa,189,10.77260971069336,106.6849136352539,30000
27450,K&C - Nước Ép Tại Chỗ - Nguyễn Thượng Hiền,"ÉP DƯA LEO/ Chai nguyên chất, không đường không đá",,33000,6,0,0,Quận 3,Hồ Chí Minh,4.9,143,Sinh tố/Nước ép/Sữa,189,10.77260971069336,106.6849136352539,30000
27450,K&C - Nước Ép Tại Chỗ - Nguyễn Thượng Hiền,"ÉP CẦN TÂY/ Chai nguyên chất, không đường không đá",,43000,38,1,0,Quận 3,Hồ Chí Minh,4.9,143,Sinh tố/Nước ép/Sữa,189,10.77260971069336,106.6849136352539,30000
27450,K&C - Nước Ép Tại Chỗ - Nguyễn Thượng Hiền,"ÉP CẦN TÂY - TÁO - DƯA LEO/ Chai nguyên chất, không đường không đá",,43000,70,1,0,Quận 3,Hồ Chí Minh,4.9,143,Sinh tố/Nước ép/Sữa,189,10.77260971069336,106.6849136352539,30000
27450,K&C - Nước Ép Tại Chỗ - Nguyễn Thượng Hiền,"ÉP CẦN TÂY THƠM/ Chai nguyên chất, không đường không đá",,43000,29,1,1,Quận 3,Hồ Chí Minh,4.9,143,Sinh tố/Nước ép/Sữa,189,10.77260971069336,106.6849136352539,30000
27450,K&C - Nước Ép Tại Chỗ - Nguyễn Thượng Hiền,"ÉP TÁO THƠM/ Chai nguyên chất, không đường không đá",,33000,65,1,0,Quận 3,Hồ Chí Minh,4.9,143,Sinh tố/Nước ép/Sữa,189,10.77260971069336,106.6849136352539,30000
27450,K&C - Nước Ép Tại Chỗ - Nguyễn Thượng Hiền,"ÉP CAM THƠM/ Chai nguyên chất, không đường không đá",,33000,38,1,0,Quận 3,Hồ Chí Minh,4.9,143,Sinh tố/Nước ép/Sữa,189,10.77260971069336,106.6849136352539,30000
27450,K&C - Nước Ép Tại Chỗ - Nguyễn Thượng Hiền,"ÉP THƠM SƠ RI/ Chai nguyên chất, không đường không đá",,33000,25,1,0,Quận 3,Hồ Chí Minh,4.9,143,Sinh tố/Nước ép/Sữa,189,10.77260971069336,106.6849136352539,30000
27450,K&C - Nước Ép Tại Chỗ - Nguyễn Thượng Hiền,"ÉP CAM CÀ RỐT/ Chai nguyên chất, không đường không đá",,33000,27,3,0,Quận 3,Hồ Chí Minh,4.9,143,Sinh tố/Nước ép/Sữa,189,10.77260971069336,106.6849136352539,30000
27450,K&C - Nước Ép Tại Chỗ - Nguyễn Thượng Hiền,"ÉP TÁO THƠM CÀ CHUA/ Chai nguyên chất, không đường không đá",,33000,31,1,0,Quận 3,Hồ Chí Minh,4.9,143,Sinh tố/Nước ép/Sữa,189,10.77260971069336,106.6849136352539,30000
27450,K&C - Nước Ép Tại Chỗ - Nguyễn Thượng Hiền,"ÉP THƠM CÀ RỐT/ Chai nguyên chất, không đường không đá",,33000,37,0,0,Quận 3,Hồ Chí Minh,4.9,143,Sinh tố/Nước ép/Sữa,189,10.77260971069336,106.6849136352539,30000
27450,K&C - Nước Ép Tại Chỗ - Nguyễn Thượng Hiền,"ÉP TÁO LÊ/ Chai nguyên chất, không đường không đá",,36000,27,7,0,Quận 3,Hồ Chí Minh,4.9,143,Sinh tố/Nước ép/Sữa,189,10.77260971069336,106.6849136352539,30000
27450,K&C - Nước Ép Tại Chỗ - Nguyễn Thượng Hiền,"ÉP ỔI THƠM/ Chai nguyên chất, không đường không đá",,33000,33,0,0,Quận 3,Hồ Chí Minh,4.9,143,Sinh tố/Nước ép/Sữa,189,10.77260971069336,106.6849136352539,30000
27450,K&C - Nước Ép Tại Chỗ - Nguyễn Thượng Hiền,"ÉP NGŨ QUẢ/ Chai nguyên chất, không đường không đá","Táo, Thơm, Cà Chua, Ổi, Cà rốt",33000,20,2,0,Quận 3,Hồ Chí Minh,4.9,143,Sinh tố/Nước ép/Sữa,189,10.77260971069336,106.6849136352539,30000
27450,K&C - Nước Ép Tại Chỗ - Nguyễn Thượng Hiền,SINH TỐ BƠ,,33000,65,0,0,Quận 3,Hồ Chí Minh,4.9,143,Sinh tố/Nước ép/Sữa,189,10.77260971069336,106.6849136352539,30000
27450,K&C - Nước Ép Tại Chỗ - Nguyễn Thượng Hiền,SINH TỐ DÂU ĐÀ LẠT,,38000,25,0,0,Quận 3,Hồ Chí Minh,4.9,143,Sinh tố/Nước ép/Sữa,189,10.77260971069336,106.6849136352539,30000
27450,K&C - Nước Ép Tại Chỗ - Nguyễn Thượng Hiền,SINH TỐ DƯA LƯỚI,,38000,21,1,1,Quận 3,Hồ Chí Minh,4.9,143,Sinh tố/Nước ép/Sữa,189,10.77260971069336,106.6849136352539,30000
27450,K&C - Nước Ép Tại Chỗ - Nguyễn Thượng Hiền,SINH TỐ XOÀI,,33000,21,1,0,Quận 3,Hồ Chí Minh,4.9,143,Sinh tố/Nước ép/Sữa,189,10.77260971069336,106.6849136352539,30000
27450,K&C - Nước Ép Tại Chỗ - Nguyễn Thượng Hiền,SINH TỐ THẬP CẨM THEO MÙA,"Dâu, Xoài, Cà chua, Dưa hấu, Chanh dây",33000,8,0,0,Quận 3,Hồ Chí Minh,4.9,143,Sinh tố/Nước ép/Sữa,189,10.77260971069336,106.6849136352539,30000
27450,K&C - Nước Ép Tại Chỗ - Nguyễn Thượng Hiền,SINH TỐ THƠM,,33000,5,0,0,Quận 3,Hồ Chí Minh,4.9,143,Sinh tố/Nước ép/Sữa,189,10.77260971069336,106.6849136352539,30000
27450,K&C - Nước Ép Tại Chỗ - Nguyễn Thượng Hiền,SINH TỐ CÀ CHUA,,33000,2,0,0,Quận 3,Hồ Chí Minh,4.9,143,Sinh tố/Nước ép/Sữa,189,10.77260971069336,106.6849136352539,30000
27450,K&C - Nước Ép Tại Chỗ - Nguyễn Thượng Hiền,SINH TỐ DƯA HẤU,,33000,6,0,0,Quận 3,Hồ Chí Minh,4.9,143,Sinh tố/Nước ép/Sữa,189,10.77260971069336,106.6849136352539,30000
27450,K&C - Nước Ép Tại Chỗ - Nguyễn Thượng Hiền,SINH TỐ RAU XANH GIẢM CÂN,"Gồm trái cây tươi và rau xanh, không đường, không sữa, không đá.",38000,12,0,0,Quận 3,Hồ Chí Minh,4.9,143,Sinh tố/Nước ép/Sữa,189,10.77260971069336,106.6849136352539,30000
27450,K&C - Nước Ép Tại Chỗ - Nguyễn Thượng Hiền,Sinh tố dâu,,38000,4,0,0,Quận 3,Hồ Chí Minh,4.9,143,Sinh tố/Nước ép/Sữa,189,10.77260971069336,106.6849136352539,30000
27450,K&C - Nước Ép Tại Chỗ - Nguyễn Thượng Hiền,Sinh tố thập cẩm,,33000,1,0,0,Quận 3,Hồ Chí Minh,4.9,143,Sinh tố/Nước ép/Sữa,189,10.77260971069336,106.6849136352539,30000
27450,K&C - Nước Ép Tại Chỗ - Nguyễn Thượng Hiền,Sinh tố giảm cân,"Gồm trái cây tươi và rau xanh,không đường, không sữa, không đá",38000,0,0,0,Quận 3,Hồ Chí Minh,4.9,143,Sinh tố/Nước ép/Sữa,189,10.77260971069336,106.6849136352539,30000
27450,K&C - Nước Ép Tại Chỗ - Nguyễn Thượng Hiền,Sinh tố xoài chuối,,33000,4,1,0,Quận 3,Hồ Chí Minh,4.9,143,Sinh tố/Nước ép/Sữa,189,10.77260971069336,106.6849136352539,30000
27450,K&C - Nước Ép Tại Chỗ - Nguyễn Thượng Hiền,TRÁI CÂY DẦM (Ly),"Trái cây theo mùa dầm với sữa tươi không đường, một ít sữa đặc cùng với đá viên tạo độ lạnh",33000,2,1,0,Quận 3,Hồ Chí Minh,4.9,143,Sinh tố/Nước ép/Sữa,189,10.77260971069336,106.6849136352539,30000
27450,K&C - Nước Ép Tại Chỗ - Nguyễn Thượng Hiền,LIỆU TRÌNH GIẢM CÂN 7 NGÀY,Gồm sinh tố rau xanh và trái cây tươi. Một ngày dùng 3 ly lớn thay cho 3 bữa ăn hoặc Một ngày dùng 3 ly nhỏ ( ly 500ml) và 3 chai nước ép (Cần tây - Bưởi - Táo - Thơm),1950000,0,0,0,Quận 3,Hồ Chí Minh,4.9,143,Sinh tố/Nước ép/Sữa,189,10.77260971069336,106.6849136352539,30000
27450,K&C - Nước Ép Tại Chỗ - Nguyễn Thượng Hiền,"Sinh tố rau xanh, trái cây, nước ép theo ngày trong tuần","1 ly trái cây đầy, rau xanh, xay không đường, không sữa hoặc ít đường không sữa. Tuỳ chọn theo menu có sẵn theo ngày trong tuần",38000,1,0,0,Quận 3,Hồ Chí Minh,4.9,143,Sinh tố/Nước ép/Sữa,189,10.77260971069336,106.6849136352539,30000
27450,K&C - Nước Ép Tại Chỗ - Nguyễn Thượng Hiền,TRÀ DÂU TÂY ĐÀ LẠT/ Ly lớn,Kèm topping dâu tây và trân châu.,33000,11,0,0,Quận 3,Hồ Chí Minh,4.9,143,Sinh tố/Nước ép/Sữa,189,10.77260971069336,106.6849136352539,30000
27450,K&C - Nước Ép Tại Chỗ - Nguyễn Thượng Hiền,TRÀ DÂU TẰM/ Ly lớn,Kèm topping dâu tằm và trân châu.,33000,19,0,0,Quận 3,Hồ Chí Minh,4.9,143,Sinh tố/Nước ép/Sữa,189,10.77260971069336,106.6849136352539,30000
27450,K&C - Nước Ép Tại Chỗ - Nguyễn Thượng Hiền,TRÁI CÂY CẮT SẴN THEO MÙA,"Trái Cây Tươi Được Tách Hạt, Cắt Sẵn và Bỏ Hộp Theo Mùa",48000,30,0,0,Quận 3,Hồ Chí Minh,4.9,143,Sinh tố/Nước ép/Sữa,189,10.77260971069336,106.6849136352539,30000
27450,K&C - Nước Ép Tại Chỗ - Nguyễn Thượng Hiền,TRÁI CÂY DẦM (Ly),"Trái cây theo mùa dầm cùng sữa tươi không đường, một ít sữa đặc cùng đá viên tạo độ lạnh",33000,7,0,0,Quận 3,Hồ Chí Minh,4.9,143,Sinh tố/Nước ép/Sữa,189,10.77260971069336,106.6849136352539,30000
27064,Ghé Xíu Đã - Juice & Smoothie,Chanh dây tươi sữa - Passion milk shake,chanh dây tươi kết hợp với sữa sẽ cho bạn vị chua ngọt thơm béo ko bị ngán ,30000,0,0,0,Quận 1,Hồ Chí Minh,0.0,0,Sinh tố/Nước ép/Sữa,189,10.764430046081543,106.68795776367188,35000
27064,Ghé Xíu Đã - Juice & Smoothie,"Nước ép Cóc - Thơm, Ambarella mix Pineapple Juice",vị chua ngọt nhưng ko bị gắt vừa giải nhiệt vừa hỗ trợ giảm cân,30000,0,0,0,Quận 1,Hồ Chí Minh,0.0,0,Sinh tố/Nước ép/Sữa,189,10.764430046081543,106.68795776367188,35000
27064,Ghé Xíu Đã - Juice & Smoothie,Thơm - Ổi,(pineapple mix guava),35000,0,0,0,Quận 1,Hồ Chí Minh,0.0,0,Sinh tố/Nước ép/Sữa,189,10.764430046081543,106.68795776367188,35000
27064,Ghé Xíu Đã - Juice & Smoothie,Thơm - táo,(pineapple mix apple),35000,0,0,0,Quận 1,Hồ Chí Minh,0.0,0,Sinh tố/Nước ép/Sữa,189,10.764430046081543,106.68795776367188,35000
27064,Ghé Xíu Đã - Juice & Smoothie,Thơm - bí đao,(pineapple mix squash),35000,0,0,0,Quận 1,Hồ Chí Minh,0.0,0,Sinh tố/Nước ép/Sữa,189,10.764430046081543,106.68795776367188,35000
27064,Ghé Xíu Đã - Juice & Smoothie,Ổi - Lê,(guava mix pear),35000,0,0,0,Quận 1,Hồ Chí Minh,0.0,0,Sinh tố/Nước ép/Sữa,189,10.764430046081543,106.68795776367188,35000
27064,Ghé Xíu Đã - Juice & Smoothie,Lê - Táo ,(pear mix apple),35000,0,0,0,Quận 1,Hồ Chí Minh,0.0,0,Sinh tố/Nước ép/Sữa,189,10.764430046081543,106.68795776367188,35000
27064,Ghé Xíu Đã - Juice & Smoothie,Lê - thơm ,(pear mix pineapple),35000,0,0,0,Quận 1,Hồ Chí Minh,0.0,0,Sinh tố/Nước ép/Sữa,189,10.764430046081543,106.68795776367188,35000
27064,Ghé Xíu Đã - Juice & Smoothie,Táo - cà rốt,(apple mix carrot),36000,0,0,0,Quận 1,Hồ Chí Minh,0.0,0,Sinh tố/Nước ép/Sữa,189,10.764430046081543,106.68795776367188,35000
27064,Ghé Xíu Đã - Juice & Smoothie,Dưa hấu - bí đao,(watermelon mix squash),35000,0,0,0,Quận 1,Hồ Chí Minh,0.0,0,Sinh tố/Nước ép/Sữa,189,10.764430046081543,106.68795776367188,35000
27064,Ghé Xíu Đã - Juice & Smoothie,Dưa hấu nguyên chất chai 330ml,(watermelon) juice ko đường ko đá,45000,0,0,0,Quận 1,Hồ Chí Minh,0.0,0,Sinh tố/Nước ép/Sữa,189,10.764430046081543,106.68795776367188,35000
25555,Nâu Đá Cà Phê - Cống Quỳnh,Cà phê sữa,Vietnamese coffee with condensed milk,38000,33,2,0,Quận 1,Hồ Chí Minh,4.5,17,Cà Phê/Trà,189,10.763469696044922,106.69065856933594,55000
25555,Nâu Đá Cà Phê - Cống Quỳnh,Cà phê đen,Vietnamese black coffee,35000,11,1,0,Quận 1,Hồ Chí Minh,4.5,17,Cà Phê/Trà,189,10.763469696044922,106.69065856933594,55000
25555,Nâu Đá Cà Phê - Cống Quỳnh,Bạc xỉu,Vietnamese coffee with fresh milk,42000,10,0,0,Quận 1,Hồ Chí Minh,4.5,17,Cà Phê/Trà,189,10.763469696044922,106.69065856933594,55000
25555,Nâu Đá Cà Phê - Cống Quỳnh,Cappuchino ,,55000,2,0,0,Quận 1,Hồ Chí Minh,4.5,17,Cà Phê/Trà,189,10.763469696044922,106.69065856933594,55000
25555,Nâu Đá Cà Phê - Cống Quỳnh,Mocha,Mocha,55000,0,0,0,Quận 1,Hồ Chí Minh,4.5,17,Cà Phê/Trà,189,10.763469696044922,106.69065856933594,55000
25555,Nâu Đá Cà Phê - Cống Quỳnh,Espresso,Esprosso,45000,0,0,0,Quận 1,Hồ Chí Minh,4.5,17,Cà Phê/Trà,189,10.763469696044922,106.69065856933594,55000
25555,Nâu Đá Cà Phê - Cống Quỳnh,Latte,Latte,55000,2,0,0,Quận 1,Hồ Chí Minh,4.5,17,Cà Phê/Trà,189,10.763469696044922,106.69065856933594,55000
25555,Nâu Đá Cà Phê - Cống Quỳnh,Cà phê kem muối,Salted cream coffee,45000,13,1,1,Quận 1,Hồ Chí Minh,4.5,17,Cà Phê/Trà,189,10.763469696044922,106.69065856933594,55000
25555,Nâu Đá Cà Phê - Cống Quỳnh,Cà phê lá dứa,,45000,3,0,0,Quận 1,Hồ Chí Minh,4.5,17,Cà Phê/Trà,189,10.763469696044922,106.69065856933594,55000
25555,Nâu Đá Cà Phê - Cống Quỳnh,Cà phê khoai môn,Purple sweet potato coffee,45000,1,0,0,Quận 1,Hồ Chí Minh,4.5,17,Cà Phê/Trà,189,10.763469696044922,106.69065856933594,55000
25555,Nâu Đá Cà Phê - Cống Quỳnh,Trà sen vàng kem cheese,Lotus tea,55000,3,0,0,Quận 1,Hồ Chí Minh,4.5,17,Cà Phê/Trà,189,10.763469696044922,106.69065856933594,55000
25555,Nâu Đá Cà Phê - Cống Quỳnh,Trà vải hoa hồng,Lychee rose tea,55000,2,2,0,Quận 1,Hồ Chí Minh,4.5,17,Cà Phê/Trà,189,10.763469696044922,106.69065856933594,55000
25555,Nâu Đá Cà Phê - Cống Quỳnh,Trà lài vải dưa hấu ,,55000,1,0,0,Quận 1,Hồ Chí Minh,4.5,17,Cà Phê/Trà,189,10.763469696044922,106.69065856933594,55000
25555,Nâu Đá Cà Phê - Cống Quỳnh,Trà lài táo bạc hà ,,55000,2,0,0,Quận 1,Hồ Chí Minh,4.5,17,Cà Phê/Trà,189,10.763469696044922,106.69065856933594,55000
25555,Nâu Đá Cà Phê - Cống Quỳnh,Dừa tươi,Coconut,45000,1,0,0,Quận 1,Hồ Chí Minh,4.5,17,Cà Phê/Trà,189,10.763469696044922,106.69065856933594,55000
25555,Nâu Đá Cà Phê - Cống Quỳnh,Thơm cà rốt,Pineapple - carrot,45000,1,0,0,Quận 1,Hồ Chí Minh,4.5,17,Cà Phê/Trà,189,10.763469696044922,106.69065856933594,55000
25555,Nâu Đá Cà Phê - Cống Quỳnh,Dưa hấu,Watermelon,45000,0,0,0,Quận 1,Hồ Chí Minh,4.5,17,Cà Phê/Trà,189,10.763469696044922,106.69065856933594,55000
25555,Nâu Đá Cà Phê - Cống Quỳnh,Sinh tố nhiệt đới,Tropical Smothie,65000,1,0,0,Quận 1,Hồ Chí Minh,4.5,17,Cà Phê/Trà,189,10.763469696044922,106.69065856933594,55000
25555,Nâu Đá Cà Phê - Cống Quỳnh,Soda lựu đỏ,Pomegranate soda,50000,0,0,0,Quận 1,Hồ Chí Minh,4.5,17,Cà Phê/Trà,189,10.763469696044922,106.69065856933594,55000
25555,Nâu Đá Cà Phê - Cống Quỳnh,Soda vải hoa hồng,Lychee rose soda,50000,0,0,0,Quận 1,Hồ Chí Minh,4.5,17,Cà Phê/Trà,189,10.763469696044922,106.69065856933594,55000
25555,Nâu Đá Cà Phê - Cống Quỳnh,Soda bưởi hồng,grapefruit soda,50000,1,0,0,Quận 1,Hồ Chí Minh,4.5,17,Cà Phê/Trà,189,10.763469696044922,106.69065856933594,55000
25555,Nâu Đá Cà Phê - Cống Quỳnh,Beer,Beer,50000,0,0,0,Quận 1,Hồ Chí Minh,4.5,17,Cà Phê/Trà,189,10.763469696044922,106.69065856933594,55000
25555,Nâu Đá Cà Phê - Cống Quỳnh,Ameriacno,,50000,0,0,0,Quận 1,Hồ Chí Minh,4.5,17,Cà Phê/Trà,189,10.763469696044922,106.69065856933594,55000
25555,Nâu Đá Cà Phê - Cống Quỳnh,Latte tiramisu,,60000,0,0,0,Quận 1,Hồ Chí Minh,4.5,17,Cà Phê/Trà,189,10.763469696044922,106.69065856933594,55000
25555,Nâu Đá Cà Phê - Cống Quỳnh,Cà phê sữa Bailey,,60000,2,0,0,Quận 1,Hồ Chí Minh,4.5,17,Cà Phê/Trà,189,10.763469696044922,106.69065856933594,55000
25555,Nâu Đá Cà Phê - Cống Quỳnh,Cà Phê Chocolate,,60000,1,0,0,Quận 1,Hồ Chí Minh,4.5,17,Cà Phê/Trà,189,10.763469696044922,106.69065856933594,55000
25555,Nâu Đá Cà Phê - Cống Quỳnh,Dưa hấu,,55000,1,0,0,Quận 1,Hồ Chí Minh,4.5,17,Cà Phê/Trà,189,10.763469696044922,106.69065856933594,55000
25555,Nâu Đá Cà Phê - Cống Quỳnh,Soda dâu,,50000,0,0,0,Quận 1,Hồ Chí Minh,4.5,17,Cà Phê/Trà,189,10.763469696044922,106.69065856933594,55000
25555,Nâu Đá Cà Phê - Cống Quỳnh,Việt Quất Yogurt Shake,,55000,0,0,0,Quận 1,Hồ Chí Minh,4.5,17,Cà Phê/Trà,189,10.763469696044922,106.69065856933594,55000
25555,Nâu Đá Cà Phê - Cống Quỳnh,Cam Yourt Shake,,55000,0,0,0,Quận 1,Hồ Chí Minh,4.5,17,Cà Phê/Trà,189,10.763469696044922,106.69065856933594,55000
25555,Nâu Đá Cà Phê - Cống Quỳnh,Phúc Bồn Tử Yogurt Shake,,55000,0,0,0,Quận 1,Hồ Chí Minh,4.5,17,Cà Phê/Trà,189,10.763469696044922,106.69065856933594,55000
25555,Nâu Đá Cà Phê - Cống Quỳnh,Chuối xương rồng lên men,,50000,0,0,0,Quận 1,Hồ Chí Minh,4.5,17,Cà Phê/Trà,189,10.763469696044922,106.69065856933594,55000
25555,Nâu Đá Cà Phê - Cống Quỳnh,Chanh dây chuối lên men,,50000,0,0,0,Quận 1,Hồ Chí Minh,4.5,17,Cà Phê/Trà,189,10.763469696044922,106.69065856933594,55000
25555,Nâu Đá Cà Phê - Cống Quỳnh,Xương rồng lên men,,50000,0,0,0,Quận 1,Hồ Chí Minh,4.5,17,Cà Phê/Trà,189,10.763469696044922,106.69065856933594,55000
25555,Nâu Đá Cà Phê - Cống Quỳnh,Chuối lên men,,50000,0,0,0,Quận 1,Hồ Chí Minh,4.5,17,Cà Phê/Trà,189,10.763469696044922,106.69065856933594,55000
25555,Nâu Đá Cà Phê - Cống Quỳnh,Sữa chua dâu tây,Strawberry yogurt,55000,0,0,0,Quận 1,Hồ Chí Minh,4.5,17,Cà Phê/Trà,189,10.763469696044922,106.69065856933594,55000
25555,Nâu Đá Cà Phê - Cống Quỳnh,Sinh tố xoài,Mango smothie,65000,0,0,0,Quận 1,Hồ Chí Minh,4.5,17,Cà Phê/Trà,189,10.763469696044922,106.69065856933594,55000
25555,Nâu Đá Cà Phê - Cống Quỳnh,Sinh tố phúc bồn tử,Raspberry smothie,65000,0,0,0,Quận 1,Hồ Chí Minh,4.5,17,Cà Phê/Trà,189,10.763469696044922,106.69065856933594,55000
21435,Nước Mía 60 Năm,Nước mía,Nước mía nguyên chất 100%,12000,243,0,0,Quận 1,Hồ Chí Minh,5.0,89,Sinh tố/Nước ép/Sữa,189,10.76648998260498,106.68916320800781,18000
21435,Nước Mía 60 Năm,Nước Mía - Ly Lớn,Nước mía nguyên chất 100%,20000,471,2,0,Quận 1,Hồ Chí Minh,5.0,89,Sinh tố/Nước ép/Sữa,189,10.76648998260498,106.68916320800781,18000
21435,Nước Mía 60 Năm,Nước mía đặc biệt - Ly1000ml,Nước mía nguyên chất 100%,25000,164,1,0,Quận 1,Hồ Chí Minh,5.0,89,Sinh tố/Nước ép/Sữa,189,10.76648998260498,106.68916320800781,18000
21435,Nước Mía 60 Năm,Nha đam đường phèn,"Nhà nấu, an toàn thực phẩm 100%.",12000,45,0,0,Quận 1,Hồ Chí Minh,5.0,89,Sinh tố/Nước ép/Sữa,189,10.76648998260498,106.68916320800781,18000
21435,Nước Mía 60 Năm,Trà tắc,Ly khổng lồ (1000ml),20000,38,0,0,Quận 1,Hồ Chí Minh,5.0,89,Sinh tố/Nước ép/Sữa,189,10.76648998260498,106.68916320800781,18000
21435,Nước Mía 60 Năm,Nước Mía Chanh Dây - Ly Lớn,Nước mía nguyên chất 100%,25000,25,0,0,Quận 1,Hồ Chí Minh,5.0,89,Sinh tố/Nước ép/Sữa,189,10.76648998260498,106.68916320800781,18000
21435,Nước Mía 60 Năm,Nước Mía Cam - Ly1000ml,+1/2 Trái Cam Vắt,30000,20,0,0,Quận 1,Hồ Chí Minh,5.0,89,Sinh tố/Nước ép/Sữa,189,10.76648998260498,106.68916320800781,18000
21435,Nước Mía 60 Năm,Nước mía chanh dây đặc biệt - Ly1000ml,Nước mía nguyên chất 100%,30000,19,0,0,Quận 1,Hồ Chí Minh,5.0,89,Sinh tố/Nước ép/Sữa,189,10.76648998260498,106.68916320800781,18000
21435,Nước Mía 60 Năm,Cam Vắt - Ly Lớn,Cam Vắt Nguyên Trái,30000,26,0,0,Quận 1,Hồ Chí Minh,5.0,89,Sinh tố/Nước ép/Sữa,189,10.76648998260498,106.68916320800781,18000
21435,Nước Mía 60 Năm,Nước Mía Cam - Ly Lớn,+1/2 Trái Cam Vắt,25000,26,1,0,Quận 1,Hồ Chí Minh,5.0,89,Sinh tố/Nước ép/Sữa,189,10.76648998260498,106.68916320800781,18000
21435,Nước Mía 60 Năm,Nước mía chanh dây,Nước mía nguyên chất 100%,18000,6,0,0,Quận 1,Hồ Chí Minh,5.0,89,Sinh tố/Nước ép/Sữa,189,10.76648998260498,106.68916320800781,18000
21435,Nước Mía 60 Năm,Nước Chanh Dây - Ly Lớn,Chanh dây nguyên chất 100%,30000,19,0,0,Quận 1,Hồ Chí Minh,5.0,89,Sinh tố/Nước ép/Sữa,189,10.76648998260498,106.68916320800781,18000
21435,Nước Mía 60 Năm,Rau má Special ,100% Nguyên Chất ,20000,57,0,0,Quận 1,Hồ Chí Minh,5.0,89,Sinh tố/Nước ép/Sữa,189,10.76648998260498,106.68916320800781,18000
21435,Nước Mía 60 Năm,Red bull thái,Thái Lan 100%,25000,4,1,0,Quận 1,Hồ Chí Minh,5.0,89,Sinh tố/Nước ép/Sữa,189,10.76648998260498,106.68916320800781,18000
21435,Nước Mía 60 Năm,Sting Dâu,,18000,4,0,0,Quận 1,Hồ Chí Minh,5.0,89,Sinh tố/Nước ép/Sữa,189,10.76648998260498,106.68916320800781,18000
21435,Nước Mía 60 Năm,Nước Suối,,9000,23,0,0,Quận 1,Hồ Chí Minh,5.0,89,Sinh tố/Nước ép/Sữa,189,10.76648998260498,106.68916320800781,18000
21435,Nước Mía 60 Năm,Trà Ô Long,,15000,6,0,0,Quận 1,Hồ Chí Minh,5.0,89,Sinh tố/Nước ép/Sữa,189,10.76648998260498,106.68916320800781,18000
21435,Nước Mía 60 Năm,Coca Cola,,15000,7,0,0,Quận 1,Hồ Chí Minh,5.0,89,Sinh tố/Nước ép/Sữa,189,10.76648998260498,106.68916320800781,18000
21435,Nước Mía 60 Năm,Trà 0 Độ,,15000,7,0,0,Quận 1,Hồ Chí Minh,5.0,89,Sinh tố/Nước ép/Sữa,189,10.76648998260498,106.68916320800781,18000
21435,Nước Mía 60 Năm,Trà Bí Đao,,15000,4,0,0,Quận 1,Hồ Chí Minh,5.0,89,Sinh tố/Nước ép/Sữa,189,10.76648998260498,106.68916320800781,18000
21435,Nước Mía 60 Năm,Sá Xị ,,15000,4,0,0,Quận 1,Hồ Chí Minh,5.0,89,Sinh tố/Nước ép/Sữa,189,10.76648998260498,106.68916320800781,18000
21435,Nước Mía 60 Năm,Number One,,18000,1,0,0,Quận 1,Hồ Chí Minh,5.0,89,Sinh tố/Nước ép/Sữa,189,10.76648998260498,106.68916320800781,18000
21435,Nước Mía 60 Năm,Rong Biển (chai),"Nhà nấu, an toàn thực phẩm ",15000,26,0,0,Quận 1,Hồ Chí Minh,5.0,89,Sinh tố/Nước ép/Sữa,189,10.76648998260498,106.68916320800781,18000
21435,Nước Mía 60 Năm,Bông Cúc (chai),"Nhà nấu, an toàn thực phẩm.",15000,38,0,0,Quận 1,Hồ Chí Minh,5.0,89,Sinh tố/Nước ép/Sữa,189,10.76648998260498,106.68916320800781,18000
21435,Nước Mía 60 Năm,Combo - 01 Nước Mía + 01 Coca,,30000,0,0,0,Quận 1,Hồ Chí Minh,5.0,89,Sinh tố/Nước ép/Sữa,189,10.76648998260498,106.68916320800781,18000
21435,Nước Mía 60 Năm,Combo - 01Trà Tắc + 01Coca,,30000,0,0,0,Quận 1,Hồ Chí Minh,5.0,89,Sinh tố/Nước ép/Sữa,189,10.76648998260498,106.68916320800781,18000
4283,The Coffee Factory - Trương Định,CÀ PHÊ SỮA,,32000,39,0,0,Quận 3,Hồ Chí Minh,5.0,32,Cà Phê/Trà,189,10.778249740600586,106.68907165527344,42000
4283,The Coffee Factory - Trương Định,CÀ PHÊ SỮA,,32000,154,2,0,Quận 3,Hồ Chí Minh,5.0,32,Cà Phê/Trà,189,10.778249740600586,106.68907165527344,42000
4283,The Coffee Factory - Trương Định,CÀ PHÊ ĐEN,,29000,90,1,0,Quận 3,Hồ Chí Minh,5.0,32,Cà Phê/Trà,189,10.778249740600586,106.68907165527344,42000
4283,The Coffee Factory - Trương Định,BẠC XỈU,,39000,28,0,0,Quận 3,Hồ Chí Minh,5.0,32,Cà Phê/Trà,189,10.778249740600586,106.68907165527344,42000
4283,The Coffee Factory - Trương Định,BẠC XỈU VỊ BẠC HÀ,,39000,2,0,0,Quận 3,Hồ Chí Minh,5.0,32,Cà Phê/Trà,189,10.778249740600586,106.68907165527344,42000
4283,The Coffee Factory - Trương Định,TCF COFFEE ( BEST SELLER ),BEST SELLER,45000,4,0,0,Quận 3,Hồ Chí Minh,5.0,32,Cà Phê/Trà,189,10.778249740600586,106.68907165527344,42000
4283,The Coffee Factory - Trương Định,SỮA TƯƠI CÀ PHÊ,,38000,11,0,0,Quận 3,Hồ Chí Minh,5.0,32,Cà Phê/Trà,189,10.778249740600586,106.68907165527344,42000
4283,The Coffee Factory - Trương Định,EPRESSO ( HOT ONLY 30ml),,28000,0,0,0,Quận 3,Hồ Chí Minh,5.0,32,Cà Phê/Trà,189,10.778249740600586,106.68907165527344,42000
4283,The Coffee Factory - Trương Định,CAFE LATTE,,42000,25,0,0,Quận 3,Hồ Chí Minh,5.0,32,Cà Phê/Trà,189,10.778249740600586,106.68907165527344,42000
4283,The Coffee Factory - Trương Định,CAPPUCCINO,,42000,3,0,0,Quận 3,Hồ Chí Minh,5.0,32,Cà Phê/Trà,189,10.778249740600586,106.68907165527344,42000
4283,The Coffee Factory - Trương Định,CAFE MOCHA,,42000,3,0,0,Quận 3,Hồ Chí Minh,5.0,32,Cà Phê/Trà,189,10.778249740600586,106.68907165527344,42000
4283,The Coffee Factory - Trương Định,TRÀ ĐÀO,,42000,2,0,0,Quận 3,Hồ Chí Minh,5.0,32,Cà Phê/Trà,189,10.778249740600586,106.68907165527344,42000
4283,The Coffee Factory - Trương Định,TRÀ TÁO,,42000,3,0,0,Quận 3,Hồ Chí Minh,5.0,32,Cà Phê/Trà,189,10.778249740600586,106.68907165527344,42000
4283,The Coffee Factory - Trương Định,TRÀ OOLONG XOÀI,,42000,3,1,0,Quận 3,Hồ Chí Minh,5.0,32,Cà Phê/Trà,189,10.778249740600586,106.68907165527344,42000
4283,The Coffee Factory - Trương Định,TRÀ OOLONG THƠM,,42000,0,0,0,Quận 3,Hồ Chí Minh,5.0,32,Cà Phê/Trà,189,10.778249740600586,106.68907165527344,42000
4283,The Coffee Factory - Trương Định,TRÀ KIM QUẤT NHA ĐAM,MÓN BÁN CHẠY,45000,2,0,0,Quận 3,Hồ Chí Minh,5.0,32,Cà Phê/Trà,189,10.778249740600586,106.68907165527344,42000
4283,The Coffee Factory - Trương Định,TRÀ DƯA HẤU VẢI,MÓN BÁN CHẠY,45000,2,1,0,Quận 3,Hồ Chí Minh,5.0,32,Cà Phê/Trà,189,10.778249740600586,106.68907165527344,42000
4283,The Coffee Factory - Trương Định,TRÀ HIBICUS LỰU ĐỎ,,42000,1,0,0,Quận 3,Hồ Chí Minh,5.0,32,Cà Phê/Trà,189,10.778249740600586,106.68907165527344,42000
4283,The Coffee Factory - Trương Định,TRÀ CHANH,,33000,0,0,0,Quận 3,Hồ Chí Minh,5.0,32,Cà Phê/Trà,189,10.778249740600586,106.68907165527344,42000
4283,The Coffee Factory - Trương Định,TRÀ CHANH MẬT ONG,,35000,3,0,0,Quận 3,Hồ Chí Minh,5.0,32,Cà Phê/Trà,189,10.778249740600586,106.68907165527344,42000
4283,The Coffee Factory - Trương Định,TRÀ SỮA LÀI,,35000,2,0,0,Quận 3,Hồ Chí Minh,5.0,32,Cà Phê/Trà,189,10.778249740600586,106.68907165527344,42000
4283,The Coffee Factory - Trương Định,TRÀ SỮA TRUYỀN THỐNG,,35000,4,0,0,Quận 3,Hồ Chí Minh,5.0,32,Cà Phê/Trà,189,10.778249740600586,106.68907165527344,42000
4283,The Coffee Factory - Trương Định,TRÀ SỮA OOLONG,,35000,1,0,0,Quận 3,Hồ Chí Minh,5.0,32,Cà Phê/Trà,189,10.778249740600586,106.68907165527344,42000
4283,The Coffee Factory - Trương Định,TRÀ SỮA LÀI MẬT ONG,,35000,1,0,0,Quận 3,Hồ Chí Minh,5.0,32,Cà Phê/Trà,189,10.778249740600586,106.68907165527344,42000
4283,The Coffee Factory - Trương Định,TRÀ SỮA MATCHA,,39000,3,0,0,Quận 3,Hồ Chí Minh,5.0,32,Cà Phê/Trà,189,10.778249740600586,106.68907165527344,42000
4283,The Coffee Factory - Trương Định,TRÀ SỮA CÀ PHÊ,,39000,0,0,0,Quận 3,Hồ Chí Minh,5.0,32,Cà Phê/Trà,189,10.778249740600586,106.68907165527344,42000
4283,The Coffee Factory - Trương Định,MATCHA LATTE,,52000,1,0,0,Quận 3,Hồ Chí Minh,5.0,32,Cà Phê/Trà,189,10.778249740600586,106.68907165527344,42000
4283,The Coffee Factory - Trương Định,TRÀ SEN HOA ANH ĐÀO,MÓN MỚI,49000,1,0,0,Quận 3,Hồ Chí Minh,5.0,32,Cà Phê/Trà,189,10.778249740600586,106.68907165527344,42000
4283,The Coffee Factory - Trương Định,CACAO ĐÁ XAY,,52000,2,0,0,Quận 3,Hồ Chí Minh,5.0,32,Cà Phê/Trà,189,10.778249740600586,106.68907165527344,42000
4283,The Coffee Factory - Trương Định,CARAMEL ĐÁ XAY,,45000,20,0,0,Quận 3,Hồ Chí Minh,5.0,32,Cà Phê/Trà,189,10.778249740600586,106.68907165527344,42000
4283,The Coffee Factory - Trương Định,MATCHA ĐÁ XAY,,52000,2,0,0,Quận 3,Hồ Chí Minh,5.0,32,Cà Phê/Trà,189,10.778249740600586,106.68907165527344,42000
4283,The Coffee Factory - Trương Định,HAZELNUT ĐÁ XAY,,45000,0,0,0,Quận 3,Hồ Chí Minh,5.0,32,Cà Phê/Trà,189,10.778249740600586,106.68907165527344,42000
4283,The Coffee Factory - Trương Định,OREO COOKIE ĐÁ XAY,,52000,3,0,0,Quận 3,Hồ Chí Minh,5.0,32,Cà Phê/Trà,189,10.778249740600586,106.68907165527344,42000
4283,The Coffee Factory - Trương Định,MOCHA ĐÁ XAY,,45000,1,0,0,Quận 3,Hồ Chí Minh,5.0,32,Cà Phê/Trà,189,10.778249740600586,106.68907165527344,42000
4283,The Coffee Factory - Trương Định,CHOCOLATE MINT ĐÁ XAY,,52000,6,0,0,Quận 3,Hồ Chí Minh,5.0,32,Cà Phê/Trà,189,10.778249740600586,106.68907165527344,42000
4283,The Coffee Factory - Trương Định,CHOCOLATE ĐÁ XAY,,52000,0,0,0,Quận 3,Hồ Chí Minh,5.0,32,Cà Phê/Trà,189,10.778249740600586,106.68907165527344,42000
4283,The Coffee Factory - Trương Định,CHOCOLATE KEM MUỐI ĐÁ VIÊN,,52000,3,0,0,Quận 3,Hồ Chí Minh,5.0,32,Cà Phê/Trà,189,10.778249740600586,106.68907165527344,42000
4283,The Coffee Factory - Trương Định,CHANH ĐÁ XAY,,39000,0,0,0,Quận 3,Hồ Chí Minh,5.0,32,Cà Phê/Trà,189,10.778249740600586,106.68907165527344,42000
4283,The Coffee Factory - Trương Định,NƯỚC ÉP ỔI,,39000,3,0,0,Quận 3,Hồ Chí Minh,5.0,32,Cà Phê/Trà,189,10.778249740600586,106.68907165527344,42000
4283,The Coffee Factory - Trương Định,NƯỚC ÉP CÀ RỐT,,39000,1,0,0,Quận 3,Hồ Chí Minh,5.0,32,Cà Phê/Trà,189,10.778249740600586,106.68907165527344,42000
4283,The Coffee Factory - Trương Định,NƯỚC ÉP CAM,,39000,0,0,0,Quận 3,Hồ Chí Minh,5.0,32,Cà Phê/Trà,189,10.778249740600586,106.68907165527344,42000
4283,The Coffee Factory - Trương Định,NƯỚC ÉP DƯA HẤU,,39000,3,0,0,Quận 3,Hồ Chí Minh,5.0,32,Cà Phê/Trà,189,10.778249740600586,106.68907165527344,42000
4283,The Coffee Factory - Trương Định,DETOX ( CAM & CÀ RỐT ),,39000,4,0,0,Quận 3,Hồ Chí Minh,5.0,32,Cà Phê/Trà,189,10.778249740600586,106.68907165527344,42000
4283,The Coffee Factory - Trương Định,Soda Xoài - Dâu,,39000,0,0,0,Quận 3,Hồ Chí Minh,5.0,32,Cà Phê/Trà,189,10.778249740600586,106.68907165527344,42000
4283,The Coffee Factory - Trương Định,Soda Blueberry,,39000,0,0,0,Quận 3,Hồ Chí Minh,5.0,32,Cà Phê/Trà,189,10.778249740600586,106.68907165527344,42000
4283,The Coffee Factory - Trương Định,YOGURT DÂU VIỆT QUẤT,,49000,3,0,0,Quận 3,Hồ Chí Minh,5.0,32,Cà Phê/Trà,189,10.778249740600586,106.68907165527344,42000
4283,The Coffee Factory - Trương Định,YOGURT VIỆT QUẤT,,49000,0,0,0,Quận 3,Hồ Chí Minh,5.0,32,Cà Phê/Trà,189,10.778249740600586,106.68907165527344,42000
4283,The Coffee Factory - Trương Định,YOGURT CHANH DÂY,,49000,0,0,0,Quận 3,Hồ Chí Minh,5.0,32,Cà Phê/Trà,189,10.778249740600586,106.68907165527344,42000
4283,The Coffee Factory - Trương Định,YOGURT XOÀI DÂU,,49000,0,0,0,Quận 3,Hồ Chí Minh,5.0,32,Cà Phê/Trà,189,10.778249740600586,106.68907165527344,42000
4283,The Coffee Factory - Trương Định,TRÀ HIBICUS LỰU ĐỎ KEM MUỐI,,59000,0,0,0,Quận 3,Hồ Chí Minh,5.0,32,Cà Phê/Trà,189,10.778249740600586,106.68907165527344,42000
4283,The Coffee Factory - Trương Định,TRÀ TÁO KEM MUỐI,,59000,0,0,0,Quận 3,Hồ Chí Minh,5.0,32,Cà Phê/Trà,189,10.778249740600586,106.68907165527344,42000
4283,The Coffee Factory - Trương Định,TRÀ ĐÀO KEM MUỐI,,59000,0,0,0,Quận 3,Hồ Chí Minh,5.0,32,Cà Phê/Trà,189,10.778249740600586,106.68907165527344,42000
4283,The Coffee Factory - Trương Định,CÀ PHÊ SỮA ĐÁ KEM MUỐI,,55000,3,0,0,Quận 3,Hồ Chí Minh,5.0,32,Cà Phê/Trà,189,10.778249740600586,106.68907165527344,42000
4283,The Coffee Factory - Trương Định,CÀ PHÊ ĐEN ĐÁ KEM MUỐI,,52000,1,0,0,Quận 3,Hồ Chí Minh,5.0,32,Cà Phê/Trà,189,10.778249740600586,106.68907165527344,42000
4283,The Coffee Factory - Trương Định,Bánh Mì Que Pate Chà Bông,,19000,6,0,0,Quận 3,Hồ Chí Minh,5.0,32,Cà Phê/Trà,189,10.778249740600586,106.68907165527344,42000
4283,The Coffee Factory - Trương Định,Tiramisu,,29000,1,0,0,Quận 3,Hồ Chí Minh,5.0,32,Cà Phê/Trà,189,10.778249740600586,106.68907165527344,42000
4283,The Coffee Factory - Trương Định,Croisant Chà Bông Sauce Trứng Muối,,42000,1,0,0,Quận 3,Hồ Chí Minh,5.0,32,Cà Phê/Trà,189,10.778249740600586,106.68907165527344,42000
4283,The Coffee Factory - Trương Định,Croisant Ham And Cheese,,42000,4,0,0,Quận 3,Hồ Chí Minh,5.0,32,Cà Phê/Trà,189,10.778249740600586,106.68907165527344,42000
4283,The Coffee Factory - Trương Định,Bánh Mì Xúc Xích,,29000,2,0,0,Quận 3,Hồ Chí Minh,5.0,32,Cà Phê/Trà,189,10.778249740600586,106.68907165527344,42000
4283,The Coffee Factory - Trương Định,Mousse Passion,,32000,0,0,0,Quận 3,Hồ Chí Minh,5.0,32,Cà Phê/Trà,189,10.778249740600586,106.68907165527344,42000
4283,The Coffee Factory - Trương Định,Bánh Mì Chà Bông Cay,,29000,3,1,0,Quận 3,Hồ Chí Minh,5.0,32,Cà Phê/Trà,189,10.778249740600586,106.68907165527344,42000
4283,The Coffee Factory - Trương Định,Bánh Mì Que Gà Xé Phô Mai,,19000,5,0,0,Quận 3,Hồ Chí Minh,5.0,32,Cà Phê/Trà,189,10.778249740600586,106.68907165527344,42000
4283,The Coffee Factory - Trương Định,Croisant Chocolate,,39000,0,0,0,Quận 3,Hồ Chí Minh,5.0,32,Cà Phê/Trà,189,10.778249740600586,106.68907165527344,42000
4283,The Coffee Factory - Trương Định,Croisant Hạnh Nhân,,39000,2,0,0,Quận 3,Hồ Chí Minh,5.0,32,Cà Phê/Trà,189,10.778249740600586,106.68907165527344,42000
4283,The Coffee Factory - Trương Định,Croisant Bơ,,32000,0,0,0,Quận 3,Hồ Chí Minh,5.0,32,Cà Phê/Trà,189,10.778249740600586,106.68907165527344,42000
4283,The Coffee Factory - Trương Định,BỘ 3 HOA ANH ĐÀO,,108000,0,0,0,Quận 3,Hồ Chí Minh,5.0,32,Cà Phê/Trà,189,10.778249740600586,106.68907165527344,42000
4283,The Coffee Factory - Trương Định,COMBO FACTORY 1,Cà Phê Sữa + Bánh Mì Que Pate Chà Bông,39000,2,0,0,Quận 3,Hồ Chí Minh,5.0,32,Cà Phê/Trà,189,10.778249740600586,106.68907165527344,42000
4283,The Coffee Factory - Trương Định,COMBO FACTORY 1,Cà Phê Đen + Bánh Mì Que Pate Chà Bông,39000,0,0,0,Quận 3,Hồ Chí Minh,5.0,32,Cà Phê/Trà,189,10.778249740600586,106.68907165527344,42000
4283,The Coffee Factory - Trương Định,COMBO FACTORY 2,Trà Sữa Cà Phê + Bánh Mì Que Gà Xé Phô Mai,49000,0,0,0,Quận 3,Hồ Chí Minh,5.0,32,Cà Phê/Trà,189,10.778249740600586,106.68907165527344,42000
4283,The Coffee Factory - Trương Định,COMBO FACTORY 2,Trà Chanh Mật Ong + Bánh Mì Que Gà Xé Phô Mai,49000,0,0,0,Quận 3,Hồ Chí Minh,5.0,32,Cà Phê/Trà,189,10.778249740600586,106.68907165527344,42000
4283,The Coffee Factory - Trương Định,COMBO FACTORY 2,Nước Ép DeTox + Bánh Mì Que Gà Xé Phô Mai,49000,0,0,0,Quận 3,Hồ Chí Minh,5.0,32,Cà Phê/Trà,189,10.778249740600586,106.68907165527344,42000
30131,Trung Nguyên - E-Coffee - Võ Văn Tần,"Cà Phê Năng Lượng (đen, nóng)","Vietnamese E-Coffee (black, hot)",22000,5,0,0,Quận 3,Hồ Chí Minh,4.8,40,Cà Phê/Trà,189,10.777999877929688,106.69181823730469,30000
30131,Trung Nguyên - E-Coffee - Võ Văn Tần,"Cà Phê Năng Lượng (đen, đá)","Vietnamese E-Coffee (black, iced)",22000,47,0,1,Quận 3,Hồ Chí Minh,4.8,40,Cà Phê/Trà,189,10.777999877929688,106.69181823730469,30000
30131,Trung Nguyên - E-Coffee - Võ Văn Tần,"Cà Phê Năng Lượng (sữa, nóng)","Vietnamese E-Coffee (milk, hot)",25000,17,0,0,Quận 3,Hồ Chí Minh,4.8,40,Cà Phê/Trà,189,10.777999877929688,106.69181823730469,30000
30131,Trung Nguyên - E-Coffee - Võ Văn Tần,"Cà Phê Năng Lượng (sữa, đá)","Vietnamese E-Coffee (milk, iced)",25000,124,1,0,Quận 3,Hồ Chí Minh,4.8,40,Cà Phê/Trà,189,10.777999877929688,106.69181823730469,30000
30131,Trung Nguyên - E-Coffee - Võ Văn Tần,Bạc Xỉu Đá,Vietnamese Iced White E-Coffee,35000,55,1,0,Quận 3,Hồ Chí Minh,4.8,40,Cà Phê/Trà,189,10.777999877929688,106.69181823730469,30000
30131,Trung Nguyên - E-Coffee - Võ Văn Tần,Latte Đá,Iced Latte,35000,9,0,0,Quận 3,Hồ Chí Minh,4.8,40,Cà Phê/Trà,189,10.777999877929688,106.69181823730469,30000
30131,Trung Nguyên - E-Coffee - Võ Văn Tần,Cappuccino Đá,,35000,10,0,0,Quận 3,Hồ Chí Minh,4.8,40,Cà Phê/Trà,189,10.777999877929688,106.69181823730469,30000
30131,Trung Nguyên - E-Coffee - Võ Văn Tần,"Cà Phê Chế Phin Truyền Thống (đen, nóng)","Vietnamese Traditional Filter Coffee (black, hot)",22000,0,0,0,Quận 3,Hồ Chí Minh,4.8,40,Cà Phê/Trà,189,10.777999877929688,106.69181823730469,30000
30131,Trung Nguyên - E-Coffee - Võ Văn Tần,"Cà Phê Chế Phin Truyền Thống (đen, đá","Vietnamese Traditional Filter Coffee (black, iced)",22000,6,0,0,Quận 3,Hồ Chí Minh,4.8,40,Cà Phê/Trà,189,10.777999877929688,106.69181823730469,30000
30131,Trung Nguyên - E-Coffee - Võ Văn Tần,"Cà Phê Chế Phin Truyền Thống (sữa, nóng)","Vietnamese Traditional Filter Coffee (milk, hot)",25000,1,0,0,Quận 3,Hồ Chí Minh,4.8,40,Cà Phê/Trà,189,10.777999877929688,106.69181823730469,30000
30131,Trung Nguyên - E-Coffee - Võ Văn Tần,"Cà Phê Chế Phin Truyền Thống (sữa, đá)","Vietnamese Traditional Filter Coffee (milk, iced)",25000,12,0,0,Quận 3,Hồ Chí Minh,4.8,40,Cà Phê/Trà,189,10.777999877929688,106.69181823730469,30000
30131,Trung Nguyên - E-Coffee - Võ Văn Tần,Latte Nóng,Hot Latte,35000,1,0,0,Quận 3,Hồ Chí Minh,4.8,40,Cà Phê/Trà,189,10.777999877929688,106.69181823730469,30000
30131,Trung Nguyên - E-Coffee - Võ Văn Tần,Americano Nóng,Hot Americano,35000,0,0,0,Quận 3,Hồ Chí Minh,4.8,40,Cà Phê/Trà,189,10.777999877929688,106.69181823730469,30000
30131,Trung Nguyên - E-Coffee - Võ Văn Tần,Americano Đá,Iced  Americano,35000,1,0,0,Quận 3,Hồ Chí Minh,4.8,40,Cà Phê/Trà,189,10.777999877929688,106.69181823730469,30000
30131,Trung Nguyên - E-Coffee - Võ Văn Tần,Cam,,25000,6,0,0,Quận 3,Hồ Chí Minh,4.8,40,Cà Phê/Trà,189,10.777999877929688,106.69181823730469,30000
30131,Trung Nguyên - E-Coffee - Võ Văn Tần,Dưa Hấu,,25000,2,0,0,Quận 3,Hồ Chí Minh,4.8,40,Cà Phê/Trà,189,10.777999877929688,106.69181823730469,30000
30131,Trung Nguyên - E-Coffee - Võ Văn Tần,Ổi,,25000,4,0,0,Quận 3,Hồ Chí Minh,4.8,40,Cà Phê/Trà,189,10.777999877929688,106.69181823730469,30000
30131,Trung Nguyên - E-Coffee - Võ Văn Tần,Dứa,,25000,7,0,0,Quận 3,Hồ Chí Minh,4.8,40,Cà Phê/Trà,189,10.777999877929688,106.69181823730469,30000
30131,Trung Nguyên - E-Coffee - Võ Văn Tần,Cà Rốt,,25000,1,0,0,Quận 3,Hồ Chí Minh,4.8,40,Cà Phê/Trà,189,10.777999877929688,106.69181823730469,30000
30131,Trung Nguyên - E-Coffee - Võ Văn Tần,Bơ,,30000,3,0,0,Quận 3,Hồ Chí Minh,4.8,40,Cà Phê/Trà,189,10.777999877929688,106.69181823730469,30000
30131,Trung Nguyên - E-Coffee - Võ Văn Tần,Chanh Dây,,30000,1,0,1,Quận 3,Hồ Chí Minh,4.8,40,Cà Phê/Trà,189,10.777999877929688,106.69181823730469,30000
30131,Trung Nguyên - E-Coffee - Võ Văn Tần,Phúc Bồn Tử,,35000,1,0,0,Quận 3,Hồ Chí Minh,4.8,40,Cà Phê/Trà,189,10.777999877929688,106.69181823730469,30000
30131,Trung Nguyên - E-Coffee - Võ Văn Tần,Chanh Dây,,35000,0,0,0,Quận 3,Hồ Chí Minh,4.8,40,Cà Phê/Trà,189,10.777999877929688,106.69181823730469,30000
30131,Trung Nguyên - E-Coffee - Võ Văn Tần,Việt Quất,,35000,1,0,0,Quận 3,Hồ Chí Minh,4.8,40,Cà Phê/Trà,189,10.777999877929688,106.69181823730469,30000
30131,Trung Nguyên - E-Coffee - Võ Văn Tần,Trà Sữa Socola,,30000,1,0,0,Quận 3,Hồ Chí Minh,4.8,40,Cà Phê/Trà,189,10.777999877929688,106.69181823730469,30000
30131,Trung Nguyên - E-Coffee - Võ Văn Tần,Lipton Nóng,,35000,1,0,0,Quận 3,Hồ Chí Minh,4.8,40,Cà Phê/Trà,189,10.777999877929688,106.69181823730469,30000
30131,Trung Nguyên - E-Coffee - Võ Văn Tần,Lipton Đá,,35000,2,0,0,Quận 3,Hồ Chí Minh,4.8,40,Cà Phê/Trà,189,10.777999877929688,106.69181823730469,30000
30131,Trung Nguyên - E-Coffee - Võ Văn Tần,Trà Vải,,35000,0,0,0,Quận 3,Hồ Chí Minh,4.8,40,Cà Phê/Trà,189,10.777999877929688,106.69181823730469,30000
30131,Trung Nguyên - E-Coffee - Võ Văn Tần,Matcha,,35000,2,0,0,Quận 3,Hồ Chí Minh,4.8,40,Cà Phê/Trà,189,10.777999877929688,106.69181823730469,30000
30131,Trung Nguyên - E-Coffee - Võ Văn Tần,Việt Quất,,35000,0,0,0,Quận 3,Hồ Chí Minh,4.8,40,Cà Phê/Trà,189,10.777999877929688,106.69181823730469,30000
30131,Trung Nguyên - E-Coffee - Võ Văn Tần,Chocola Mint,,35000,2,0,0,Quận 3,Hồ Chí Minh,4.8,40,Cà Phê/Trà,189,10.777999877929688,106.69181823730469,30000
3080,Nhà Hàng Đoàn Viên - Huyền Trân Công Chúa,Bạc xỉu,,32000,0,0,0,Quận 1,Hồ Chí Minh,5.0,1,Bún/Phở/Mỳ/Cháo,189,10.776989936828613,106.69342041015625,66000
3080,Nhà Hàng Đoàn Viên - Huyền Trân Công Chúa,Cà phê đen,,29000,0,0,0,Quận 1,Hồ Chí Minh,5.0,1,Bún/Phở/Mỳ/Cháo,189,10.776989936828613,106.69342041015625,66000
3080,Nhà Hàng Đoàn Viên - Huyền Trân Công Chúa, Cà phê sữa,,32000,0,0,0,Quận 1,Hồ Chí Minh,5.0,1,Bún/Phở/Mỳ/Cháo,189,10.776989936828613,106.69342041015625,66000
3080,Nhà Hàng Đoàn Viên - Huyền Trân Công Chúa,Nước ép thơm,,54000,0,0,0,Quận 1,Hồ Chí Minh,5.0,1,Bún/Phở/Mỳ/Cháo,189,10.776989936828613,106.69342041015625,66000
3080,Nhà Hàng Đoàn Viên - Huyền Trân Công Chúa,Yaourt đá,,25000,0,0,0,Quận 1,Hồ Chí Minh,5.0,1,Bún/Phở/Mỳ/Cháo,189,10.776989936828613,106.69342041015625,66000
3080,Nhà Hàng Đoàn Viên - Huyền Trân Công Chúa,Nước ép cà rốt,,54000,0,0,0,Quận 1,Hồ Chí Minh,5.0,1,Bún/Phở/Mỳ/Cháo,189,10.776989936828613,106.69342041015625,66000
3080,Nhà Hàng Đoàn Viên - Huyền Trân Công Chúa,Soda chanh,,32000,0,0,0,Quận 1,Hồ Chí Minh,5.0,1,Bún/Phở/Mỳ/Cháo,189,10.776989936828613,106.69342041015625,66000
3080,Nhà Hàng Đoàn Viên - Huyền Trân Công Chúa,Nước ép cà chua - cam,,54000,0,0,0,Quận 1,Hồ Chí Minh,5.0,1,Bún/Phở/Mỳ/Cháo,189,10.776989936828613,106.69342041015625,66000
3080,Nhà Hàng Đoàn Viên - Huyền Trân Công Chúa,Nước ép thơm - cà rốt,,54000,0,0,0,Quận 1,Hồ Chí Minh,5.0,1,Bún/Phở/Mỳ/Cháo,189,10.776989936828613,106.69342041015625,66000
3080,Nhà Hàng Đoàn Viên - Huyền Trân Công Chúa,Dừa tươi,,49000,0,0,0,Quận 1,Hồ Chí Minh,5.0,1,Bún/Phở/Mỳ/Cháo,189,10.776989936828613,106.69342041015625,66000
3080,Nhà Hàng Đoàn Viên - Huyền Trân Công Chúa,Chanh dây,,35000,0,0,0,Quận 1,Hồ Chí Minh,5.0,1,Bún/Phở/Mỳ/Cháo,189,10.776989936828613,106.69342041015625,66000
3080,Nhà Hàng Đoàn Viên - Huyền Trân Công Chúa,Dừa tắc,,60000,0,0,0,Quận 1,Hồ Chí Minh,5.0,1,Bún/Phở/Mỳ/Cháo,189,10.776989936828613,106.69342041015625,66000
3080,Nhà Hàng Đoàn Viên - Huyền Trân Công Chúa,Nước ép dưa hấu,,54000,0,0,0,Quận 1,Hồ Chí Minh,5.0,1,Bún/Phở/Mỳ/Cháo,189,10.776989936828613,106.69342041015625,66000
3080,Nhà Hàng Đoàn Viên - Huyền Trân Công Chúa,Sting,,25000,0,0,0,Quận 1,Hồ Chí Minh,5.0,1,Bún/Phở/Mỳ/Cháo,189,10.776989936828613,106.69342041015625,66000
3080,Nhà Hàng Đoàn Viên - Huyền Trân Công Chúa,Yaourt hủ,,17000,0,0,0,Quận 1,Hồ Chí Minh,5.0,1,Bún/Phở/Mỳ/Cháo,189,10.776989936828613,106.69342041015625,66000
3080,Nhà Hàng Đoàn Viên - Huyền Trân Công Chúa,Yaourt chanh dây,,36000,1,0,0,Quận 1,Hồ Chí Minh,5.0,1,Bún/Phở/Mỳ/Cháo,189,10.776989936828613,106.69342041015625,66000
3080,Nhà Hàng Đoàn Viên - Huyền Trân Công Chúa, Cam vắt,,37000,0,0,0,Quận 1,Hồ Chí Minh,5.0,1,Bún/Phở/Mỳ/Cháo,189,10.776989936828613,106.69342041015625,66000
3080,Nhà Hàng Đoàn Viên - Huyền Trân Công Chúa,Yaourt cam,,36000,0,0,0,Quận 1,Hồ Chí Minh,5.0,1,Bún/Phở/Mỳ/Cháo,189,10.776989936828613,106.69342041015625,66000
3080,Nhà Hàng Đoàn Viên - Huyền Trân Công Chúa,Phở Đùi Gà,,86000,0,0,0,Quận 1,Hồ Chí Minh,5.0,1,Bún/Phở/Mỳ/Cháo,189,10.776989936828613,106.69342041015625,66000
3080,Nhà Hàng Đoàn Viên - Huyền Trân Công Chúa,Bún Bò Xào Nam Bộ,,66000,0,0,0,Quận 1,Hồ Chí Minh,5.0,1,Bún/Phở/Mỳ/Cháo,189,10.776989936828613,106.69342041015625,66000
3080,Nhà Hàng Đoàn Viên - Huyền Trân Công Chúa,Hủ Tiếu Mỹ Tho,,68000,2,1,0,Quận 1,Hồ Chí Minh,5.0,1,Bún/Phở/Mỳ/Cháo,189,10.776989936828613,106.69342041015625,66000
3080,Nhà Hàng Đoàn Viên - Huyền Trân Công Chúa,Phở Gà,,66000,0,0,0,Quận 1,Hồ Chí Minh,5.0,1,Bún/Phở/Mỳ/Cháo,189,10.776989936828613,106.69342041015625,66000
3080,Nhà Hàng Đoàn Viên - Huyền Trân Công Chúa,Bò Beefsteak + Bánh Mì,,130000,0,0,0,Quận 1,Hồ Chí Minh,5.0,1,Bún/Phở/Mỳ/Cháo,189,10.776989936828613,106.69342041015625,66000
3080,Nhà Hàng Đoàn Viên - Huyền Trân Công Chúa,Phở Đuôi Bò,,78000,3,0,0,Quận 1,Hồ Chí Minh,5.0,1,Bún/Phở/Mỳ/Cháo,189,10.776989936828613,106.69342041015625,66000
3080,Nhà Hàng Đoàn Viên - Huyền Trân Công Chúa,Gỏi mực chua cay,,184000,0,0,0,Quận 1,Hồ Chí Minh,5.0,1,Bún/Phở/Mỳ/Cháo,189,10.776989936828613,106.69342041015625,66000
3080,Nhà Hàng Đoàn Viên - Huyền Trân Công Chúa,Cá thác lác quay giòn,,253000,0,0,0,Quận 1,Hồ Chí Minh,5.0,1,Bún/Phở/Mỳ/Cháo,189,10.776989936828613,106.69342041015625,66000
3080,Nhà Hàng Đoàn Viên - Huyền Trân Công Chúa,Tép sông rang khế,,183000,0,0,0,Quận 1,Hồ Chí Minh,5.0,1,Bún/Phở/Mỳ/Cháo,189,10.776989936828613,106.69342041015625,66000
3080,Nhà Hàng Đoàn Viên - Huyền Trân Công Chúa,Gỏi bò bóp thấu,,160000,0,0,0,Quận 1,Hồ Chí Minh,5.0,1,Bún/Phở/Mỳ/Cháo,189,10.776989936828613,106.69342041015625,66000
3080,Nhà Hàng Đoàn Viên - Huyền Trân Công Chúa,Chả giò Đoàn Viên,,189000,0,0,0,Quận 1,Hồ Chí Minh,5.0,1,Bún/Phở/Mỳ/Cháo,189,10.776989936828613,106.69342041015625,66000
3080,Nhà Hàng Đoàn Viên - Huyền Trân Công Chúa,Lẩu Hải Sản Thái Lan,,277000,0,0,0,Quận 1,Hồ Chí Minh,5.0,1,Bún/Phở/Mỳ/Cháo,189,10.776989936828613,106.69342041015625,66000
3080,Nhà Hàng Đoàn Viên - Huyền Trân Công Chúa, Lẩu xí quách,,300000,0,0,0,Quận 1,Hồ Chí Minh,5.0,1,Bún/Phở/Mỳ/Cháo,189,10.776989936828613,106.69342041015625,66000
3080,Nhà Hàng Đoàn Viên - Huyền Trân Công Chúa,Lẩu cá Diêu Hồng,,266000,0,0,0,Quận 1,Hồ Chí Minh,5.0,1,Bún/Phở/Mỳ/Cháo,189,10.776989936828613,106.69342041015625,66000
3080,Nhà Hàng Đoàn Viên - Huyền Trân Công Chúa,Lẩu gà nấu nấm (1/2 con),,315000,0,0,0,Quận 1,Hồ Chí Minh,5.0,1,Bún/Phở/Mỳ/Cháo,189,10.776989936828613,106.69342041015625,66000
3080,Nhà Hàng Đoàn Viên - Huyền Trân Công Chúa,Lẩu Hải Sản,,277000,0,0,0,Quận 1,Hồ Chí Minh,5.0,1,Bún/Phở/Mỳ/Cháo,189,10.776989936828613,106.69342041015625,66000
3080,Nhà Hàng Đoàn Viên - Huyền Trân Công Chúa,Cơm chiên Dương Châu,,118000,0,0,0,Quận 1,Hồ Chí Minh,5.0,1,Bún/Phở/Mỳ/Cháo,189,10.776989936828613,106.69342041015625,66000
3080,Nhà Hàng Đoàn Viên - Huyền Trân Công Chúa,Mì xào thập cẩm,,144000,0,0,0,Quận 1,Hồ Chí Minh,5.0,1,Bún/Phở/Mỳ/Cháo,189,10.776989936828613,106.69342041015625,66000
3080,Nhà Hàng Đoàn Viên - Huyền Trân Công Chúa,Cơm chiên Hải Sản,,144000,0,0,0,Quận 1,Hồ Chí Minh,5.0,1,Bún/Phở/Mỳ/Cháo,189,10.776989936828613,106.69342041015625,66000
3080,Nhà Hàng Đoàn Viên - Huyền Trân Công Chúa,Cơm chiên Cá Mặn,,143000,0,0,0,Quận 1,Hồ Chí Minh,5.0,1,Bún/Phở/Mỳ/Cháo,189,10.776989936828613,106.69342041015625,66000
3080,Nhà Hàng Đoàn Viên - Huyền Trân Công Chúa,Mì xào bò,,144000,0,0,0,Quận 1,Hồ Chí Minh,5.0,1,Bún/Phở/Mỳ/Cháo,189,10.776989936828613,106.69342041015625,66000
29034,Cafe Tonkin Cottage - Lý Tự Trọng,CAFE KEM TRỨNG - Egg cream coffee,"Lớp kem trứng thanh trùng thượng hạng sánh mịn cùng kem tươi thơm béo, bông xốp, cùng 1 shot cafe Robusta đỉnh cao mix nhẹ với sữa tạo ra hương vị vô cùng độc đáo.",59000,24,0,0,Quận 1,Hồ Chí Minh,4.7,60,Cà Phê/Trà,189,10.77439022064209,106.69789123535156,49000
29034,Cafe Tonkin Cottage - Lý Tự Trọng,NÂU TONKIN - Một trong những ly cafe sữa đá ngon nhất Sài Gòn,"Best seller của quán với hơn 100 ly được bán ra mỗi ngày, NâuTonkin là sự kết hợp hoàn hảo giữa hạt cafe Robusta tiệm cận đẳng cấp Fine Ro & 3 loại sữa mix tỷ lệ vàng cho ra hương vị đậm đà & tinh tế.",49000,148,2,0,Quận 1,Hồ Chí Minh,4.7,60,Cà Phê/Trà,189,10.77439022064209,106.69789123535156,49000
29034,Cafe Tonkin Cottage - Lý Tự Trọng,TONKIN COLD BREW - Cafe Cold Brew Tonkin,"Hành trình về Hương Sơn gói trong Cafe Cold Brew ủ lạnh từ hạt Arabica Cầu Đất & Ethiopia hạng, chiết xuất trong 7 tiếng cùng nước mơ Yến Vĩ cho ra hương vị cafe độc nhất chỉ có tại Tonkin Cottage.",59000,31,1,0,Quận 1,Hồ Chí Minh,4.7,60,Cà Phê/Trà,189,10.77439022064209,106.69789123535156,49000
29034,Cafe Tonkin Cottage - Lý Tự Trọng,HANOI COLD BREW - Cafe Cold Brew Hà Nội,"Mùa hè phố cổ gói trọn trong Cafe Cold Brew ủ lạnh từ hạt Arabica Cầu Đất & Ethiopia thượng hạng, chiết xuất trong 7 tiếng cùng nước sấu ngâm Hà Nội cho ra hương vị cafe độc nhất chỉ có tại Tonkin Cottage.",59000,13,0,0,Quận 1,Hồ Chí Minh,4.7,60,Cà Phê/Trà,189,10.77439022064209,106.69789123535156,49000
29034,Cafe Tonkin Cottage - Lý Tự Trọng,BLACK COFFEE - Cà phê đen kiểu Tonkin,Tràn đầy cảm hứng bắt đầu ngày mới với hương vị đậm đà từ hạt cafe Đắk Nông được trồng theo hướng Organic tiệm cận tiêu chuẩn Fine Ro quốc tế.,49000,5,0,0,Quận 1,Hồ Chí Minh,4.7,60,Cà Phê/Trà,189,10.77439022064209,106.69789123535156,49000
29034,Cafe Tonkin Cottage - Lý Tự Trọng,MILK COFFEE - Cà phê Bạc xỉu kiểu Tonkin,Công thức Bạc xỉu độc quyền tại Tonkin Cottage với hạt cafe Đắk Nông rang đậm & 3 loại sữa mix tỷ lệ vàng.,49000,89,0,0,Quận 1,Hồ Chí Minh,4.7,60,Cà Phê/Trà,189,10.77439022064209,106.69789123535156,49000
29034,Cafe Tonkin Cottage - Lý Tự Trọng,COCONUT MILK COFFEE - Cà phê sữa dừa kiểu Tonkin,Hương vị sữa dừa thơm béo kết hợp với cafe đậm đà từ hạt Robusta Đắk Nông được trồng theo hướng Oragic tiệm cận tiêu chuẩn Fine Ro tạo ra ly cafe thuần Việt & đẳng cấp,59000,40,0,0,Quận 1,Hồ Chí Minh,4.7,60,Cà Phê/Trà,189,10.77439022064209,106.69789123535156,49000
29034,Cafe Tonkin Cottage - Lý Tự Trọng,NUT MILK COFFEE - Cà phê sữa hạt kiểu Tonkin,Lựa chọn tinh tế cho sức khoẻ với sữa hạt & cafe organic từ Đắk Nông tiệm cận tiêu chuẩn Fine Ro mang đến ly cafe chất lượng cao với hương vị đậm đà & khác biệt.,69000,18,0,0,Quận 1,Hồ Chí Minh,4.7,60,Cà Phê/Trà,189,10.77439022064209,106.69789123535156,49000
29034,Cafe Tonkin Cottage - Lý Tự Trọng,ESPRESSO - Cafe Espresso Robusta đặc sản,Đậm đà và tinh tế với hương vị mạnh mẽ từ hạt Robusta Đắk Nông trồng theo hướng hữu cơ tiệm cận tiêu chuẩn Fine Robusta.,49000,2,0,0,Quận 1,Hồ Chí Minh,4.7,60,Cà Phê/Trà,189,10.77439022064209,106.69789123535156,49000
29034,Cafe Tonkin Cottage - Lý Tự Trọng,AMERICANO - Cafe Americano hạt Robusta đặc sản,"Làm dịu vị đậm đà của hạt cafe Robusta Đắk Nông theo cách của người Mỹ, Americano tại TonkinCottage đặc trưng bởi hương vị thuần Việt mượt mà & đẳng cấp.",49000,10,0,0,Quận 1,Hồ Chí Minh,4.7,60,Cà Phê/Trà,189,10.77439022064209,106.69789123535156,49000
29034,Cafe Tonkin Cottage - Lý Tự Trọng,CAFE LATTE - Cà phê Latte hạt Robusta đặc sản,"Cân bằng hoàn hảo giữa vị đậm đà của cafe Robusta Đắk Nông và cách pha Latte Ý tiêu chuẩn, topping đường Dalgona tạo ra một trong những ly cafe đặc biệt nhất Sài Gòn.",59000,53,2,0,Quận 1,Hồ Chí Minh,4.7,60,Cà Phê/Trà,189,10.77439022064209,106.69789123535156,49000
29034,Cafe Tonkin Cottage - Lý Tự Trọng,CAPPUCCINO - Cafe Cappuccino hạt Robusta đặc sản,Cân bằng hoàn hảo giữa vị đậm đà của cafe Robusta Đắk Nông và cách pha Cappuccino Ý tiêu chuẩn tạo ra một trong những ly cafe đặc biệt nhất Sài Gòn.,59000,9,0,0,Quận 1,Hồ Chí Minh,4.7,60,Cà Phê/Trà,189,10.77439022064209,106.69789123535156,49000
29034,Cafe Tonkin Cottage - Lý Tự Trọng,MOCHA - Cafe Mocha hạt Robusta đặc sản,Cân bằng hoàn hảo giữa vị đậm đà của cafe Robusta Đắk Nông và cách pha Mocha Ý tiêu chuẩn tạo ra một trong những ly cafe đặc biệt nhất Sài Gòn.,59000,6,0,0,Quận 1,Hồ Chí Minh,4.7,60,Cà Phê/Trà,189,10.77439022064209,106.69789123535156,49000
29034,Cafe Tonkin Cottage - Lý Tự Trọng,Citrus Cold Brew - Cà phê Cold Brew Cam sành Hà Giang,"Một thoáng hương vị cực Bắc Việt Nam gói trong ly Cafe Cold Brew ủ lạnh từ hạt Arabica Cầu Đất và Ethiopia thượng hạng, chiết xuất trong 7 tiếng cùng nước cam sành đặc sản Hà Giang cho ra hương vị cà phê độc nhất chỉ có tại Tonkin Cottage.",59000,57,2,0,Quận 1,Hồ Chí Minh,4.7,60,Cà Phê/Trà,189,10.77439022064209,106.69789123535156,49000
29034,Cafe Tonkin Cottage - Lý Tự Trọng,Summer Cold Brew - Cà phê Cold Brew Chanh vàng,"Một chạm của mùa hè gói gọn trong ly cafe Cold Brew ủ lạnh từ hạt Arabica Cầu Đất và Ethiopia thượng hạng, chiết xuất trong 7 tiếng cùng chanh vàng cho ra hương vị cà phê độc nhất chỉ có tại Tonkin Cottage.",59000,9,0,0,Quận 1,Hồ Chí Minh,4.7,60,Cà Phê/Trà,189,10.77439022064209,106.69789123535156,49000
29034,Cafe Tonkin Cottage - Lý Tự Trọng,TONKIN COLD BREW - Cafe Ủ lạnh kiểu Tonkin,"Hành trình về Hương Sơn trong ly Cà phê Cold Brew ủ lạnh từ hạt Arabica Cầu Đất và Ethiopia thượng hạng, chiết xuất trong 7 tiếng cùng nước mơ Yến Vĩ, cho ra hương vị cafe độc nhất chỉ có tại Tonkin Cottage.",59000,11,0,0,Quận 1,Hồ Chí Minh,4.7,60,Cà Phê/Trà,189,10.77439022064209,106.69789123535156,49000
29034,Cafe Tonkin Cottage - Lý Tự Trọng,HANOI COLD BREW - Cà Phê Cold Brew kiểu Hà Nội,"Mùa hè phố cổ gói trọn trong ly cafe Cold Brew ủ lạnh từ hạt Arabica Cầu Đất và Ethiopia thượng hạng, chiết xuất trong 7 tiếng cùng nước sấu ngâm Hà Nội, cho ra hương vị cà phê độc nhất chỉ có tại Tonkin Cottage.",59000,8,0,0,Quận 1,Hồ Chí Minh,4.7,60,Cà Phê/Trà,189,10.77439022064209,106.69789123535156,49000
29034,Cafe Tonkin Cottage - Lý Tự Trọng,Nước sấu Phan Đình Phùng,Gói trọn mùa hè Hà Nội trong ly nước sấu đặc sản được biến tấu theo công thức độc quyền của Tonkin Cottage & đặt tên theo con đường đẹp nhất đất kinh kỳ.,49000,1,0,0,Quận 1,Hồ Chí Minh,4.7,60,Cà Phê/Trà,189,10.77439022064209,106.69789123535156,49000
29034,Cafe Tonkin Cottage - Lý Tự Trọng,Nước mơ đồi Yến Vĩ,"Nước mơ đặc sản từ vùng đồi Yến Vĩ vùng núi thiêng Hương Sơn, cân bằng vị chua ngọt độc đáo từ nguồn mơ đặc sản & công thức gia giảm độc quyền từ Tonkin Cottage.",49000,5,0,0,Quận 1,Hồ Chí Minh,4.7,60,Cà Phê/Trà,189,10.77439022064209,106.69789123535156,49000
29034,Cafe Tonkin Cottage - Lý Tự Trọng,Trà chanh hoa lài Hà Nội,Một góc chợ Gạo mùa hè Hà Nội gói gọn trong một ly trà chanh đậm vị và ngát hương lài.,39000,6,0,0,Quận 1,Hồ Chí Minh,4.7,60,Cà Phê/Trà,189,10.77439022064209,106.69789123535156,49000
29034,Cafe Tonkin Cottage - Lý Tự Trọng,Trà tắc (quất) hoa lài Hà Nội,Một góc chợ Gạo mùa hè Hà Nội gói gọn trong một ly trà tắc (quất) đậm vị và ngát hương lài.,39000,6,0,0,Quận 1,Hồ Chí Minh,4.7,60,Cà Phê/Trà,189,10.77439022064209,106.69789123535156,49000
29034,Cafe Tonkin Cottage - Lý Tự Trọng,Nước Cam tươi Hà Giang,"Lựa chọn healthy và thơm ngon với nước ép cam Hà Giang nguyên chất, không đường và tươi mỗi ngày.",39000,19,1,0,Quận 1,Hồ Chí Minh,4.7,60,Cà Phê/Trà,189,10.77439022064209,106.69789123535156,49000
29034,Cafe Tonkin Cottage - Lý Tự Trọng,Nước ép dưa hấu tươi,"Lựa chọn healthy và thơm ngon với nước ép dưa hấu nguyên chất, không đường và tươi mỗi ngày.",39000,3,0,0,Quận 1,Hồ Chí Minh,4.7,60,Cà Phê/Trà,189,10.77439022064209,106.69789123535156,49000
29034,Cafe Tonkin Cottage - Lý Tự Trọng,Nước ép Củ Dền tươi,"Lựa chọn healthy và thơm ngon với nước ép củ dền nguyên chất, không đường và tươi mỗi ngày.",39000,0,0,0,Quận 1,Hồ Chí Minh,4.7,60,Cà Phê/Trà,189,10.77439022064209,106.69789123535156,49000
29034,Cafe Tonkin Cottage - Lý Tự Trọng,Nước ép thơm (dứa) tươi,"Lựa chọn healthy và thơm ngon với nước ép thơm (dứa) nguyên chất, không đường và tươi mỗi ngày.",49000,5,0,0,Quận 1,Hồ Chí Minh,4.7,60,Cà Phê/Trà,189,10.77439022064209,106.69789123535156,49000
29034,Cafe Tonkin Cottage - Lý Tự Trọng,Cam ô mai (xí muội),"Không dùng đường, vị ngọt tự nhiên của cam tươi trong ngày hoà quyện với hương vị độc đáo của ô mai (xí muội) Hàng Đường (Hà Nội) tạo ra ly Cam Ô Mai độc đáo riêng có tại Tonkin Cottage.",49000,5,0,0,Quận 1,Hồ Chí Minh,4.7,60,Cà Phê/Trà,189,10.77439022064209,106.69789123535156,49000
29034,Cafe Tonkin Cottage - Lý Tự Trọng,Dưa hấu chanh hạt chia,"Lựa chọn healthy & thơm ngon với nước ép dưa hấu nguyên chất mix cùng chanh tươi và hạt chia, hoàn toàn không đường.",49000,4,0,0,Quận 1,Hồ Chí Minh,4.7,60,Cà Phê/Trà,189,10.77439022064209,106.69789123535156,49000
29034,Cafe Tonkin Cottage - Lý Tự Trọng,Chocolate,Chocolate thượng hạng với topping mashmallow được caramelize tạo ra một hương vị ngậy béo vô cùng đặc biệt.,49000,8,0,0,Quận 1,Hồ Chí Minh,4.7,60,Cà Phê/Trà,189,10.77439022064209,106.69789123535156,49000
29034,Cafe Tonkin Cottage - Lý Tự Trọng,Chocolate sữa dừa,Chocolate được mix chung với Sữa dừa thơm béo & topping dừa khô giòn tan.,59000,2,0,0,Quận 1,Hồ Chí Minh,4.7,60,Cà Phê/Trà,189,10.77439022064209,106.69789123535156,49000
29034,Cafe Tonkin Cottage - Lý Tự Trọng,SALTED EGG CROISSANT - Bánh sừng bò trứng muối,"Bánh ngon lắm, các bạn thử đi nhé. Có ngày bán bánh còn nhiều hơn cả bán cafe :( Quán không biết nên vui hay buồn nữa ạ.",39000,152,2,0,Quận 1,Hồ Chí Minh,4.7,60,Cà Phê/Trà,189,10.77439022064209,106.69789123535156,49000
29034,Cafe Tonkin Cottage - Lý Tự Trọng,Trà tắc (quất) hoa lài Hà Nội,Một góc phố mùa hè Hà Nội gói gọn trong một ly trà tắc (quất) đậm vị và ngát hương lài.,29000,4,0,0,Quận 1,Hồ Chí Minh,4.7,60,Cà Phê/Trà,189,10.77439022064209,106.69789123535156,49000
